run_id,layer,source_kind,source_object,target_object,rows_read,rows_written,duplicate_key_count,null_primary_key_count,recorded_at,job_run_id
07fa68f9-302a-43d6-af05-dda30fd994ab,ARCHIVE,ARCHIVE_FILE,Files/archive_unzipped/2026-08-15/offer.csv,archived.offer,1683,1683,0.0,,2026-08-16 00:05:01.816406,
82280c66-1889-4504-94e1-7a9cdb65647f,ARCHIVE,ARCHIVE_FILE,Files/archive_unzipped/2026-08-18/offer.csv,archived.offer,1745,1745,0.0,,2026-08-19 00:07:21.150276,
8e9ad3b7-6f21-43df-b0a1-71629190518b,ARCHIVE,ARCHIVE_FILE,Files/archive_unzipped/2026-08-14/offer.csv,archived.offer,1683,1683,0.0,,2026-08-15 00:18:36.626024,
6a814daa-4885-49b9-abf9-4ee9a752a587,ARCHIVE,ARCHIVE_FILE,Files/archive_unzipped/2026-08-12/offer.csv,archived.offer,1627,1627,0.0,,2026-08-13 00:16:02.753443,
f7f015a2-e718-4fc7-ab1c-062e743d94c8,ARCHIVE,ARCHIVE_FILE,Files/archive_unzipped/2026-08-10/offer.csv,archived.offer,1546,1546,0.0,,2026-08-11 00:17:41.531775,
c5693a5c-6ecc-4bb6-83fb-45656a89dc70,ARCHIVE,ARCHIVE_FILE,Files/archive_unzipped/2026-08-03/offer.csv,archived.offer,1456,1456,0.0,,2026-08-06 15:01:08.967926,
c2a3ce17-f3df-4809-a0eb-181fb745139e,SILVER,ARCHIVE,archived.referral_provider_decline_reason,silver_archive.slv_referral_referral_provider_decline_reason,203312,203312,,,2026-08-03 22:35:21.079266,
8384f3fd-d320-4530-bc69-530789fba495,SILVER,LATEST,bronze.provider_home_spot_category,silver.slv_provider_home_spot_category,1634,1634,0.0,,2026-08-16 11:28:43.424621,
6c898cf7-9d0d-4c1b-9f39-46a2bf25acd8,SILVER,LATEST,bronze.provider_home_spot_category,silver.slv_provider_home_spot_category,1531,1531,0.0,,2026-08-04 13:10:19.334775,
ad3955df-1bd4-4ab2-b48c-83b0dfdf54a1,SILVER,ARCHIVE_MONTH_END,archived.foster_transport,silver.slv_foster_transport,31,31,0.0,,2026-08-20 09:57:02.229881,
10b2023d-51a0-48c6-828f-9e0fc96c49c6,SILVER,ARCHIVE_MONTH_END,archived.foster_transport,silver.slv_foster_transport,25,25,0.0,,2026-08-20 07:47:55.005726,
c5693a5c-6ecc-4bb6-83fb-45656a89dc70,ARCHIVE,ARCHIVE_FILE,Files/archive_unzipped/2026-05-30/offer.csv,archived.offer,309,309,0.0,,2026-08-06 14:39:31.304796,
b8741d57-b7d4-48ea-be4a-8f820b3ccada,SILVER,ARCHIVE_MONTH_END,archived.holding_company,silver.slv_holding_company,606,606,0.0,,2026-08-05 16:34:22.200343,
8d44d03e-b128-47a7-95b9-1db889b71c93,SILVER,ARCHIVE_MONTH_END,archived.holding_company,silver.slv_holding_company,476,476,0.0,,2026-08-06 21:23:14.683671,
bd45fedb-2ec9-4318-b19b-b63ac5b8d2d3,SILVER,ARCHIVE_MONTH_END,archived.holding_company,silver.slv_holding_company,476,476,0.0,,2026-08-19 09:42:29.255426,
6b7d4b98-0f12-4efe-8c79-7680ae979f28,SILVER,ARCHIVE_MONTH_END,archived.holding_company,silver.slv_holding_company,606,606,0.0,,2026-08-05 15:48:10.902042,
5ed96198-ddf1-49fb-95ea-1521ffd97971,SILVER,ARCHIVE_MONTH_END,archived.holding_company,silver.slv_holding_company,476,476,0.0,,2026-08-16 15:04:37.657977,
574223db-5a5e-4c8a-8bc4-a2e1f4664151,SILVER,ARCHIVE_MONTH_END,archived.holding_company,silver.slv_holding_company,476,476,0.0,,2026-08-18 10:03:28.734416,
10b2023d-51a0-48c6-828f-9e0fc96c49c6,SILVER,ARCHIVE_MONTH_END,archived.referral_person,silver.slv_referral_person,546,546,0.0,,2026-08-20 07:35:46.368240,
32478996-e44a-496f-bbeb-db401fb4962e,SILVER,ARCHIVE_MONTH_END,archived.holding_company,silver.slv_holding_company,476,476,0.0,,2026-08-12 22:31:11.798138,
ad3955df-1bd4-4ab2-b48c-83b0dfdf54a1,SILVER,ARCHIVE_MONTH_END,archived.referral_person,silver.slv_referral_person,683,683,0.0,,2026-08-20 09:47:55.005728,
da5fbf8d-9b8f-4d95-b8f9-f83ae65926c8,SILVER,ARCHIVE_MONTH_END,archived.holding_company,silver.slv_holding_company,476,476,0.0,,2026-08-12 21:12:01.236795,
9e12a2ba-253f-4f84-a662-c39f8ec708f1,SILVER,ARCHIVE_MONTH_END,archived.holding_company,silver.slv_holding_company,476,476,0.0,,2026-08-16 14:51:13.046019,
89d91bd3-1b17-4e3b-8868-7eafba79e9e5,SILVER,ARCHIVE_MONTH_END,archived.holding_company,silver.slv_holding_company,476,476,0.0,,2026-08-16 14:26:28.647392,
ad3955df-1bd4-4ab2-b48c-83b0dfdf54a1,SILVER,ARCHIVE_MONTH_END,archived.holding_company,silver.slv_holding_company,682,682,0.0,,2026-08-20 09:46:00.292796,
6b7d4b98-0f12-4efe-8c79-7680ae979f28,SILVER,ARCHIVE_MONTH_END,archived.referral_person,silver.slv_referral_person,229,229,0.0,,2026-08-05 15:54:48.948666,
99a4d35f-574f-477e-aaf4-15681100f9ce,SILVER,ARCHIVE_MONTH_END,archived.holding_company,silver.slv_holding_company,553,553,0.0,,2026-08-19 15:50:18.260717,
91566f2f-f4e5-489f-be9f-dca931de3857,SILVER,ARCHIVE_MONTH_END,archived.holding_company,silver.slv_holding_company,606,606,0.0,,2026-08-19 21:20:38.133867,
c2a3ce17-f3df-4809-a0eb-181fb745139e,SILVER,ARCHIVE,archived.referral_provider_cancel_reason,silver_archive.slv_referral_referral_provider_cancel_reason,307140,307140,,,2026-08-03 22:35:03.837875,
91566f2f-f4e5-489f-be9f-dca931de3857,SILVER,ARCHIVE_MONTH_END,archived.referral_person,silver.slv_referral_person,229,229,0.0,,2026-08-19 21:22:36.099666,
6b7d4b98-0f12-4efe-8c79-7680ae979f28,SILVER,ARCHIVE_MONTH_END,archived.holding_company,silver.slv_holding_company,606,606,0.0,,2026-08-05 15:06:14.789176,
5493dec2-467d-4993-8ad0-e2930151fd9b,SILVER,ARCHIVE_MONTH_END,archived.holding_company,silver.slv_holding_company,476,476,0.0,,2026-08-16 20:29:06.050703,
f7f015a2-e718-4fc7-ab1c-062e743d94c8,ARCHIVE,ARCHIVE_FILE,Files/archive_unzipped/2026-08-10/referral_provider_decline_reason.csv,archived.referral_provider_decline_reason,13754,13754,0.0,,2026-08-11 00:11:00.492519,
c7a29ef4-9841-48cb-adc3-bc465080d157,ARCHIVE,ARCHIVE_FILE,Files/archive_unzipped/2026-08-06/referral_provider_decline_reason.csv,archived.referral_provider_decline_reason,13008,13008,0.0,,2026-08-07 00:17:26.955685,
c5693a5c-6ecc-4bb6-83fb-45656a89dc70,ARCHIVE,ARCHIVE_FILE,Files/archive_unzipped/2026-08-02/referral_provider_decline_reason.csv,archived.referral_provider_decline_reason,11569,11569,0.0,,2026-08-06 14:36:18.450883,
3a127efd-272b-4984-8a6f-a5933040572d,ARCHIVE,ARCHIVE_FILE,Files/archive_unzipped/2026-08-16/referral_provider_decline_reason.csv,archived.referral_provider_decline_reason,15161,15161,0.0,,2026-08-17 00:10:11.181543,
6a814daa-4885-49b9-abf9-4ee9a752a587,ARCHIVE,ARCHIVE_FILE,Files/archive_unzipped/2026-08-12/referral_provider_decline_reason.csv,archived.referral_provider_decline_reason,14457,14457,0.0,,2026-08-13 00:21:36.916629,
c5693a5c-6ecc-4bb6-83fb-45656a89dc70,ARCHIVE,ARCHIVE_FILE,Files/archive_unzipped/2026-08-03/referral_provider_decline_reason.csv,archived.referral_provider_decline_reason,12028,12028,0.0,,2026-08-06 13:17:44.336290,
7b7d28bb-9887-46eb-97f3-8c5f747bb4c8,ARCHIVE,ARCHIVE_FILE,Files/archive_unzipped/2026-08-09/referral_provider_decline_reason.csv,archived.referral_provider_decline_reason,13378,13378,0.0,,2026-08-10 00:06:01.914163,
c5693a5c-6ecc-4bb6-83fb-45656a89dc70,ARCHIVE,ARCHIVE_FILE,Files/archive_unzipped/2026-08-01/referral_provider_decline_reason.csv,archived.referral_provider_decline_reason,11565,11565,0.0,,2026-08-06 14:58:20.070456,
93ca2362-c310-4c20-97f0-8a2bb72a22d3,ARCHIVE,ARCHIVE_FILE,Files/archive_unzipped/2026-08-17/referral_provider_decline_reason.csv,archived.referral_provider_decline_reason,15408,15408,0.0,,2026-08-18 00:17:37.089952,
c5693a5c-6ecc-4bb6-83fb-45656a89dc70,ARCHIVE,ARCHIVE_FILE,Files/archive_unzipped/2026-08-05/referral_provider_decline_reason.csv,archived.referral_provider_decline_reason,12677,12677,0.0,,2026-08-06 13:20:30.852035,
c5693a5c-6ecc-4bb6-83fb-45656a89dc70,ARCHIVE,ARCHIVE_FILE,Files/archive_unzipped/2026-08-04/referral_provider_decline_reason.csv,archived.referral_provider_decline_reason,12283,12283,0.0,,2026-08-06 13:39:41.459037,
c5693a5c-6ecc-4bb6-83fb-45656a89dc70,ARCHIVE,ARCHIVE_FILE,Files/archive_unzipped/2026-07-31/referral_provider_decline_reason.csv,archived.referral_provider_decline_reason,11565,11565,0.0,,2026-08-06 14:19:48.341116,
07fa68f9-302a-43d6-af05-dda30fd994ab,ARCHIVE,ARCHIVE_FILE,Files/archive_unzipped/2026-08-15/referral_provider_decline_reason.csv,archived.referral_provider_decline_reason,15136,15136,0.0,,2026-08-16 00:20:00.221002,
41135375-8ada-45d8-a9bb-fa196b0f5472,ARCHIVE,ARCHIVE_FILE,Files/archive_unzipped/2026-08-07/referral_provider_decline_reason.csv,archived.referral_provider_decline_reason,13366,13366,0.0,,2026-08-08 00:08:41.330247,
1a484b8a-0967-4aa9-9302-6de8279251eb,ARCHIVE,ARCHIVE_FILE,Files/archive_unzipped/2026-08-13/referral_provider_decline_reason.csv,archived.referral_provider_decline_reason,14796,14796,0.0,,2026-08-14 00:10:17.625767,
fbbe4d39-8ffc-4453-88ad-29fda3187b10,ARCHIVE,ARCHIVE_FILE,Files/archive_unzipped/2026-08-11/referral_provider_decline_reason.csv,archived.referral_provider_decline_reason,14124,14124,0.0,,2026-08-12 00:21:25.808846,
82280c66-1889-4504-94e1-7a9cdb65647f,ARCHIVE,ARCHIVE_FILE,Files/archive_unzipped/2026-08-18/referral_provider_decline_reason.csv,archived.referral_provider_decline_reason,15894,15894,0.0,,2026-08-19 00:04:22.847063,
4d06aeac-915a-4409-a283-4d7b0fbbd16a,ARCHIVE,ARCHIVE_FILE,Files/archive_unzipped/2026-08-08/referral_provider_decline_reason.csv,archived.referral_provider_decline_reason,13370,13370,0.0,,2026-08-09 00:15:57.879334,
2fb28764-6a12-49b9-8bdc-b8366aa21fd5,ARCHIVE,ARCHIVE_FILE,Files/archive_unzipped/2026-08-19/referral_provider_decline_reason.csv,archived.referral_provider_decline_reason,16148,16148,0.0,,2026-08-20 00:07:32.594238,
c5693a5c-6ecc-4bb6-83fb-45656a89dc70,ARCHIVE,ARCHIVE_FILE,Files/archive_unzipped/2026-07-30/referral_provider_decline_reason.csv,archived.referral_provider_decline_reason,11359,11359,0.0,,2026-08-06 14:49:47.959454,
8e9ad3b7-6f21-43df-b0a1-71629190518b,ARCHIVE,ARCHIVE_FILE,Files/archive_unzipped/2026-08-14/referral_provider_decline_reason.csv,archived.referral_provider_decline_reason,15136,15136,0.0,,2026-08-15 00:16:43.303895,
4096e6a2-b8c3-4f52-b538-2f478426abc7,ARCHIVE,ARCHIVE_FILE,Files/archive_unzipped/2026-08-20/referral_provider_decline_reason.csv,archived.referral_provider_decline_reason,16469,16469,0.0,,2026-08-21 00:09:56.848843,
c5693a5c-6ecc-4bb6-83fb-45656a89dc70,ARCHIVE,ARCHIVE_FILE,Files/archive_unzipped/2026-05-30/referral_provider_decline_reason.csv,archived.referral_provider_decline_reason,925,925,0.0,,2026-08-06 14:09:21.334220,
8e9ad3b7-6f21-43df-b0a1-71629190518b,ARCHIVE,ARCHIVE_FILE,Files/archive_unzipped/2026-08-14/referral_provider_cancel_reason.csv,archived.referral_provider_cancel_reason,24720,24720,0.0,,2026-08-15 00:17:13.833512,
82280c66-1889-4504-94e1-7a9cdb65647f,ARCHIVE,ARCHIVE_FILE,Files/archive_unzipped/2026-08-18/referral_provider_cancel_reason.csv,archived.referral_provider_cancel_reason,27987,27987,0.0,,2026-08-19 00:13:01.252813,
fbbe4d39-8ffc-4453-88ad-29fda3187b10,ARCHIVE,ARCHIVE_FILE,Files/archive_unzipped/2026-08-11/referral_provider_cancel_reason.csv,archived.referral_provider_cancel_reason,22864,22864,0.0,,2026-08-12 00:11:50.880635,
6a814daa-4885-49b9-abf9-4ee9a752a587,ARCHIVE,ARCHIVE_FILE,Files/archive_unzipped/2026-08-12/referral_provider_cancel_reason.csv,archived.referral_provider_cancel_reason,23910,23910,0.0,,2026-08-13 00:11:25.152827,
2fb28764-6a12-49b9-8bdc-b8366aa21fd5,ARCHIVE,ARCHIVE_FILE,Files/archive_unzipped/2026-08-19/referral_provider_cancel_reason.csv,archived.referral_provider_cancel_reason,30177,30177,0.0,,2026-08-20 00:16:05.546146,
c5693a5c-6ecc-4bb6-83fb-45656a89dc70,ARCHIVE,ARCHIVE_FILE,Files/archive_unzipped/2026-08-04/referral_provider_cancel_reason.csv,archived.referral_provider_cancel_reason,18339,18339,0.0,,2026-08-06 13:18:14.201321,
c5693a5c-6ecc-4bb6-83fb-45656a89dc70,ARCHIVE,ARCHIVE_FILE,Files/archive_unzipped/2026-08-05/referral_provider_cancel_reason.csv,archived.referral_provider_cancel_reason,19299,19299,0.0,,2026-08-06 13:33:59.720434,
1a484b8a-0967-4aa9-9302-6de8279251eb,ARCHIVE,ARCHIVE_FILE,Files/archive_unzipped/2026-08-13/referral_provider_cancel_reason.csv,archived.referral_provider_cancel_reason,24469,24469,0.0,,2026-08-14 00:17:47.380435,
c5693a5c-6ecc-4bb6-83fb-45656a89dc70,ARCHIVE,ARCHIVE_FILE,Files/archive_unzipped/2026-07-30/referral_provider_cancel_reason.csv,archived.referral_provider_cancel_reason,17058,17058,0.0,,2026-08-06 13:57:51.742331,
574223db-5a5e-4c8a-8bc4-a2e1f4664151,SILVER,ARCHIVE_MONTH_END,archived.provider_home_spot_category,silver.slv_provider_home_spot_category,1032,1032,0.0,,2026-08-18 10:08:46.061664,
5ed96198-ddf1-49fb-95ea-1521ffd97971,SILVER,ARCHIVE_MONTH_END,archived.provider_home_spot_category,silver.slv_provider_home_spot_category,1032,1032,0.0,,2026-08-16 15:07:40.956057,
ad3955df-1bd4-4ab2-b48c-83b0dfdf54a1,SILVER,ARCHIVE_MONTH_END,archived.provider_home_spot_category,silver.slv_provider_home_spot_category,1680,1680,0.0,,2026-08-20 09:53:47.414073,
5493dec2-467d-4993-8ad0-e2930151fd9b,SILVER,ARCHIVE_MONTH_END,archived.provider_home_spot_category,silver.slv_provider_home_spot_category,1032,1032,0.0,,2026-08-16 20:32:37.669095,
da5fbf8d-9b8f-4d95-b8f9-f83ae65926c8,SILVER,ARCHIVE_MONTH_END,archived.provider_home_spot_category,silver.slv_provider_home_spot_category,1032,1032,0.0,,2026-08-12 21:18:03.516196,
6b7d4b98-0f12-4efe-8c79-7680ae979f28,SILVER,ARCHIVE_MONTH_END,archived.provider_home_spot_category,silver.slv_provider_home_spot_category,1300,1300,0.0,,2026-08-05 15:53:40.378482,
32478996-e44a-496f-bbeb-db401fb4962e,SILVER,ARCHIVE_MONTH_END,archived.provider_home_spot_category,silver.slv_provider_home_spot_category,1032,1032,0.0,,2026-08-12 22:34:58.953646,
10b2023d-51a0-48c6-828f-9e0fc96c49c6,SILVER,ARCHIVE_MONTH_END,archived.provider_home_spot_category,silver.slv_provider_home_spot_category,1531,1531,0.0,,2026-08-20 07:42:47.055454,
6b7d4b98-0f12-4efe-8c79-7680ae979f28,SILVER,ARCHIVE_MONTH_END,archived.provider_home_spot_category,silver.slv_provider_home_spot_category,1300,1300,0.0,,2026-08-05 15:12:23.298464,
c5693a5c-6ecc-4bb6-83fb-45656a89dc70,ARCHIVE,ARCHIVE_FILE,Files/archive_unzipped/2026-08-03/foster_transport.csv,archived.foster_transport,25,25,0.0,,2026-08-06 13:41:43.984066,
3a127efd-272b-4984-8a6f-a5933040572d,ARCHIVE,ARCHIVE_FILE,Files/archive_unzipped/2026-08-16/foster_transport.csv,archived.foster_transport,28,28,0.0,,2026-08-17 00:04:14.484335,
c5693a5c-6ecc-4bb6-83fb-45656a89dc70,ARCHIVE,ARCHIVE_FILE,Files/archive_unzipped/2026-08-02/foster_transport.csv,archived.foster_transport,25,25,0.0,,2026-08-06 14:31:01.319641,
c5693a5c-6ecc-4bb6-83fb-45656a89dc70,ARCHIVE,ARCHIVE_FILE,Files/archive_unzipped/2026-07-31/foster_transport.csv,archived.foster_transport,25,25,0.0,,2026-08-06 13:38:44.445905,
4096e6a2-b8c3-4f52-b538-2f478426abc7,ARCHIVE,ARCHIVE_FILE,Files/archive_unzipped/2026-08-20/foster_transport.csv,archived.foster_transport,31,31,0.0,,2026-08-21 00:07:39.287500,
c5693a5c-6ecc-4bb6-83fb-45656a89dc70,ARCHIVE,ARCHIVE_FILE,Files/archive_unzipped/2026-07-30/foster_transport.csv,archived.foster_transport,25,25,0.0,,2026-08-06 14:46:52.013446,
93ca2362-c310-4c20-97f0-8a2bb72a22d3,ARCHIVE,ARCHIVE_FILE,Files/archive_unzipped/2026-08-17/foster_transport.csv,archived.foster_transport,29,29,0.0,,2026-08-18 00:08:49.509453,
1a484b8a-0967-4aa9-9302-6de8279251eb,ARCHIVE,ARCHIVE_FILE,Files/archive_unzipped/2026-08-13/foster_transport.csv,archived.foster_transport,28,28,0.0,,2026-08-14 00:08:37.658804,
c5693a5c-6ecc-4bb6-83fb-45656a89dc70,ARCHIVE,ARCHIVE_FILE,Files/archive_unzipped/2026-08-05/foster_transport.csv,archived.foster_transport,25,25,0.0,,2026-08-06 13:25:37.303343,
c7a29ef4-9841-48cb-adc3-bc465080d157,ARCHIVE,ARCHIVE_FILE,Files/archive_unzipped/2026-08-06/foster_transport.csv,archived.foster_transport,26,26,0.0,,2026-08-07 00:17:03.423398,
2fb28764-6a12-49b9-8bdc-b8366aa21fd5,ARCHIVE,ARCHIVE_FILE,Files/archive_unzipped/2026-08-19/foster_transport.csv,archived.foster_transport,31,31,0.0,,2026-08-20 00:16:31.026238,
41135375-8ada-45d8-a9bb-fa196b0f5472,ARCHIVE,ARCHIVE_FILE,Files/archive_unzipped/2026-08-07/foster_transport.csv,archived.foster_transport,27,27,0.0,,2026-08-08 00:14:53.579094,
c5693a5c-6ecc-4bb6-83fb-45656a89dc70,ARCHIVE,ARCHIVE_FILE,Files/archive_unzipped/2026-08-01/foster_transport.csv,archived.foster_transport,25,25,0.0,,2026-08-06 14:57:07.567622,
6a814daa-4885-49b9-abf9-4ee9a752a587,ARCHIVE,ARCHIVE_FILE,Files/archive_unzipped/2026-08-12/foster_transport.csv,archived.foster_transport,28,28,0.0,,2026-08-13 00:17:05.449252,
fbbe4d39-8ffc-4453-88ad-29fda3187b10,ARCHIVE,ARCHIVE_FILE,Files/archive_unzipped/2026-08-11/foster_transport.csv,archived.foster_transport,28,28,0.0,,2026-08-12 00:09:01.156254,
07fa68f9-302a-43d6-af05-dda30fd994ab,ARCHIVE,ARCHIVE_FILE,Files/archive_unzipped/2026-08-15/foster_transport.csv,archived.foster_transport,28,28,0.0,,2026-08-16 00:09:21.251507,
4d06aeac-915a-4409-a283-4d7b0fbbd16a,ARCHIVE,ARCHIVE_FILE,Files/archive_unzipped/2026-08-08/foster_transport.csv,archived.foster_transport,27,27,0.0,,2026-08-09 00:09:16.401836,
82280c66-1889-4504-94e1-7a9cdb65647f,ARCHIVE,ARCHIVE_FILE,Files/archive_unzipped/2026-08-18/foster_transport.csv,archived.foster_transport,30,30,0.0,,2026-08-19 00:13:56.903741,
c5693a5c-6ecc-4bb6-83fb-45656a89dc70,ARCHIVE,ARCHIVE_FILE,Files/archive_unzipped/2026-08-04/foster_transport.csv,archived.foster_transport,25,25,0.0,,2026-08-06 13:13:47.703944,
7b7d28bb-9887-46eb-97f3-8c5f747bb4c8,ARCHIVE,ARCHIVE_FILE,Files/archive_unzipped/2026-08-09/foster_transport.csv,archived.foster_transport,27,27,0.0,,2026-08-10 00:05:34.237201,
f7f015a2-e718-4fc7-ab1c-062e743d94c8,ARCHIVE,ARCHIVE_FILE,Files/archive_unzipped/2026-08-10/foster_transport.csv,archived.foster_transport,27,27,0.0,,2026-08-11 00:07:35.089029,
8e9ad3b7-6f21-43df-b0a1-71629190518b,ARCHIVE,ARCHIVE_FILE,Files/archive_unzipped/2026-08-14/foster_transport.csv,archived.foster_transport,28,28,0.0,,2026-08-15 00:12:07.759979,
fbbe4d39-8ffc-4453-88ad-29fda3187b10,ARCHIVE,ARCHIVE_FILE,Files/archive_unzipped/2026-08-11/referral_person.csv,archived.referral_person,616,616,0.0,,2026-08-12 00:05:32.854405,
7b7d28bb-9887-46eb-97f3-8c5f747bb4c8,ARCHIVE,ARCHIVE_FILE,Files/archive_unzipped/2026-08-09/referral_person.csv,archived.referral_person,592,592,0.0,,2026-08-10 00:12:14.219855,
41135375-8ada-45d8-a9bb-fa196b0f5472,ARCHIVE,ARCHIVE_FILE,Files/archive_unzipped/2026-08-07/referral_person.csv,archived.referral_person,592,592,0.0,,2026-08-08 00:10:22.472187,
c5693a5c-6ecc-4bb6-83fb-45656a89dc70,ARCHIVE,ARCHIVE_FILE,Files/archive_unzipped/2026-05-30/holding_company.csv,archived.holding_company,553,553,0.0,,2026-08-06 14:30:13.905258,
3a127efd-272b-4984-8a6f-a5933040572d,ARCHIVE,ARCHIVE_FILE,Files/archive_unzipped/2026-08-16/referral_person.csv,archived.referral_person,650,650,0.0,,2026-08-17 00:14:08.279842,
2fb28764-6a12-49b9-8bdc-b8366aa21fd5,ARCHIVE,ARCHIVE_FILE,Files/archive_unzipped/2026-08-19/holding_company.csv,archived.holding_company,682,682,0.0,,2026-08-20 00:08:48.378951,
c5693a5c-6ecc-4bb6-83fb-45656a89dc70,ARCHIVE,ARCHIVE_FILE,Files/archive_unzipped/2026-07-31/holding_company.csv,archived.holding_company,654,654,0.0,,2026-08-06 14:59:06.424906,
1a484b8a-0967-4aa9-9302-6de8279251eb,ARCHIVE,ARCHIVE_FILE,Files/archive_unzipped/2026-08-13/holding_company.csv,archived.holding_company,674,674,0.0,,2026-08-14 00:17:14.700742,
c5693a5c-6ecc-4bb6-83fb-45656a89dc70,ARCHIVE,ARCHIVE_FILE,Files/archive_unzipped/2026-08-01/holding_company.csv,archived.holding_company,654,654,0.0,,2026-08-06 14:22:38.349252,
4096e6a2-b8c3-4f52-b538-2f478426abc7,ARCHIVE,ARCHIVE_FILE,Files/archive_unzipped/2026-08-20/holding_company.csv,archived.holding_company,684,684,0.0,,2026-08-21 00:06:34.681150,
fbbe4d39-8ffc-4453-88ad-29fda3187b10,ARCHIVE,ARCHIVE_FILE,Files/archive_unzipped/2026-08-11/holding_company.csv,archived.holding_company,671,671,0.0,,2026-08-12 00:06:12.532709,
c7a29ef4-9841-48cb-adc3-bc465080d157,ARCHIVE,ARCHIVE_FILE,Files/archive_unzipped/2026-08-06/referral_person.csv,archived.referral_person,583,583,0.0,,2026-08-07 00:04:50.522366,
07fa68f9-302a-43d6-af05-dda30fd994ab,ARCHIVE,ARCHIVE_FILE,Files/archive_unzipped/2026-08-15/holding_company.csv,archived.holding_company,678,678,0.0,,2026-08-16 00:21:08.452545,
f7f015a2-e718-4fc7-ab1c-062e743d94c8,ARCHIVE,ARCHIVE_FILE,Files/archive_unzipped/2026-08-10/referral_person.csv,archived.referral_person,606,606,0.0,,2026-08-11 00:12:00.595720,
4a4bbcc2-6c72-4e33-b176-b324b2fb7719,SILVER,ARCHIVE,archived.referral_provider_decline_reason,silver.slv_referral_provider_decline_reason,2894,2894,0.0,,2026-08-04 22:22:43.232037,
4a4bbcc2-6c72-4e33-b176-b324b2fb7719,SILVER,ARCHIVE,archived.referral_provider_decline_reason,silver.slv_referral_provider_decline_reason,2648,2648,0.0,,2026-08-04 22:11:05.750821,
4a4bbcc2-6c72-4e33-b176-b324b2fb7719,SILVER,ARCHIVE,archived.referral_provider_decline_reason,silver.slv_referral_provider_decline_reason,2728,2728,0.0,,2026-08-04 22:16:45.458100,
4a4bbcc2-6c72-4e33-b176-b324b2fb7719,SILVER,ARCHIVE,archived.referral_provider_decline_reason,silver.slv_referral_provider_decline_reason,2997,2997,0.0,,2026-08-04 22:28:10.465060,
c5693a5c-6ecc-4bb6-83fb-45656a89dc70,ARCHIVE,ARCHIVE_FILE,Files/archive_unzipped/2026-05-30/referral_person.csv,archived.referral_person,79,79,0.0,,2026-08-06 13:38:21.841289,
10b2023d-51a0-48c6-828f-9e0fc96c49c6,SILVER,ARCHIVE_MONTH_END,archived.referral_provider_message,silver.slv_referral_provider_message,3711,3711,0.0,,2026-08-20 07:45:00.305243,
6b7d4b98-0f12-4efe-8c79-7680ae979f28,SILVER,ARCHIVE_MONTH_END,archived.referral_provider_message,silver.slv_referral_provider_message,1512,1512,0.0,,2026-08-05 15:15:22.263485,
ad3955df-1bd4-4ab2-b48c-83b0dfdf54a1,SILVER,ARCHIVE_MONTH_END,archived.referral_provider_message,silver.slv_referral_provider_message,4850,4850,0.0,,2026-08-20 09:55:10.538353,
bd45fedb-2ec9-4318-b19b-b63ac5b8d2d3,SILVER,ARCHIVE_MONTH_END,archived.referral_provider_message,silver.slv_referral_provider_message,1512,1512,0.0,,2026-08-19 10:27:00.929162,
91566f2f-f4e5-489f-be9f-dca931de3857,SILVER,ARCHIVE_MONTH_END,archived.referral_provider_message,silver.slv_referral_provider_message,1512,1512,0.0,,2026-08-19 21:29:11.916823,
b8741d57-b7d4-48ea-be4a-8f820b3ccada,SILVER,ARCHIVE_MONTH_END,archived.referral_provider_message,silver.slv_referral_provider_message,1512,1512,0.0,,2026-08-05 16:46:40.443313,
6b7d4b98-0f12-4efe-8c79-7680ae979f28,SILVER,ARCHIVE_MONTH_END,archived.referral_provider_message,silver.slv_referral_provider_message,1512,1512,0.0,,2026-08-05 15:56:26.370075,
bd45fedb-2ec9-4318-b19b-b63ac5b8d2d3,SILVER,ARCHIVE_MONTH_END,archived.referral_provider_message,silver.slv_referral_provider_message,633,633,0.0,,2026-08-19 10:04:15.409638,
99a4d35f-574f-477e-aaf4-15681100f9ce,SILVER,ARCHIVE_MONTH_END,archived.referral_provider_message,silver.slv_referral_provider_message,633,633,0.0,,2026-08-19 15:57:59.417852,
4a4bbcc2-6c72-4e33-b176-b324b2fb7719,SILVER,ARCHIVE,archived.referral_provider_cancel_reason,silver.slv_referral_provider_cancel_reason,5665,5665,0.0,,2026-08-04 22:10:33.712477,
4d06aeac-915a-4409-a283-4d7b0fbbd16a,ARCHIVE,ARCHIVE_FILE,Files/archive_unzipped/2026-08-08/additional_fee.csv,archived.additional_fee,285,285,0.0,,2026-08-09 00:04:56.100758,
c7a29ef4-9841-48cb-adc3-bc465080d157,ARCHIVE,ARCHIVE_FILE,Files/archive_unzipped/2026-08-06/additional_fee.csv,archived.additional_fee,281,281,0.0,,2026-08-07 00:09:01.022101,
c5693a5c-6ecc-4bb6-83fb-45656a89dc70,ARCHIVE,ARCHIVE_FILE,Files/archive_unzipped/2026-08-03/additional_fee.csv,archived.additional_fee,263,263,0.0,,2026-08-06 14:21:25.620749,
3a127efd-272b-4984-8a6f-a5933040572d,ARCHIVE,ARCHIVE_FILE,Files/archive_unzipped/2026-08-16/additional_fee.csv,archived.additional_fee,318,318,0.0,,2026-08-17 00:10:57.666257,
c5693a5c-6ecc-4bb6-83fb-45656a89dc70,ARCHIVE,ARCHIVE_FILE,Files/archive_unzipped/2026-04-30/provider_home_gender.csv,archived.provider_home_gender,1667,1667,0.0,,2026-08-06 14:32:41.575162,
7b7d28bb-9887-46eb-97f3-8c5f747bb4c8,ARCHIVE,ARCHIVE_FILE,Files/archive_unzipped/2026-08-09/provider_home_gender.csv,archived.provider_home_gender,2348,2348,0.0,,2026-08-10 00:05:08.122354,
41135375-8ada-45d8-a9bb-fa196b0f5472,ARCHIVE,ARCHIVE_FILE,Files/archive_unzipped/2026-08-07/provider_home_gender.csv,archived.provider_home_gender,2348,2348,0.0,,2026-08-08 00:14:25.315130,
99a4d35f-574f-477e-aaf4-15681100f9ce,SILVER,ARCHIVE_MONTH_END,archived.referral_provider_cancel_reason,silver.slv_referral_provider_cancel_reason,1924,1924,0.0,,2026-08-19 15:57:10.723490,
6b7d4b98-0f12-4efe-8c79-7680ae979f28,SILVER,ARCHIVE_MONTH_END,archived.referral_provider_cancel_reason,silver.slv_referral_provider_cancel_reason,5665,5665,0.0,,2026-08-05 15:14:33.989889,
6b7d4b98-0f12-4efe-8c79-7680ae979f28,SILVER,ARCHIVE_MONTH_END,archived.referral_provider_cancel_reason,silver.slv_referral_provider_cancel_reason,5665,5665,0.0,,2026-08-05 15:55:38.984895,
bd45fedb-2ec9-4318-b19b-b63ac5b8d2d3,SILVER,ARCHIVE_MONTH_END,archived.referral_provider_cancel_reason,silver.slv_referral_provider_cancel_reason,5665,5665,0.0,,2026-08-19 10:26:04.178383,
91566f2f-f4e5-489f-be9f-dca931de3857,SILVER,ARCHIVE_MONTH_END,archived.referral_provider_cancel_reason,silver.slv_referral_provider_cancel_reason,5665,5665,0.0,,2026-08-19 21:28:18.905606,
b8741d57-b7d4-48ea-be4a-8f820b3ccada,SILVER,ARCHIVE_MONTH_END,archived.referral_provider_cancel_reason,silver.slv_referral_provider_cancel_reason,5665,5665,0.0,,2026-08-05 16:45:28.605496,
bd45fedb-2ec9-4318-b19b-b63ac5b8d2d3,SILVER,ARCHIVE_MONTH_END,archived.referral_provider_cancel_reason,silver.slv_referral_provider_cancel_reason,1924,1924,0.0,,2026-08-19 10:03:16.081789,
c7a29ef4-9841-48cb-adc3-bc465080d157,ARCHIVE,ARCHIVE_FILE,Files/archive_unzipped/2026-08-06/provider_framework.csv,archived.provider_framework,294,294,0.0,,2026-08-07 00:19:11.933494,
c5693a5c-6ecc-4bb6-83fb-45656a89dc70,ARCHIVE,ARCHIVE_FILE,Files/archive_unzipped/2026-08-02/provider_sic_codes.csv,archived.provider_sic_codes,592,592,0.0,,2026-08-06 13:46:14.494711,
4d06aeac-915a-4409-a283-4d7b0fbbd16a,ARCHIVE,ARCHIVE_FILE,Files/archive_unzipped/2026-08-08/offer_view_history.csv,archived.offer_view_history,776,776,0.0,,2026-08-09 00:12:31.020914,
93ca2362-c310-4c20-97f0-8a2bb72a22d3,ARCHIVE,ARCHIVE_FILE,Files/archive_unzipped/2026-08-17/provider_sic_codes.csv,archived.provider_sic_codes,611,611,0.0,,2026-08-18 00:07:42.858883,
c5693a5c-6ecc-4bb6-83fb-45656a89dc70,ARCHIVE,ARCHIVE_FILE,Files/archive_unzipped/2026-07-31/provider_framework.csv,archived.provider_framework,291,291,0.0,,2026-08-06 13:41:20.764242,
6a814daa-4885-49b9-abf9-4ee9a752a587,ARCHIVE,ARCHIVE_FILE,Files/archive_unzipped/2026-08-12/offer_view_history.csv,archived.offer_view_history,806,806,0.0,,2026-08-13 00:11:52.198794,
93ca2362-c310-4c20-97f0-8a2bb72a22d3,ARCHIVE,ARCHIVE_FILE,Files/archive_unzipped/2026-08-17/provider_framework.csv,archived.provider_framework,295,295,0.0,,2026-08-18 00:18:58.748879,
4096e6a2-b8c3-4f52-b538-2f478426abc7,ARCHIVE,ARCHIVE_FILE,Files/archive_unzipped/2026-08-20/offer_view_history.csv,archived.offer_view_history,924,924,0.0,,2026-08-21 00:15:29.425384,
3a127efd-272b-4984-8a6f-a5933040572d,ARCHIVE,ARCHIVE_FILE,Files/archive_unzipped/2026-08-16/offer_view_history.csv,archived.offer_view_history,834,834,0.0,,2026-08-17 00:16:03.446260,
c5693a5c-6ecc-4bb6-83fb-45656a89dc70,ARCHIVE,ARCHIVE_FILE,Files/archive_unzipped/2026-07-30/provider_sic_codes.csv,archived.provider_sic_codes,592,592,0.0,,2026-08-06 13:29:26.137774,
07fa68f9-302a-43d6-af05-dda30fd994ab,ARCHIVE,ARCHIVE_FILE,Files/archive_unzipped/2026-08-15/provider_sic_codes.csv,archived.provider_sic_codes,609,609,0.0,,2026-08-16 00:11:45.639692,
4096e6a2-b8c3-4f52-b538-2f478426abc7,ARCHIVE,ARCHIVE_FILE,Files/archive_unzipped/2026-08-20/provider_framework.csv,archived.provider_framework,295,295,0.0,,2026-08-21 00:15:53.291869,
82280c66-1889-4504-94e1-7a9cdb65647f,ARCHIVE,ARCHIVE_FILE,Files/archive_unzipped/2026-08-18/provider_framework.csv,archived.provider_framework,295,295,0.0,,2026-08-19 00:19:06.567014,
6a814daa-4885-49b9-abf9-4ee9a752a587,ARCHIVE,ARCHIVE_FILE,Files/archive_unzipped/2026-08-12/provider_sic_codes.csv,archived.provider_sic_codes,604,604,0.0,,2026-08-13 00:10:22.432257,
c7a29ef4-9841-48cb-adc3-bc465080d157,ARCHIVE,ARCHIVE_FILE,Files/archive_unzipped/2026-08-06/offer_view_history.csv,archived.offer_view_history,766,766,0.0,,2026-08-07 00:03:28.210604,
41135375-8ada-45d8-a9bb-fa196b0f5472,ARCHIVE,ARCHIVE_FILE,Files/archive_unzipped/2026-08-07/offer_view_history.csv,archived.offer_view_history,776,776,0.0,,2026-08-08 00:07:44.339474,
c5693a5c-6ecc-4bb6-83fb-45656a89dc70,ARCHIVE,ARCHIVE_FILE,Files/archive_unzipped/2026-05-30/provider_framework.csv,archived.provider_framework,280,280,0.0,,2026-08-06 14:25:23.214675,
c5693a5c-6ecc-4bb6-83fb-45656a89dc70,ARCHIVE,ARCHIVE_FILE,Files/archive_unzipped/2026-08-01/provider_sic_codes.csv,archived.provider_sic_codes,592,592,0.0,,2026-08-06 13:45:50.646678,
1a484b8a-0967-4aa9-9302-6de8279251eb,ARCHIVE,ARCHIVE_FILE,Files/archive_unzipped/2026-08-13/offer_view_history.csv,archived.offer_view_history,820,820,0.0,,2026-08-14 00:11:22.736958,
fbbe4d39-8ffc-4453-88ad-29fda3187b10,ARCHIVE,ARCHIVE_FILE,Files/archive_unzipped/2026-08-11/provider_sic_codes.csv,archived.provider_sic_codes,602,602,0.0,,2026-08-12 00:09:38.758204,
fbbe4d39-8ffc-4453-88ad-29fda3187b10,ARCHIVE,ARCHIVE_FILE,Files/archive_unzipped/2026-08-11/offer_view_history.csv,archived.offer_view_history,793,793,0.0,,2026-08-12 00:20:46.753766,
c5693a5c-6ecc-4bb6-83fb-45656a89dc70,ARCHIVE,ARCHIVE_FILE,Files/archive_unzipped/2026-07-31/provider_sic_codes.csv,archived.provider_sic_codes,592,592,0.0,,2026-08-06 13:53:51.771575,
ad3955df-1bd4-4ab2-b48c-83b0dfdf54a1,SILVER,ARCHIVE_MONTH_END,archived.referral_provider_decline_reason,silver.slv_referral_provider_decline_reason,16148,16148,0.0,,2026-08-20 09:54:43.955961,
10b2023d-51a0-48c6-828f-9e0fc96c49c6,SILVER,ARCHIVE_MONTH_END,archived.referral_provider_decline_reason,silver.slv_referral_provider_decline_reason,11565,11565,0.0,,2026-08-20 07:44:12.743146,
bd45fedb-2ec9-4318-b19b-b63ac5b8d2d3,SILVER,ARCHIVE_MONTH_END,archived.referral_provider_decline_reason,silver.slv_referral_provider_decline_reason,2648,2648,0.0,,2026-08-19 10:26:31.766263,
6b7d4b98-0f12-4efe-8c79-7680ae979f28,SILVER,ARCHIVE_MONTH_END,archived.referral_provider_decline_reason,silver.slv_referral_provider_decline_reason,2648,2648,0.0,,2026-08-05 15:14:58.922400,
6b7d4b98-0f12-4efe-8c79-7680ae979f28,SILVER,ARCHIVE_MONTH_END,archived.referral_provider_decline_reason,silver.slv_referral_provider_decline_reason,2648,2648,0.0,,2026-08-05 15:56:02.850532,
91566f2f-f4e5-489f-be9f-dca931de3857,SILVER,ARCHIVE_MONTH_END,archived.referral_provider_decline_reason,silver.slv_referral_provider_decline_reason,2648,2648,0.0,,2026-08-19 21:28:45.374664,
b8741d57-b7d4-48ea-be4a-8f820b3ccada,SILVER,ARCHIVE_MONTH_END,archived.referral_provider_decline_reason,silver.slv_referral_provider_decline_reason,2648,2648,0.0,,2026-08-05 16:46:04.969712,
bd45fedb-2ec9-4318-b19b-b63ac5b8d2d3,SILVER,ARCHIVE_MONTH_END,archived.referral_provider_decline_reason,silver.slv_referral_provider_decline_reason,925,925,0.0,,2026-08-19 10:03:45.150031,
99a4d35f-574f-477e-aaf4-15681100f9ce,SILVER,ARCHIVE_MONTH_END,archived.referral_provider_decline_reason,silver.slv_referral_provider_decline_reason,925,925,0.0,,2026-08-19 15:57:36.503054,
ad3955df-1bd4-4ab2-b48c-83b0dfdf54a1,SILVER,ARCHIVE_MONTH_END,archived.referral_provider_cancel_reason,silver.slv_referral_provider_cancel_reason,30177,30177,0.0,,2026-08-20 09:54:16.889055,
10b2023d-51a0-48c6-828f-9e0fc96c49c6,SILVER,ARCHIVE_MONTH_END,archived.referral_provider_cancel_reason,silver.slv_referral_provider_cancel_reason,17275,17275,0.0,,2026-08-20 07:43:25.703810,
fbbe4d39-8ffc-4453-88ad-29fda3187b10,ARCHIVE,ARCHIVE_FILE,Files/archive_unzipped/2026-08-11/provider_home_gender.csv,archived.provider_home_gender,2357,2357,0.0,,2026-08-12 00:07:48.142771,
c5693a5c-6ecc-4bb6-83fb-45656a89dc70,ARCHIVE,ARCHIVE_FILE,Files/archive_unzipped/2026-08-04/provider_home_gender.csv,archived.provider_home_gender,2315,2315,0.0,,2026-08-06 14:29:03.046544,
c7a29ef4-9841-48cb-adc3-bc465080d157,ARCHIVE,ARCHIVE_FILE,Files/archive_unzipped/2026-08-06/provider_home_gender.csv,archived.provider_home_gender,2345,2345,0.0,,2026-08-07 00:08:07.060994,
c5693a5c-6ecc-4bb6-83fb-45656a89dc70,ARCHIVE,ARCHIVE_FILE,Files/archive_unzipped/2026-08-05/provider_home_gender.csv,archived.provider_home_gender,2323,2323,0.0,,2026-08-06 14:29:51.116425,
2fb28764-6a12-49b9-8bdc-b8366aa21fd5,ARCHIVE,ARCHIVE_FILE,Files/archive_unzipped/2026-08-19/provider_home_gender.csv,archived.provider_home_gender,2405,2405,0.0,,2026-08-20 00:11:35.504072,
3a127efd-272b-4984-8a6f-a5933040572d,ARCHIVE,ARCHIVE_FILE,Files/archive_unzipped/2026-08-16/provider_home_gender.csv,archived.provider_home_gender,2379,2379,0.0,,2026-08-17 00:15:17.065644,
c5693a5c-6ecc-4bb6-83fb-45656a89dc70,ARCHIVE,ARCHIVE_FILE,Files/archive_unzipped/2026-08-03/provider_home_gender.csv,archived.provider_home_gender,2315,2315,0.0,,2026-08-06 13:37:09.305317,
1a484b8a-0967-4aa9-9302-6de8279251eb,ARCHIVE,ARCHIVE_FILE,Files/archive_unzipped/2026-08-13/provider_home_gender.csv,archived.provider_home_gender,2366,2366,0.0,,2026-08-14 00:04:26.771523,
93ca2362-c310-4c20-97f0-8a2bb72a22d3,ARCHIVE,ARCHIVE_FILE,Files/archive_unzipped/2026-08-17/provider_home_gender.csv,archived.provider_home_gender,2395,2395,0.0,,2026-08-18 00:06:27.302937,
c5693a5c-6ecc-4bb6-83fb-45656a89dc70,ARCHIVE,ARCHIVE_FILE,Files/archive_unzipped/2026-07-30/provider_home_gender.csv,archived.provider_home_gender,2315,2315,0.0,,2026-08-06 14:52:43.971460,
c5693a5c-6ecc-4bb6-83fb-45656a89dc70,ARCHIVE,ARCHIVE_FILE,Files/archive_unzipped/2026-07-31/provider_home_gender.csv,archived.provider_home_gender,2315,2315,0.0,,2026-08-06 14:16:11.092443,
f7f015a2-e718-4fc7-ab1c-062e743d94c8,ARCHIVE,ARCHIVE_FILE,Files/archive_unzipped/2026-08-10/provider_home_gender.csv,archived.provider_home_gender,2357,2357,0.0,,2026-08-11 00:20:06.398064,
4096e6a2-b8c3-4f52-b538-2f478426abc7,ARCHIVE,ARCHIVE_FILE,Files/archive_unzipped/2026-08-20/provider_home_gender.csv,archived.provider_home_gender,2417,2417,0.0,,2026-08-21 00:07:18.240596,
c5693a5c-6ecc-4bb6-83fb-45656a89dc70,ARCHIVE,ARCHIVE_FILE,Files/archive_unzipped/2026-08-02/provider_home_gender.csv,archived.provider_home_gender,2315,2315,0.0,,2026-08-06 14:39:54.357260,
07fa68f9-302a-43d6-af05-dda30fd994ab,ARCHIVE,ARCHIVE_FILE,Files/archive_unzipped/2026-08-15/provider_home_gender.csv,archived.provider_home_gender,2379,2379,0.0,,2026-08-16 00:15:57.708821,
6a814daa-4885-49b9-abf9-4ee9a752a587,ARCHIVE,ARCHIVE_FILE,Files/archive_unzipped/2026-08-12/provider_home_gender.csv,archived.provider_home_gender,2360,2360,0.0,,2026-08-13 00:18:32.320543,
c5693a5c-6ecc-4bb6-83fb-45656a89dc70,ARCHIVE,ARCHIVE_FILE,Files/archive_unzipped/2026-08-01/provider_home_gender.csv,archived.provider_home_gender,2315,2315,0.0,,2026-08-06 13:10:41.124477,
82280c66-1889-4504-94e1-7a9cdb65647f,ARCHIVE,ARCHIVE_FILE,Files/archive_unzipped/2026-08-18/provider_home_gender.csv,archived.provider_home_gender,2402,2402,0.0,,2026-08-19 00:06:52.439402,
c5693a5c-6ecc-4bb6-83fb-45656a89dc70,ARCHIVE,ARCHIVE_FILE,Files/archive_unzipped/2026-05-30/provider_home_gender.csv,archived.provider_home_gender,1984,1984,0.0,,2026-08-06 14:43:35.787643,
4d06aeac-915a-4409-a283-4d7b0fbbd16a,ARCHIVE,ARCHIVE_FILE,Files/archive_unzipped/2026-08-08/provider_home_gender.csv,archived.provider_home_gender,2348,2348,0.0,,2026-08-09 00:16:59.024384,
8e9ad3b7-6f21-43df-b0a1-71629190518b,ARCHIVE,ARCHIVE_FILE,Files/archive_unzipped/2026-08-14/provider_home_gender.csv,archived.provider_home_gender,2379,2379,0.0,,2026-08-15 00:14:16.925993,
4d06aeac-915a-4409-a283-4d7b0fbbd16a,ARCHIVE,ARCHIVE_FILE,Files/archive_unzipped/2026-08-08/referral_category.csv,archived.referral_category,535,535,0.0,,2026-08-09 00:10:36.430017,
4096e6a2-b8c3-4f52-b538-2f478426abc7,ARCHIVE,ARCHIVE_FILE,Files/archive_unzipped/2026-08-20/referral_category.csv,archived.referral_category,656,656,0.0,,2026-08-21 00:09:08.818319,
c5693a5c-6ecc-4bb6-83fb-45656a89dc70,ARCHIVE,ARCHIVE_FILE,Files/archive_unzipped/2026-08-02/referral_category.csv,archived.referral_category,478,478,0.0,,2026-08-06 14:33:32.162504,
c5693a5c-6ecc-4bb6-83fb-45656a89dc70,ARCHIVE,ARCHIVE_FILE,Files/archive_unzipped/2026-07-31/referral_category.csv,archived.referral_category,478,478,0.0,,2026-08-06 13:09:08.156438,
1a484b8a-0967-4aa9-9302-6de8279251eb,ARCHIVE,ARCHIVE_FILE,Files/archive_unzipped/2026-08-13/referral_category.csv,archived.referral_category,589,589,0.0,,2026-08-14 00:20:50.176248,
fbbe4d39-8ffc-4453-88ad-29fda3187b10,ARCHIVE,ARCHIVE_FILE,Files/archive_unzipped/2026-08-11/referral_category.csv,archived.referral_category,565,565,0.0,,2026-08-12 00:14:05.824239,
c5693a5c-6ecc-4bb6-83fb-45656a89dc70,ARCHIVE,ARCHIVE_FILE,Files/archive_unzipped/2026-08-01/referral_category.csv,archived.referral_category,478,478,0.0,,2026-08-06 13:04:24.900202,
7b7d28bb-9887-46eb-97f3-8c5f747bb4c8,ARCHIVE,ARCHIVE_FILE,Files/archive_unzipped/2026-08-09/referral_category.csv,archived.referral_category,535,535,0.0,,2026-08-10 00:09:38.865368,
c5693a5c-6ecc-4bb6-83fb-45656a89dc70,ARCHIVE,ARCHIVE_FILE,Files/archive_unzipped/2026-08-05/referral_category.csv,archived.referral_category,516,516,0.0,,2026-08-06 14:27:01.372261,
f7f015a2-e718-4fc7-ab1c-062e743d94c8,ARCHIVE,ARCHIVE_FILE,Files/archive_unzipped/2026-08-10/referral_category.csv,archived.referral_category,552,552,0.0,,2026-08-11 00:03:34.964132,
c5693a5c-6ecc-4bb6-83fb-45656a89dc70,ARCHIVE,ARCHIVE_FILE,Files/archive_unzipped/2026-08-04/referral_category.csv,archived.referral_category,503,503,0.0,,2026-08-06 14:52:21.437184,
8e9ad3b7-6f21-43df-b0a1-71629190518b,ARCHIVE,ARCHIVE_FILE,Files/archive_unzipped/2026-08-14/referral_category.csv,archived.referral_category,599,599,0.0,,2026-08-15 00:20:34.255344,
82280c66-1889-4504-94e1-7a9cdb65647f,ARCHIVE,ARCHIVE_FILE,Files/archive_unzipped/2026-08-18/referral_category.csv,archived.referral_category,628,628,0.0,,2026-08-19 00:14:23.553625,
93ca2362-c310-4c20-97f0-8a2bb72a22d3,ARCHIVE,ARCHIVE_FILE,Files/archive_unzipped/2026-08-17/referral_category.csv,archived.referral_category,611,611,0.0,,2026-08-18 00:13:52.133277,
41135375-8ada-45d8-a9bb-fa196b0f5472,ARCHIVE,ARCHIVE_FILE,Files/archive_unzipped/2026-08-07/referral_category.csv,archived.referral_category,535,535,0.0,,2026-08-08 00:18:13.996738,
3a127efd-272b-4984-8a6f-a5933040572d,ARCHIVE,ARCHIVE_FILE,Files/archive_unzipped/2026-08-16/referral_category.csv,archived.referral_category,599,599,0.0,,2026-08-17 00:06:55.139194,
c7a29ef4-9841-48cb-adc3-bc465080d157,ARCHIVE,ARCHIVE_FILE,Files/archive_unzipped/2026-08-06/referral_category.csv,archived.referral_category,526,526,0.0,,2026-08-07 00:08:34.104026,
2fb28764-6a12-49b9-8bdc-b8366aa21fd5,ARCHIVE,ARCHIVE_FILE,Files/archive_unzipped/2026-08-19/referral_category.csv,archived.referral_category,637,637,0.0,,2026-08-20 00:16:56.501248,
07fa68f9-302a-43d6-af05-dda30fd994ab,ARCHIVE,ARCHIVE_FILE,Files/archive_unzipped/2026-08-15/referral_category.csv,archived.referral_category,599,599,0.0,,2026-08-16 00:16:32.511422,
c5693a5c-6ecc-4bb6-83fb-45656a89dc70,ARCHIVE,ARCHIVE_FILE,Files/archive_unzipped/2026-08-03/referral_category.csv,archived.referral_category,496,496,0.0,,2026-08-06 14:39:05.199113,
6a814daa-4885-49b9-abf9-4ee9a752a587,ARCHIVE,ARCHIVE_FILE,Files/archive_unzipped/2026-08-12/referral_category.csv,archived.referral_category,571,571,0.0,,2026-08-13 00:18:04.559459,
c5693a5c-6ecc-4bb6-83fb-45656a89dc70,ARCHIVE,ARCHIVE_FILE,Files/archive_unzipped/2026-07-30/referral_category.csv,archived.referral_category,475,475,0.0,,2026-08-06 13:36:21.585313,
c5693a5c-6ecc-4bb6-83fb-45656a89dc70,ARCHIVE,ARCHIVE_FILE,Files/archive_unzipped/2026-05-30/referral_category.csv,archived.referral_category,76,76,0.0,,2026-08-06 13:34:44.663189,
91566f2f-f4e5-489f-be9f-dca931de3857,SILVER,ARCHIVE_MONTH_END,archived.provider_home_spot_category,silver.slv_provider_home_spot_category,1300,1300,0.0,,2026-08-19 21:27:49.060594,
bd45fedb-2ec9-4318-b19b-b63ac5b8d2d3,SILVER,ARCHIVE_MONTH_END,archived.provider_home_spot_category,silver.slv_provider_home_spot_category,1300,1300,0.0,,2026-08-19 10:25:35.606276,
89d91bd3-1b17-4e3b-8868-7eafba79e9e5,SILVER,ARCHIVE_MONTH_END,archived.provider_home_spot_category,silver.slv_provider_home_spot_category,1032,1032,0.0,,2026-08-16 14:30:45.525296,
b8741d57-b7d4-48ea-be4a-8f820b3ccada,SILVER,ARCHIVE_MONTH_END,archived.provider_home_spot_category,silver.slv_provider_home_spot_category,1300,1300,0.0,,2026-08-05 16:42:14.931200,
bd45fedb-2ec9-4318-b19b-b63ac5b8d2d3,SILVER,ARCHIVE_MONTH_END,archived.provider_home_spot_category,silver.slv_provider_home_spot_category,1201,1201,0.0,,2026-08-19 10:02:48.029410,
8d44d03e-b128-47a7-95b9-1db889b71c93,SILVER,ARCHIVE_MONTH_END,archived.provider_home_spot_category,silver.slv_provider_home_spot_category,1032,1032,0.0,,2026-08-06 21:26:27.709816,
9e12a2ba-253f-4f84-a662-c39f8ec708f1,SILVER,ARCHIVE_MONTH_END,archived.provider_home_spot_category,silver.slv_provider_home_spot_category,1032,1032,0.0,,2026-08-16 14:54:11.307790,
bd45fedb-2ec9-4318-b19b-b63ac5b8d2d3,SILVER,ARCHIVE_MONTH_END,archived.provider_home_spot_category,silver.slv_provider_home_spot_category,1032,1032,0.0,,2026-08-19 09:46:59.573603,
99a4d35f-574f-477e-aaf4-15681100f9ce,SILVER,ARCHIVE_MONTH_END,archived.provider_home_spot_category,silver.slv_provider_home_spot_category,1201,1201,0.0,,2026-08-19 15:56:40.995036,
1a484b8a-0967-4aa9-9302-6de8279251eb,ARCHIVE,ARCHIVE_FILE,Files/archive_unzipped/2026-08-13/foster_carer.csv,archived.foster_carer,40,40,0.0,,2026-08-14 00:16:12.561841,
da5fbf8d-9b8f-4d95-b8f9-f83ae65926c8,SILVER,ARCHIVE_MONTH_END,archived.provider_home_category,silver.slv_provider_home_category,1960,1960,0.0,,2026-08-12 21:16:30.530408,
3a127efd-272b-4984-8a6f-a5933040572d,ARCHIVE,ARCHIVE_FILE,Files/archive_unzipped/2026-08-16/foster_carer.csv,archived.foster_carer,40,40,0.0,,2026-08-17 00:14:50.525855,
91566f2f-f4e5-489f-be9f-dca931de3857,SILVER,ARCHIVE_MONTH_END,archived.provider_home_category,silver.slv_provider_home_category,2327,2327,0.0,,2026-08-19 21:26:51.042748,
2fb28764-6a12-49b9-8bdc-b8366aa21fd5,ARCHIVE,ARCHIVE_FILE,Files/archive_unzipped/2026-08-19/foster_carer.csv,archived.foster_carer,44,44,0.0,,2026-08-20 00:09:13.525795,
c5693a5c-6ecc-4bb6-83fb-45656a89dc70,ARCHIVE,ARCHIVE_FILE,Files/archive_unzipped/2026-08-04/foster_carer.csv,archived.foster_carer,37,37,0.0,,2026-08-06 14:56:45.021198,
6b7d4b98-0f12-4efe-8c79-7680ae979f28,SILVER,ARCHIVE_MONTH_END,archived.provider_home_category,silver.slv_provider_home_category,2327,2327,0.0,,2026-08-05 15:52:48.484373,
fbbe4d39-8ffc-4453-88ad-29fda3187b10,ARCHIVE,ARCHIVE_FILE,Files/archive_unzipped/2026-08-11/foster_carer.csv,archived.foster_carer,40,40,0.0,,2026-08-12 00:03:32.916234,
89d91bd3-1b17-4e3b-8868-7eafba79e9e5,SILVER,ARCHIVE_MONTH_END,archived.provider_home_category,silver.slv_provider_home_category,1960,1960,0.0,,2026-08-16 14:29:41.749067,
93ca2362-c310-4c20-97f0-8a2bb72a22d3,ARCHIVE,ARCHIVE_FILE,Files/archive_unzipped/2026-08-17/foster_carer.csv,archived.foster_carer,41,41,0.0,,2026-08-18 00:11:45.530164,
7b7d28bb-9887-46eb-97f3-8c5f747bb4c8,ARCHIVE,ARCHIVE_FILE,Files/archive_unzipped/2026-08-09/foster_carer.csv,archived.foster_carer,39,39,0.0,,2026-08-10 00:09:10.894565,
c5693a5c-6ecc-4bb6-83fb-45656a89dc70,ARCHIVE,ARCHIVE_FILE,Files/archive_unzipped/2026-07-30/foster_carer.csv,archived.foster_carer,37,37,0.0,,2026-08-06 13:06:16.726819,
99a4d35f-574f-477e-aaf4-15681100f9ce,SILVER,ARCHIVE_MONTH_END,archived.provider_home_category,silver.slv_provider_home_category,2272,2272,0.0,,2026-08-19 15:55:43.713882,
6a814daa-4885-49b9-abf9-4ee9a752a587,ARCHIVE,ARCHIVE_FILE,Files/archive_unzipped/2026-08-12/foster_carer.csv,archived.foster_carer,40,40,0.0,,2026-08-13 00:09:52.538648,
8e9ad3b7-6f21-43df-b0a1-71629190518b,ARCHIVE,ARCHIVE_FILE,Files/archive_unzipped/2026-08-14/foster_carer.csv,archived.foster_carer,40,40,0.0,,2026-08-15 00:11:28.547154,
c5693a5c-6ecc-4bb6-83fb-45656a89dc70,ARCHIVE,ARCHIVE_FILE,Files/archive_unzipped/2026-08-01/foster_carer.csv,archived.foster_carer,37,37,0.0,,2026-08-06 14:56:19.847543,
c5693a5c-6ecc-4bb6-83fb-45656a89dc70,ARCHIVE,ARCHIVE_FILE,Files/archive_unzipped/2026-07-31/foster_carer.csv,archived.foster_carer,37,37,0.0,,2026-08-06 14:04:49.049019,
41135375-8ada-45d8-a9bb-fa196b0f5472,ARCHIVE,ARCHIVE_FILE,Files/archive_unzipped/2026-08-07/foster_carer.csv,archived.foster_carer,39,39,0.0,,2026-08-08 00:12:09.810131,
07fa68f9-302a-43d6-af05-dda30fd994ab,ARCHIVE,ARCHIVE_FILE,Files/archive_unzipped/2026-08-15/foster_carer.csv,archived.foster_carer,40,40,0.0,,2026-08-16 00:21:38.182465,
bd45fedb-2ec9-4318-b19b-b63ac5b8d2d3,SILVER,ARCHIVE_MONTH_END,archived.provider_home_category,silver.slv_provider_home_category,1960,1960,0.0,,2026-08-19 09:45:59.267498,
10b2023d-51a0-48c6-828f-9e0fc96c49c6,SILVER,ARCHIVE_MONTH_END,archived.provider_home_category,silver.slv_provider_home_category,2384,2384,0.0,,2026-08-20 07:41:31.509968,
4d06aeac-915a-4409-a283-4d7b0fbbd16a,ARCHIVE,ARCHIVE_FILE,Files/archive_unzipped/2026-08-08/foster_carer.csv,archived.foster_carer,39,39,0.0,,2026-08-09 00:12:02.731225,
c7a29ef4-9841-48cb-adc3-bc465080d157,ARCHIVE,ARCHIVE_FILE,Files/archive_unzipped/2026-08-06/foster_carer.csv,archived.foster_carer,38,38,0.0,,2026-08-07 00:18:18.002699,
bd45fedb-2ec9-4318-b19b-b63ac5b8d2d3,SILVER,ARCHIVE_MONTH_END,archived.provider_home_category,silver.slv_provider_home_category,2327,2327,0.0,,2026-08-19 10:24:39.084719,
5493dec2-467d-4993-8ad0-e2930151fd9b,SILVER,ARCHIVE_MONTH_END,archived.provider_home_category,silver.slv_provider_home_category,1960,1960,0.0,,2026-08-16 20:31:46.521449,
32478996-e44a-496f-bbeb-db401fb4962e,SILVER,ARCHIVE_MONTH_END,archived.provider_home_category,silver.slv_provider_home_category,1960,1960,0.0,,2026-08-12 22:34:03.248117,
4096e6a2-b8c3-4f52-b538-2f478426abc7,ARCHIVE,ARCHIVE_FILE,Files/archive_unzipped/2026-08-20/foster_carer.csv,archived.foster_carer,44,44,0.0,,2026-08-21 00:13:26.106581,
574223db-5a5e-4c8a-8bc4-a2e1f4664151,SILVER,ARCHIVE_MONTH_END,archived.provider_home_category,silver.slv_provider_home_category,1960,1960,0.0,,2026-08-18 10:07:19.411081,
bd45fedb-2ec9-4318-b19b-b63ac5b8d2d3,SILVER,ARCHIVE_MONTH_END,archived.provider_home_category,silver.slv_provider_home_category,2272,2272,0.0,,2026-08-19 10:01:53.798400,
ad3955df-1bd4-4ab2-b48c-83b0dfdf54a1,SILVER,ARCHIVE_MONTH_END,archived.referral_spot_category,silver.slv_referral_spot_category,303,303,0.0,,2026-08-20 09:48:24.561255,
10b2023d-51a0-48c6-828f-9e0fc96c49c6,SILVER,ARCHIVE_MONTH_END,archived.referral_spot_category,silver.slv_referral_spot_category,238,238,0.0,,2026-08-20 07:36:20.761403,
99a4d35f-574f-477e-aaf4-15681100f9ce,SILVER,ARCHIVE_MONTH_END,archived.referral_spot_category,silver.slv_referral_spot_category,35,35,0.0,,2026-08-19 15:52:23.916752,
4d06aeac-915a-4409-a283-4d7b0fbbd16a,ARCHIVE,ARCHIVE_FILE,Files/archive_unzipped/2026-08-08/referral_provider_cancel_reason.csv,archived.referral_provider_cancel_reason,21854,21854,0.0,,2026-08-09 00:11:33.999344,
c7a29ef4-9841-48cb-adc3-bc465080d157,ARCHIVE,ARCHIVE_FILE,Files/archive_unzipped/2026-08-06/referral_provider_cancel_reason.csv,archived.referral_provider_cancel_reason,20248,20248,0.0,,2026-08-07 00:14:28.375425,
41135375-8ada-45d8-a9bb-fa196b0f5472,ARCHIVE,ARCHIVE_FILE,Files/archive_unzipped/2026-08-07/referral_provider_cancel_reason.csv,archived.referral_provider_cancel_reason,21854,21854,0.0,,2026-08-08 00:03:49.438677,
c5693a5c-6ecc-4bb6-83fb-45656a89dc70,ARCHIVE,ARCHIVE_FILE,Files/archive_unzipped/2026-08-01/referral_provider_cancel_reason.csv,archived.referral_provider_cancel_reason,17275,17275,0.0,,2026-08-06 13:32:47.599940,
c5693a5c-6ecc-4bb6-83fb-45656a89dc70,ARCHIVE,ARCHIVE_FILE,Files/archive_unzipped/2026-08-03/referral_provider_cancel_reason.csv,archived.referral_provider_cancel_reason,18015,18015,0.0,,2026-08-06 14:09:44.436092,
07fa68f9-302a-43d6-af05-dda30fd994ab,ARCHIVE,ARCHIVE_FILE,Files/archive_unzipped/2026-08-15/referral_provider_cancel_reason.csv,archived.referral_provider_cancel_reason,24720,24720,0.0,,2026-08-16 00:20:32.052998,
f7f015a2-e718-4fc7-ab1c-062e743d94c8,ARCHIVE,ARCHIVE_FILE,Files/archive_unzipped/2026-08-10/referral_provider_cancel_reason.csv,archived.referral_provider_cancel_reason,22159,22159,0.0,,2026-08-11 00:09:32.657421,
4096e6a2-b8c3-4f52-b538-2f478426abc7,ARCHIVE,ARCHIVE_FILE,Files/archive_unzipped/2026-08-20/referral_provider_cancel_reason.csv,archived.referral_provider_cancel_reason,31402,31402,0.0,,2026-08-21 00:12:13.827239,
7b7d28bb-9887-46eb-97f3-8c5f747bb4c8,ARCHIVE,ARCHIVE_FILE,Files/archive_unzipped/2026-08-09/referral_provider_cancel_reason.csv,archived.referral_provider_cancel_reason,21854,21854,0.0,,2026-08-10 00:12:45.576153,
c5693a5c-6ecc-4bb6-83fb-45656a89dc70,ARCHIVE,ARCHIVE_FILE,Files/archive_unzipped/2026-08-02/referral_provider_cancel_reason.csv,archived.referral_provider_cancel_reason,17275,17275,0.0,,2026-08-06 13:55:07.442829,
3a127efd-272b-4984-8a6f-a5933040572d,ARCHIVE,ARCHIVE_FILE,Files/archive_unzipped/2026-08-16/referral_provider_cancel_reason.csv,archived.referral_provider_cancel_reason,24720,24720,0.0,,2026-08-17 00:12:36.375828,
93ca2362-c310-4c20-97f0-8a2bb72a22d3,ARCHIVE,ARCHIVE_FILE,Files/archive_unzipped/2026-08-17/referral_provider_cancel_reason.csv,archived.referral_provider_cancel_reason,26177,26177,0.0,,2026-08-18 00:07:19.017057,
c5693a5c-6ecc-4bb6-83fb-45656a89dc70,ARCHIVE,ARCHIVE_FILE,Files/archive_unzipped/2026-07-31/referral_provider_cancel_reason.csv,archived.referral_provider_cancel_reason,17275,17275,0.0,,2026-08-06 13:52:41.013681,
c5693a5c-6ecc-4bb6-83fb-45656a89dc70,ARCHIVE,ARCHIVE_FILE,Files/archive_unzipped/2026-05-30/referral_provider_cancel_reason.csv,archived.referral_provider_cancel_reason,1924,1924,0.0,,2026-08-06 13:16:51.112602,
07fa68f9-302a-43d6-af05-dda30fd994ab,ARCHIVE,ARCHIVE_FILE,Files/archive_unzipped/2026-08-15/referral_person_support_needs.csv,archived.referral_person_support_needs,1072,1072,0.0,,2026-08-16 00:08:34.333565,
fbbe4d39-8ffc-4453-88ad-29fda3187b10,ARCHIVE,ARCHIVE_FILE,Files/archive_unzipped/2026-08-11/referral_person_support_needs.csv,archived.referral_person_support_needs,1027,1027,0.0,,2026-08-12 00:21:59.033574,
6a814daa-4885-49b9-abf9-4ee9a752a587,ARCHIVE,ARCHIVE_FILE,Files/archive_unzipped/2026-08-12/referral_person_support_needs.csv,archived.referral_person_support_needs,1039,1039,0.0,,2026-08-13 00:04:53.990285,
f7f015a2-e718-4fc7-ab1c-062e743d94c8,ARCHIVE,ARCHIVE_FILE,Files/archive_unzipped/2026-08-10/referral_person_support_needs.csv,archived.referral_person_support_needs,1000,1000,0.0,,2026-08-11 00:14:40.502156,
3a127efd-272b-4984-8a6f-a5933040572d,ARCHIVE,ARCHIVE_FILE,Files/archive_unzipped/2026-08-16/referral_person_support_needs.csv,archived.referral_person_support_needs,1072,1072,0.0,,2026-08-17 00:14:29.396422,
82280c66-1889-4504-94e1-7a9cdb65647f,ARCHIVE,ARCHIVE_FILE,Files/archive_unzipped/2026-08-18/referral_person_support_needs.csv,archived.referral_person_support_needs,1107,1107,0.0,,2026-08-19 00:06:24.464342,
93ca2362-c310-4c20-97f0-8a2bb72a22d3,ARCHIVE,ARCHIVE_FILE,Files/archive_unzipped/2026-08-17/referral_person_support_needs.csv,archived.referral_person_support_needs,1086,1086,0.0,,2026-08-18 00:10:42.914134,
8e9ad3b7-6f21-43df-b0a1-71629190518b,ARCHIVE,ARCHIVE_FILE,Files/archive_unzipped/2026-08-14/referral_person_support_needs.csv,archived.referral_person_support_needs,1072,1072,0.0,,2026-08-15 00:21:34.982186,
2fb28764-6a12-49b9-8bdc-b8366aa21fd5,ARCHIVE,ARCHIVE_FILE,Files/archive_unzipped/2026-08-19/referral_person_support_needs.csv,archived.referral_person_support_needs,1122,1122,0.0,,2026-08-20 00:07:56.212895,
1a484b8a-0967-4aa9-9302-6de8279251eb,ARCHIVE,ARCHIVE_FILE,Files/archive_unzipped/2026-08-13/referral_person_support_needs.csv,archived.referral_person_support_needs,1058,1058,0.0,,2026-08-14 00:22:44.993457,
4096e6a2-b8c3-4f52-b538-2f478426abc7,ARCHIVE,ARCHIVE_FILE,Files/archive_unzipped/2026-08-20/referral_person_support_needs.csv,archived.referral_person_support_needs,1140,1140,0.0,,2026-08-21 00:04:57.104893,
c5693a5c-6ecc-4bb6-83fb-45656a89dc70,ARCHIVE,ARCHIVE_FILE,Files/archive_unzipped/2026-08-02/referral_person_support_needs.csv,archived.referral_person_support_needs,874,874,0.0,,2026-08-06 14:45:36.567963,
41135375-8ada-45d8-a9bb-fa196b0f5472,ARCHIVE,ARCHIVE_FILE,Files/archive_unzipped/2026-08-07/referral_person_support_needs.csv,archived.referral_person_support_needs,973,973,0.0,,2026-08-08 00:18:43.348419,
c5693a5c-6ecc-4bb6-83fb-45656a89dc70,ARCHIVE,ARCHIVE_FILE,Files/archive_unzipped/2026-08-05/referral_person_support_needs.csv,archived.referral_person_support_needs,928,928,0.0,,2026-08-06 13:35:57.830474,
4d06aeac-915a-4409-a283-4d7b0fbbd16a,ARCHIVE,ARCHIVE_FILE,Files/archive_unzipped/2026-08-08/referral_person_support_needs.csv,archived.referral_person_support_needs,973,973,0.0,,2026-08-09 00:08:48.183066,
c7a29ef4-9841-48cb-adc3-bc465080d157,ARCHIVE,ARCHIVE_FILE,Files/archive_unzipped/2026-08-06/referral_person_support_needs.csv,archived.referral_person_support_needs,953,953,0.0,,2026-08-07 00:19:35.167091,
c5693a5c-6ecc-4bb6-83fb-45656a89dc70,ARCHIVE,ARCHIVE_FILE,Files/archive_unzipped/2026-08-01/referral_person_support_needs.csv,archived.referral_person_support_needs,874,874,0.0,,2026-08-06 14:11:22.091913,
c5693a5c-6ecc-4bb6-83fb-45656a89dc70,ARCHIVE,ARCHIVE_FILE,Files/archive_unzipped/2026-08-03/referral_person_support_needs.csv,archived.referral_person_support_needs,902,902,0.0,,2026-08-06 14:12:31.474444,
c5693a5c-6ecc-4bb6-83fb-45656a89dc70,ARCHIVE,ARCHIVE_FILE,Files/archive_unzipped/2026-08-04/referral_person_support_needs.csv,archived.referral_person_support_needs,908,908,0.0,,2026-08-06 13:12:52.553626,
c5693a5c-6ecc-4bb6-83fb-45656a89dc70,ARCHIVE,ARCHIVE_FILE,Files/archive_unzipped/2026-07-30/referral_person_support_needs.csv,archived.referral_person_support_needs,858,858,0.0,,2026-08-06 13:19:12.170372,
c5693a5c-6ecc-4bb6-83fb-45656a89dc70,ARCHIVE,ARCHIVE_FILE,Files/archive_unzipped/2026-07-31/referral_person_support_needs.csv,archived.referral_person_support_needs,874,874,0.0,,2026-08-06 14:44:23.870078,
c5693a5c-6ecc-4bb6-83fb-45656a89dc70,ARCHIVE,ARCHIVE_FILE,Files/archive_unzipped/2026-05-30/referral_person_support_needs.csv,archived.referral_person_support_needs,147,147,0.0,,2026-08-06 14:30:39.087944,
7b7d28bb-9887-46eb-97f3-8c5f747bb4c8,ARCHIVE,ARCHIVE_FILE,Files/archive_unzipped/2026-08-09/referral_person_support_needs.csv,archived.referral_person_support_needs,973,973,0.0,,2026-08-10 00:03:20.805957,
c5693a5c-6ecc-4bb6-83fb-45656a89dc70,ARCHIVE,ARCHIVE_FILE,Files/archive_unzipped/2026-08-04/provider_education_provision.csv,archived.provider_education_provision,307,307,0.0,,2026-08-06 14:27:27.908505,
c5693a5c-6ecc-4bb6-83fb-45656a89dc70,ARCHIVE,ARCHIVE_FILE,Files/archive_unzipped/2026-07-30/provider_education_provision.csv,archived.provider_education_provision,316,316,0.0,,2026-08-06 13:51:01.903042,
c5693a5c-6ecc-4bb6-83fb-45656a89dc70,ARCHIVE,ARCHIVE_FILE,Files/archive_unzipped/2026-08-05/provider_education_provision.csv,archived.provider_education_provision,314,314,0.0,,2026-08-06 15:03:08.479046,
fbbe4d39-8ffc-4453-88ad-29fda3187b10,ARCHIVE,ARCHIVE_FILE,Files/archive_unzipped/2026-08-11/provider_education_provision.csv,archived.provider_education_provision,312,312,0.0,,2026-08-12 00:10:10.012633,
2fb28764-6a12-49b9-8bdc-b8366aa21fd5,ARCHIVE,ARCHIVE_FILE,Files/archive_unzipped/2026-08-19/provider_education_provision.csv,archived.provider_education_provision,316,316,0.0,,2026-08-20 00:03:56.271140,
4d06aeac-915a-4409-a283-4d7b0fbbd16a,ARCHIVE,ARCHIVE_FILE,Files/archive_unzipped/2026-08-08/provider_education_provision.csv,archived.provider_education_provision,316,316,0.0,,2026-08-09 00:06:51.504018,
82280c66-1889-4504-94e1-7a9cdb65647f,ARCHIVE,ARCHIVE_FILE,Files/archive_unzipped/2026-08-18/provider_education_provision.csv,archived.provider_education_provision,316,316,0.0,,2026-08-19 00:19:33.743163,
41135375-8ada-45d8-a9bb-fa196b0f5472,ARCHIVE,ARCHIVE_FILE,Files/archive_unzipped/2026-08-07/provider_education_provision.csv,archived.provider_education_provision,316,316,0.0,,2026-08-08 00:09:47.128439,
c5693a5c-6ecc-4bb6-83fb-45656a89dc70,ARCHIVE,ARCHIVE_FILE,Files/archive_unzipped/2026-08-01/provider_education_provision.csv,archived.provider_education_provision,310,310,0.0,,2026-08-06 14:15:47.118231,
c5693a5c-6ecc-4bb6-83fb-45656a89dc70,ARCHIVE,ARCHIVE_FILE,Files/archive_unzipped/2026-04-30/provider_education_provision.csv,archived.provider_education_provision,789,789,0.0,,2026-08-06 15:04:21.045905,
c7a29ef4-9841-48cb-adc3-bc465080d157,ARCHIVE,ARCHIVE_FILE,Files/archive_unzipped/2026-08-06/provider_education_provision.csv,archived.provider_education_provision,315,315,0.0,,2026-08-07 00:11:27.163268,
3a127efd-272b-4984-8a6f-a5933040572d,ARCHIVE,ARCHIVE_FILE,Files/archive_unzipped/2026-08-16/provider_education_provision.csv,archived.provider_education_provision,317,317,0.0,,2026-08-17 00:06:30.592239,
8e9ad3b7-6f21-43df-b0a1-71629190518b,ARCHIVE,ARCHIVE_FILE,Files/archive_unzipped/2026-08-14/provider_education_provision.csv,archived.provider_education_provision,317,317,0.0,,2026-08-15 00:22:03.029463,
c5693a5c-6ecc-4bb6-83fb-45656a89dc70,ARCHIVE,ARCHIVE_FILE,Files/archive_unzipped/2026-05-30/provider_education_provision.csv,archived.provider_education_provision,288,288,0.0,,2026-08-06 13:21:15.827564,
07fa68f9-302a-43d6-af05-dda30fd994ab,ARCHIVE,ARCHIVE_FILE,Files/archive_unzipped/2026-08-15/provider_education_provision.csv,archived.provider_education_provision,317,317,0.0,,2026-08-16 00:19:27.531612,
4096e6a2-b8c3-4f52-b538-2f478426abc7,ARCHIVE,ARCHIVE_FILE,Files/archive_unzipped/2026-08-20/provider_education_provision.csv,archived.provider_education_provision,311,311,0.0,,2026-08-21 00:06:10.102860,
c5693a5c-6ecc-4bb6-83fb-45656a89dc70,ARCHIVE,ARCHIVE_FILE,Files/archive_unzipped/2026-08-02/provider_education_provision.csv,archived.provider_education_provision,310,310,0.0,,2026-08-06 13:43:16.923540,
6a814daa-4885-49b9-abf9-4ee9a752a587,ARCHIVE,ARCHIVE_FILE,Files/archive_unzipped/2026-08-12/provider_education_provision.csv,archived.provider_education_provision,312,312,0.0,,2026-08-13 00:15:36.102398,
f7f015a2-e718-4fc7-ab1c-062e743d94c8,ARCHIVE,ARCHIVE_FILE,Files/archive_unzipped/2026-08-10/provider_education_provision.csv,archived.provider_education_provision,314,314,0.0,,2026-08-11 00:16:11.213006,
c5693a5c-6ecc-4bb6-83fb-45656a89dc70,ARCHIVE,ARCHIVE_FILE,Files/archive_unzipped/2026-08-03/provider_education_provision.csv,archived.provider_education_provision,309,309,0.0,,2026-08-06 14:25:46.331269,
93ca2362-c310-4c20-97f0-8a2bb72a22d3,ARCHIVE,ARCHIVE_FILE,Files/archive_unzipped/2026-08-17/provider_education_provision.csv,archived.provider_education_provision,316,316,0.0,,2026-08-18 00:16:46.185933,
7b7d28bb-9887-46eb-97f3-8c5f747bb4c8,ARCHIVE,ARCHIVE_FILE,Files/archive_unzipped/2026-08-09/provider_education_provision.csv,archived.provider_education_provision,316,316,0.0,,2026-08-10 00:04:36.925297,
c5693a5c-6ecc-4bb6-83fb-45656a89dc70,ARCHIVE,ARCHIVE_FILE,Files/archive_unzipped/2026-07-31/provider_education_provision.csv,archived.provider_education_provision,310,310,0.0,,2026-08-06 14:07:20.162281,
1a484b8a-0967-4aa9-9302-6de8279251eb,ARCHIVE,ARCHIVE_FILE,Files/archive_unzipped/2026-08-13/provider_education_provision.csv,archived.provider_education_provision,313,313,0.0,,2026-08-14 00:23:17.867013,
93ca2362-c310-4c20-97f0-8a2bb72a22d3,ARCHIVE,ARCHIVE_FILE,Files/archive_unzipped/2026-08-17/provider_home_spot_category.csv,archived.provider_home_spot_category,1645,1645,0.0,,2026-08-18 00:18:29.181929,
6a814daa-4885-49b9-abf9-4ee9a752a587,ARCHIVE,ARCHIVE_FILE,Files/archive_unzipped/2026-08-12/provider_home_spot_category.csv,archived.provider_home_spot_category,1604,1604,0.0,,2026-08-13 00:16:35.496403,
c5693a5c-6ecc-4bb6-83fb-45656a89dc70,ARCHIVE,ARCHIVE_FILE,Files/archive_unzipped/2026-08-01/provider_home_spot_category.csv,archived.provider_home_spot_category,1531,1531,0.0,,2026-08-06 13:58:15.929653,
f7f015a2-e718-4fc7-ab1c-062e743d94c8,ARCHIVE,ARCHIVE_FILE,Files/archive_unzipped/2026-08-10/additional_fee.csv,archived.additional_fee,287,287,0.0,,2026-08-11 00:17:13.742810,
2fb28764-6a12-49b9-8bdc-b8366aa21fd5,ARCHIVE,ARCHIVE_FILE,Files/archive_unzipped/2026-08-19/additional_fee.csv,archived.additional_fee,339,339,0.0,,2026-08-20 00:13:40.863152,
93ca2362-c310-4c20-97f0-8a2bb72a22d3,ARCHIVE,ARCHIVE_FILE,Files/archive_unzipped/2026-08-17/additional_fee.csv,archived.additional_fee,321,321,0.0,,2026-08-18 00:15:47.540345,
4a4bbcc2-6c72-4e33-b176-b324b2fb7719,SILVER,ARCHIVE,archived.referral_provider_cancel_reason,silver.slv_referral_provider_cancel_reason,5748,5748,0.0,,2026-08-04 22:16:20.517799,
4a4bbcc2-6c72-4e33-b176-b324b2fb7719,SILVER,ARCHIVE,archived.referral_provider_cancel_reason,silver.slv_referral_provider_cancel_reason,5894,5894,0.0,,2026-08-04 22:22:17.372139,
fbbe4d39-8ffc-4453-88ad-29fda3187b10,ARCHIVE,ARCHIVE_FILE,Files/archive_unzipped/2026-08-11/additional_fee.csv,archived.additional_fee,301,301,0.0,,2026-08-12 00:17:12.185139,
c5693a5c-6ecc-4bb6-83fb-45656a89dc70,ARCHIVE,ARCHIVE_FILE,Files/archive_unzipped/2026-08-04/additional_fee.csv,archived.additional_fee,267,267,0.0,,2026-08-06 14:37:53.657242,
c5693a5c-6ecc-4bb6-83fb-45656a89dc70,ARCHIVE,ARCHIVE_FILE,Files/archive_unzipped/2026-07-31/additional_fee.csv,archived.additional_fee,257,257,0.0,,2026-08-06 13:37:58.665288,
41135375-8ada-45d8-a9bb-fa196b0f5472,ARCHIVE,ARCHIVE_FILE,Files/archive_unzipped/2026-08-07/additional_fee.csv,archived.additional_fee,285,285,0.0,,2026-08-08 00:17:15.632356,
4a4bbcc2-6c72-4e33-b176-b324b2fb7719,SILVER,ARCHIVE,archived.referral_provider_cancel_reason,silver.slv_referral_provider_cancel_reason,6165,6165,0.0,,2026-08-04 22:27:47.747342,
7b7d28bb-9887-46eb-97f3-8c5f747bb4c8,ARCHIVE,ARCHIVE_FILE,Files/archive_unzipped/2026-08-09/additional_fee.csv,archived.additional_fee,287,287,0.0,,2026-08-10 00:08:16.690552,
1a484b8a-0967-4aa9-9302-6de8279251eb,ARCHIVE,ARCHIVE_FILE,Files/archive_unzipped/2026-08-13/additional_fee.csv,archived.additional_fee,312,312,0.0,,2026-08-14 00:13:47.249711,
8e9ad3b7-6f21-43df-b0a1-71629190518b,ARCHIVE,ARCHIVE_FILE,Files/archive_unzipped/2026-08-14/additional_fee.csv,archived.additional_fee,318,318,0.0,,2026-08-15 00:10:11.159223,
c5693a5c-6ecc-4bb6-83fb-45656a89dc70,ARCHIVE,ARCHIVE_FILE,Files/archive_unzipped/2026-08-02/additional_fee.csv,archived.additional_fee,257,257,0.0,,2026-08-06 14:23:49.730271,
c5693a5c-6ecc-4bb6-83fb-45656a89dc70,ARCHIVE,ARCHIVE_FILE,Files/archive_unzipped/2026-07-30/additional_fee.csv,archived.additional_fee,256,256,0.0,,2026-08-06 13:07:01.483229,
6a814daa-4885-49b9-abf9-4ee9a752a587,ARCHIVE,ARCHIVE_FILE,Files/archive_unzipped/2026-08-12/additional_fee.csv,archived.additional_fee,307,307,0.0,,2026-08-13 00:17:33.671835,
c5693a5c-6ecc-4bb6-83fb-45656a89dc70,ARCHIVE,ARCHIVE_FILE,Files/archive_unzipped/2026-08-01/additional_fee.csv,archived.additional_fee,257,257,0.0,,2026-08-06 14:26:10.300370,
4096e6a2-b8c3-4f52-b538-2f478426abc7,ARCHIVE,ARCHIVE_FILE,Files/archive_unzipped/2026-08-20/additional_fee.csv,archived.additional_fee,340,340,0.0,,2026-08-21 00:15:06.194362,
82280c66-1889-4504-94e1-7a9cdb65647f,ARCHIVE,ARCHIVE_FILE,Files/archive_unzipped/2026-08-18/additional_fee.csv,archived.additional_fee,333,333,0.0,,2026-08-19 00:17:33.440264,
07fa68f9-302a-43d6-af05-dda30fd994ab,ARCHIVE,ARCHIVE_FILE,Files/archive_unzipped/2026-08-15/additional_fee.csv,archived.additional_fee,318,318,0.0,,2026-08-16 00:18:17.487897,
c5693a5c-6ecc-4bb6-83fb-45656a89dc70,ARCHIVE,ARCHIVE_FILE,Files/archive_unzipped/2026-08-05/additional_fee.csv,archived.additional_fee,273,273,0.0,,2026-08-06 14:35:04.732351,
ad3955df-1bd4-4ab2-b48c-83b0dfdf54a1,SILVER,ARCHIVE_MONTH_END,archived.supervising_social_worker,silver.slv_supervising_social_worker,31,31,0.0,,2026-08-20 09:58:51.937287,
10b2023d-51a0-48c6-828f-9e0fc96c49c6,SILVER,ARCHIVE_MONTH_END,archived.supervising_social_worker,silver.slv_supervising_social_worker,25,25,0.0,,2026-08-20 07:49:47.907645,
c5693a5c-6ecc-4bb6-83fb-45656a89dc70,ARCHIVE,ARCHIVE_FILE,Files/archive_unzipped/2026-05-30/additional_fee.csv,archived.additional_fee,66,66,0.0,,2026-08-06 13:37:32.794405,
7b7d28bb-9887-46eb-97f3-8c5f747bb4c8,ARCHIVE,ARCHIVE_FILE,Files/archive_unzipped/2026-08-09/provider_home.csv,archived.provider_home,2348,2348,0.0,,2026-08-10 00:13:14.258198,
1a484b8a-0967-4aa9-9302-6de8279251eb,ARCHIVE,ARCHIVE_FILE,Files/archive_unzipped/2026-08-13/provider_home.csv,archived.provider_home,2366,2366,0.0,,2026-08-14 00:07:20.783938,
c5693a5c-6ecc-4bb6-83fb-45656a89dc70,ARCHIVE,ARCHIVE_FILE,Files/archive_unzipped/2026-08-03/provider_home.csv,archived.provider_home,2315,2315,0.0,,2026-08-06 14:48:07.511251,
3a127efd-272b-4984-8a6f-a5933040572d,ARCHIVE,ARCHIVE_FILE,Files/archive_unzipped/2026-08-16/provider_home.csv,archived.provider_home,2379,2379,0.0,,2026-08-17 00:12:59.651841,
c5693a5c-6ecc-4bb6-83fb-45656a89dc70,ARCHIVE,ARCHIVE_FILE,Files/archive_unzipped/2026-04-30/provider_home.csv,archived.provider_home,1667,1667,0.0,,2026-08-06 14:23:01.513723,
4d06aeac-915a-4409-a283-4d7b0fbbd16a,ARCHIVE,ARCHIVE_FILE,Files/archive_unzipped/2026-08-08/provider_home.csv,archived.provider_home,2348,2348,0.0,,2026-08-09 00:17:58.252941,
6a814daa-4885-49b9-abf9-4ee9a752a587,ARCHIVE,ARCHIVE_FILE,Files/archive_unzipped/2026-08-12/provider_home.csv,archived.provider_home,2360,2360,0.0,,2026-08-13 00:06:53.805023,
4096e6a2-b8c3-4f52-b538-2f478426abc7,ARCHIVE,ARCHIVE_FILE,Files/archive_unzipped/2026-08-20/provider_home.csv,archived.provider_home,2417,2417,0.0,,2026-08-21 00:04:03.977881,
c5693a5c-6ecc-4bb6-83fb-45656a89dc70,ARCHIVE,ARCHIVE_FILE,Files/archive_unzipped/2026-04-30/provider_home_age.csv,archived.provider_home_age,1667,1667,0.0,,2026-08-06 14:11:45.304347,
c5693a5c-6ecc-4bb6-83fb-45656a89dc70,ARCHIVE,ARCHIVE_FILE,Files/archive_unzipped/2026-08-01/provider_home_age.csv,archived.provider_home_age,2315,2315,0.0,,2026-08-06 14:08:30.851556,
07fa68f9-302a-43d6-af05-dda30fd994ab,ARCHIVE,ARCHIVE_FILE,Files/archive_unzipped/2026-08-15/provider_home_age.csv,archived.provider_home_age,2379,2379,0.0,,2026-08-16 00:13:37.274798,
c7a29ef4-9841-48cb-adc3-bc465080d157,ARCHIVE,ARCHIVE_FILE,Files/archive_unzipped/2026-08-06/provider_home_age.csv,archived.provider_home_age,2345,2345,0.0,,2026-08-07 00:14:02.597841,
c5693a5c-6ecc-4bb6-83fb-45656a89dc70,ARCHIVE,ARCHIVE_FILE,Files/archive_unzipped/2026-08-05/provider_home_age.csv,archived.provider_home_age,2323,2323,0.0,,2026-08-06 14:37:05.352973,
4d06aeac-915a-4409-a283-4d7b0fbbd16a,ARCHIVE,ARCHIVE_FILE,Files/archive_unzipped/2026-08-08/provider_home_age.csv,archived.provider_home_age,2348,2348,0.0,,2026-08-09 00:07:49.330742,
41135375-8ada-45d8-a9bb-fa196b0f5472,ARCHIVE,ARCHIVE_FILE,Files/archive_unzipped/2026-08-07/provider_home_age.csv,archived.provider_home_age,2348,2348,0.0,,2026-08-08 00:04:52.817931,
4096e6a2-b8c3-4f52-b538-2f478426abc7,ARCHIVE,ARCHIVE_FILE,Files/archive_unzipped/2026-08-20/provider_home_age.csv,archived.provider_home_age,2417,2417,0.0,,2026-08-21 00:16:25.587487,
c5693a5c-6ecc-4bb6-83fb-45656a89dc70,ARCHIVE,ARCHIVE_FILE,Files/archive_unzipped/2026-07-30/provider_home_age.csv,archived.provider_home_age,2315,2315,0.0,,2026-08-06 14:05:38.494985,
c5693a5c-6ecc-4bb6-83fb-45656a89dc70,ARCHIVE,ARCHIVE_FILE,Files/archive_unzipped/2026-08-04/provider_home_age.csv,archived.provider_home_age,2315,2315,0.0,,2026-08-06 14:01:11.413009,
c5693a5c-6ecc-4bb6-83fb-45656a89dc70,ARCHIVE,ARCHIVE_FILE,Files/archive_unzipped/2026-05-30/provider_home_age.csv,archived.provider_home_age,1984,1984,0.0,,2026-08-06 14:40:40.585969,
fbbe4d39-8ffc-4453-88ad-29fda3187b10,ARCHIVE,ARCHIVE_FILE,Files/archive_unzipped/2026-08-11/provider_home_age.csv,archived.provider_home_age,2357,2357,0.0,,2026-08-12 00:07:14.869273,
2fb28764-6a12-49b9-8bdc-b8366aa21fd5,ARCHIVE,ARCHIVE_FILE,Files/archive_unzipped/2026-08-19/provider_home_age.csv,archived.provider_home_age,2405,2405,0.0,,2026-08-20 00:10:26.145728,
1a484b8a-0967-4aa9-9302-6de8279251eb,ARCHIVE,ARCHIVE_FILE,Files/archive_unzipped/2026-08-13/provider_home_age.csv,archived.provider_home_age,2366,2366,0.0,,2026-08-14 00:19:51.877016,
574223db-5a5e-4c8a-8bc4-a2e1f4664151,SILVER,ARCHIVE_MONTH_END,archived.provider_education_provision,silver.slv_provider_education_provision,789,789,0.0,,2026-08-18 10:05:53.813746,
91566f2f-f4e5-489f-be9f-dca931de3857,SILVER,ARCHIVE_MONTH_END,archived.provider_education_provision,silver.slv_provider_education_provision,258,258,0.0,,2026-08-19 21:25:54.677202,
b8741d57-b7d4-48ea-be4a-8f820b3ccada,SILVER,ARCHIVE_MONTH_END,archived.provider_education_provision,silver.slv_provider_education_provision,258,258,0.0,,2026-08-05 16:38:41.443274,
bd45fedb-2ec9-4318-b19b-b63ac5b8d2d3,SILVER,ARCHIVE_MONTH_END,archived.provider_education_provision,silver.slv_provider_education_provision,288,288,0.0,,2026-08-19 10:00:53.635380,
5493dec2-467d-4993-8ad0-e2930151fd9b,SILVER,ARCHIVE_MONTH_END,archived.provider_education_provision,silver.slv_provider_education_provision,789,789,0.0,,2026-08-16 20:30:53.826409,
bd45fedb-2ec9-4318-b19b-b63ac5b8d2d3,SILVER,ARCHIVE_MONTH_END,archived.provider_education_provision,silver.slv_provider_education_provision,258,258,0.0,,2026-08-19 10:23:43.514709,
89d91bd3-1b17-4e3b-8868-7eafba79e9e5,SILVER,ARCHIVE_MONTH_END,archived.provider_education_provision,silver.slv_provider_education_provision,789,789,0.0,,2026-08-16 14:28:30.949444,
10b2023d-51a0-48c6-828f-9e0fc96c49c6,SILVER,ARCHIVE_MONTH_END,archived.provider_education_provision,silver.slv_provider_education_provision,310,310,0.0,,2026-08-20 07:40:18.656956,
32478996-e44a-496f-bbeb-db401fb4962e,SILVER,ARCHIVE_MONTH_END,archived.provider_education_provision,silver.slv_provider_education_provision,789,789,0.0,,2026-08-12 22:33:06.665027,
6b7d4b98-0f12-4efe-8c79-7680ae979f28,SILVER,ARCHIVE_MONTH_END,archived.provider_education_provision,silver.slv_provider_education_provision,258,258,0.0,,2026-08-05 15:51:10.837327,
ad3955df-1bd4-4ab2-b48c-83b0dfdf54a1,SILVER,ARCHIVE_MONTH_END,archived.provider_education_provision,silver.slv_provider_education_provision,316,316,0.0,,2026-08-20 09:51:36.887333,
6b7d4b98-0f12-4efe-8c79-7680ae979f28,SILVER,ARCHIVE_MONTH_END,archived.provider_education_provision,silver.slv_provider_education_provision,258,258,0.0,,2026-08-05 15:09:51.333271,
9e12a2ba-253f-4f84-a662-c39f8ec708f1,SILVER,ARCHIVE_MONTH_END,archived.provider_education_provision,silver.slv_provider_education_provision,789,789,0.0,,2026-08-16 14:52:41.915174,
99a4d35f-574f-477e-aaf4-15681100f9ce,SILVER,ARCHIVE_MONTH_END,archived.provider_education_provision,silver.slv_provider_education_provision,288,288,0.0,,2026-08-19 15:54:54.279885,
bd45fedb-2ec9-4318-b19b-b63ac5b8d2d3,SILVER,ARCHIVE_MONTH_END,archived.provider_education_provision,silver.slv_provider_education_provision,789,789,0.0,,2026-08-19 09:45:02.161474,
8d44d03e-b128-47a7-95b9-1db889b71c93,SILVER,ARCHIVE_MONTH_END,archived.provider_education_provision,silver.slv_provider_education_provision,789,789,0.0,,2026-08-06 21:24:06.919256,
5ed96198-ddf1-49fb-95ea-1521ffd97971,SILVER,ARCHIVE_MONTH_END,archived.provider_education_provision,silver.slv_provider_education_provision,789,789,0.0,,2026-08-16 15:06:08.963262,
da5fbf8d-9b8f-4d95-b8f9-f83ae65926c8,SILVER,ARCHIVE_MONTH_END,archived.provider_education_provision,silver.slv_provider_education_provision,789,789,0.0,,2026-08-12 21:15:05.366505,
c5693a5c-6ecc-4bb6-83fb-45656a89dc70,ARCHIVE,ARCHIVE_FILE,Files/archive_unzipped/2026-08-05/supervising_social_worker.csv,archived.supervising_social_worker,25,25,0.0,,2026-08-06 14:35:55.149274,
c5693a5c-6ecc-4bb6-83fb-45656a89dc70,ARCHIVE,ARCHIVE_FILE,Files/archive_unzipped/2026-07-31/supervising_social_worker.csv,archived.supervising_social_worker,25,25,0.0,,2026-08-06 14:33:07.220728,
6a814daa-4885-49b9-abf9-4ee9a752a587,ARCHIVE,ARCHIVE_FILE,Files/archive_unzipped/2026-08-12/provider_submission_docs.csv,archived.provider_submission_docs,17370,17370,0.0,,2026-08-13 00:08:24.730387,
7b7d28bb-9887-46eb-97f3-8c5f747bb4c8,ARCHIVE,ARCHIVE_FILE,Files/archive_unzipped/2026-08-09/provider_submission_docs.csv,archived.provider_submission_docs,17328,17328,0.0,,2026-08-10 00:19:02.791330,
07fa68f9-302a-43d6-af05-dda30fd994ab,ARCHIVE,ARCHIVE_FILE,Files/archive_unzipped/2026-08-15/provider_submission_docs.csv,archived.provider_submission_docs,17385,17385,0.0,,2026-08-16 00:15:25.471572,
2fb28764-6a12-49b9-8bdc-b8366aa21fd5,ARCHIVE,ARCHIVE_FILE,Files/archive_unzipped/2026-08-19/provider_submission_docs.csv,archived.provider_submission_docs,17439,17439,0.0,,2026-08-20 00:12:52.580663,
41135375-8ada-45d8-a9bb-fa196b0f5472,ARCHIVE,ARCHIVE_FILE,Files/archive_unzipped/2026-08-07/provider_submission_docs.csv,archived.provider_submission_docs,17328,17328,0.0,,2026-08-08 00:17:42.383274,
4d06aeac-915a-4409-a283-4d7b0fbbd16a,ARCHIVE,ARCHIVE_FILE,Files/archive_unzipped/2026-08-08/provider_submission_docs.csv,archived.provider_submission_docs,17328,17328,0.0,,2026-08-09 00:11:06.496313,
c5693a5c-6ecc-4bb6-83fb-45656a89dc70,ARCHIVE,ARCHIVE_FILE,Files/archive_unzipped/2026-05-30/provider_submission_docs.csv,archived.provider_submission_docs,16251,16251,0.0,,2026-08-06 13:14:39.916278,
c7a29ef4-9841-48cb-adc3-bc465080d157,ARCHIVE,ARCHIVE_FILE,Files/archive_unzipped/2026-08-06/provider_submission_docs.csv,archived.provider_submission_docs,17337,17337,0.0,,2026-08-07 00:16:36.449163,
3a127efd-272b-4984-8a6f-a5933040572d,ARCHIVE,ARCHIVE_FILE,Files/archive_unzipped/2026-08-16/provider_submission_docs.csv,archived.provider_submission_docs,17385,17385,0.0,,2026-08-17 00:11:48.670551,
c5693a5c-6ecc-4bb6-83fb-45656a89dc70,ARCHIVE,ARCHIVE_FILE,Files/archive_unzipped/2026-08-04/provider_submission_docs.csv,archived.provider_submission_docs,17288,17288,0.0,,2026-08-06 14:04:25.863104,
8e9ad3b7-6f21-43df-b0a1-71629190518b,ARCHIVE,ARCHIVE_FILE,Files/archive_unzipped/2026-08-14/provider_submission_docs.csv,archived.provider_submission_docs,17385,17385,0.0,,2026-08-15 00:13:17.981705,
93ca2362-c310-4c20-97f0-8a2bb72a22d3,ARCHIVE,ARCHIVE_FILE,Files/archive_unzipped/2026-08-17/provider_submission_docs.csv,archived.provider_submission_docs,17405,17405,0.0,,2026-08-18 00:06:53.177030,
f7f015a2-e718-4fc7-ab1c-062e743d94c8,ARCHIVE,ARCHIVE_FILE,Files/archive_unzipped/2026-08-10/provider_submission_docs.csv,archived.provider_submission_docs,17343,17343,0.0,,2026-08-11 00:13:14.016778,
82280c66-1889-4504-94e1-7a9cdb65647f,ARCHIVE,ARCHIVE_FILE,Files/archive_unzipped/2026-08-18/provider_submission_docs.csv,archived.provider_submission_docs,17398,17398,0.0,,2026-08-19 00:12:22.460693,
c5693a5c-6ecc-4bb6-83fb-45656a89dc70,ARCHIVE,ARCHIVE_FILE,Files/archive_unzipped/2026-08-03/provider_submission_docs.csv,archived.provider_submission_docs,17303,17303,0.0,,2026-08-06 14:20:11.570400,
c5693a5c-6ecc-4bb6-83fb-45656a89dc70,ARCHIVE,ARCHIVE_FILE,Files/archive_unzipped/2026-04-30/provider_submission_docs.csv,archived.provider_submission_docs,15151,15151,0.0,,2026-08-06 14:53:06.928128,
c5693a5c-6ecc-4bb6-83fb-45656a89dc70,ARCHIVE,ARCHIVE_FILE,Files/archive_unzipped/2026-07-31/provider_submission_docs.csv,archived.provider_submission_docs,17288,17288,0.0,,2026-08-06 14:47:17.023145,
c5693a5c-6ecc-4bb6-83fb-45656a89dc70,ARCHIVE,ARCHIVE_FILE,Files/archive_unzipped/2026-08-01/provider_submission_docs.csv,archived.provider_submission_docs,17288,17288,0.0,,2026-08-06 14:43:08.475632,
c5693a5c-6ecc-4bb6-83fb-45656a89dc70,ARCHIVE,ARCHIVE_FILE,Files/archive_unzipped/2026-07-30/provider_submission_docs.csv,archived.provider_submission_docs,17285,17285,0.0,,2026-08-06 13:18:43.624643,
fbbe4d39-8ffc-4453-88ad-29fda3187b10,ARCHIVE,ARCHIVE_FILE,Files/archive_unzipped/2026-08-11/provider_submission_docs.csv,archived.provider_submission_docs,17351,17351,0.0,,2026-08-12 00:20:13.155742,
1a484b8a-0967-4aa9-9302-6de8279251eb,ARCHIVE,ARCHIVE_FILE,Files/archive_unzipped/2026-08-13/provider_submission_docs.csv,archived.provider_submission_docs,17374,17374,0.0,,2026-08-14 00:09:08.591582,
c5693a5c-6ecc-4bb6-83fb-45656a89dc70,ARCHIVE,ARCHIVE_FILE,Files/archive_unzipped/2026-08-05/provider_submission_docs.csv,archived.provider_submission_docs,17328,17328,0.0,,2026-08-06 14:53:53.359529,
4096e6a2-b8c3-4f52-b538-2f478426abc7,ARCHIVE,ARCHIVE_FILE,Files/archive_unzipped/2026-08-20/provider_submission_docs.csv,archived.provider_submission_docs,17440,17440,0.0,,2026-08-21 00:05:19.268558,
c5693a5c-6ecc-4bb6-83fb-45656a89dc70,ARCHIVE,ARCHIVE_FILE,Files/archive_unzipped/2026-08-02/provider_submission_docs.csv,archived.provider_submission_docs,17303,17303,0.0,,2026-08-06 14:18:11.118591,
41135375-8ada-45d8-a9bb-fa196b0f5472,ARCHIVE,ARCHIVE_FILE,Files/archive_unzipped/2026-08-07/ipa_child_support_needs.csv,archived.ipa_child_support_needs,50,50,0.0,,2026-08-08 00:19:13.118176,
c5693a5c-6ecc-4bb6-83fb-45656a89dc70,ARCHIVE,ARCHIVE_FILE,Files/archive_unzipped/2026-05-30/ipa_child_support_needs.csv,archived.ipa_child_support_needs,11,11,0.0,,2026-08-06 14:03:39.500505,
82280c66-1889-4504-94e1-7a9cdb65647f,ARCHIVE,ARCHIVE_FILE,Files/archive_unzipped/2026-08-18/ipa_child_support_needs.csv,archived.ipa_child_support_needs,57,57,0.0,,2026-08-19 00:08:25.967157,
fbbe4d39-8ffc-4453-88ad-29fda3187b10,ARCHIVE,ARCHIVE_FILE,Files/archive_unzipped/2026-08-11/ipa_child_support_needs.csv,archived.ipa_child_support_needs,51,51,0.0,,2026-08-12 00:17:46.652852,
c5693a5c-6ecc-4bb6-83fb-45656a89dc70,ARCHIVE,ARCHIVE_FILE,Files/archive_unzipped/2026-08-05/ipa_child_support_needs.csv,archived.ipa_child_support_needs,48,48,0.0,,2026-08-06 13:59:14.574651,
4d06aeac-915a-4409-a283-4d7b0fbbd16a,ARCHIVE,ARCHIVE_FILE,Files/archive_unzipped/2026-08-08/ipa_child_support_needs.csv,archived.ipa_child_support_needs,50,50,0.0,,2026-08-09 00:16:27.063068,
4d06aeac-915a-4409-a283-4d7b0fbbd16a,ARCHIVE,ARCHIVE_FILE,Files/archive_unzipped/2026-08-08/provider_home_spot_category.csv,archived.provider_home_spot_category,1585,1585,0.0,,2026-08-09 00:05:53.158155,
07fa68f9-302a-43d6-af05-dda30fd994ab,ARCHIVE,ARCHIVE_FILE,Files/archive_unzipped/2026-08-15/provider_home_spot_category.csv,archived.provider_home_spot_category,1634,1634,0.0,,2026-08-16 00:17:40.488960,
c5693a5c-6ecc-4bb6-83fb-45656a89dc70,ARCHIVE,ARCHIVE_FILE,Files/archive_unzipped/2026-08-03/provider_home_spot_category.csv,archived.provider_home_spot_category,1531,1531,0.0,,2026-08-06 13:31:10.551819,
c5693a5c-6ecc-4bb6-83fb-45656a89dc70,ARCHIVE,ARCHIVE_FILE,Files/archive_unzipped/2026-05-30/provider_home_spot_category.csv,archived.provider_home_spot_category,1201,1201,0.0,,2026-08-06 14:17:25.300183,
82280c66-1889-4504-94e1-7a9cdb65647f,ARCHIVE,ARCHIVE_FILE,Files/archive_unzipped/2026-08-18/provider_home_spot_category.csv,archived.provider_home_spot_category,1677,1677,0.0,,2026-08-19 00:04:57.485425,
2fb28764-6a12-49b9-8bdc-b8366aa21fd5,ARCHIVE,ARCHIVE_FILE,Files/archive_unzipped/2026-08-19/provider_home_spot_category.csv,archived.provider_home_spot_category,1680,1680,0.0,,2026-08-20 00:14:29.648892,
3a127efd-272b-4984-8a6f-a5933040572d,ARCHIVE,ARCHIVE_FILE,Files/archive_unzipped/2026-08-16/provider_home_spot_category.csv,archived.provider_home_spot_category,1634,1634,0.0,,2026-08-17 00:06:01.489193,
c5693a5c-6ecc-4bb6-83fb-45656a89dc70,ARCHIVE,ARCHIVE_FILE,Files/archive_unzipped/2026-07-31/provider_home_spot_category.csv,archived.provider_home_spot_category,1531,1531,0.0,,2026-08-06 14:02:50.599232,
c7a29ef4-9841-48cb-adc3-bc465080d157,ARCHIVE,ARCHIVE_FILE,Files/archive_unzipped/2026-08-06/provider_home_spot_category.csv,archived.provider_home_spot_category,1582,1582,0.0,,2026-08-07 00:15:42.480497,
41135375-8ada-45d8-a9bb-fa196b0f5472,ARCHIVE,ARCHIVE_FILE,Files/archive_unzipped/2026-08-07/provider_home_spot_category.csv,archived.provider_home_spot_category,1585,1585,0.0,,2026-08-08 00:15:51.429606,
4096e6a2-b8c3-4f52-b538-2f478426abc7,ARCHIVE,ARCHIVE_FILE,Files/archive_unzipped/2026-08-20/provider_home_spot_category.csv,archived.provider_home_spot_category,1692,1692,0.0,,2026-08-21 00:07:59.893566,
1a484b8a-0967-4aa9-9302-6de8279251eb,ARCHIVE,ARCHIVE_FILE,Files/archive_unzipped/2026-08-13/provider_home_spot_category.csv,archived.provider_home_spot_category,1618,1618,0.0,,2026-08-14 00:13:15.237097,
8e9ad3b7-6f21-43df-b0a1-71629190518b,ARCHIVE,ARCHIVE_FILE,Files/archive_unzipped/2026-08-14/provider_home_spot_category.csv,archived.provider_home_spot_category,1634,1634,0.0,,2026-08-15 00:20:03.193130,
c5693a5c-6ecc-4bb6-83fb-45656a89dc70,ARCHIVE,ARCHIVE_FILE,Files/archive_unzipped/2026-08-05/provider_home_spot_category.csv,archived.provider_home_spot_category,1544,1544,0.0,,2026-08-06 13:07:44.718338,
c5693a5c-6ecc-4bb6-83fb-45656a89dc70,ARCHIVE,ARCHIVE_FILE,Files/archive_unzipped/2026-08-04/provider_home_spot_category.csv,archived.provider_home_spot_category,1531,1531,0.0,,2026-08-06 13:50:23.158580,
c5693a5c-6ecc-4bb6-83fb-45656a89dc70,ARCHIVE,ARCHIVE_FILE,Files/archive_unzipped/2026-04-30/provider_home_spot_category.csv,archived.provider_home_spot_category,1032,1032,0.0,,2026-08-06 13:30:45.529205,
c5693a5c-6ecc-4bb6-83fb-45656a89dc70,ARCHIVE,ARCHIVE_FILE,Files/archive_unzipped/2026-07-30/provider_home_spot_category.csv,archived.provider_home_spot_category,1531,1531,0.0,,2026-08-06 14:58:43.140478,
f7f015a2-e718-4fc7-ab1c-062e743d94c8,ARCHIVE,ARCHIVE_FILE,Files/archive_unzipped/2026-08-10/provider_home_spot_category.csv,archived.provider_home_spot_category,1601,1601,0.0,,2026-08-11 00:18:09.810816,
7b7d28bb-9887-46eb-97f3-8c5f747bb4c8,ARCHIVE,ARCHIVE_FILE,Files/archive_unzipped/2026-08-09/provider_home_spot_category.csv,archived.provider_home_spot_category,1585,1585,0.0,,2026-08-10 00:19:31.419368,
c5693a5c-6ecc-4bb6-83fb-45656a89dc70,ARCHIVE,ARCHIVE_FILE,Files/archive_unzipped/2026-08-02/provider_home_spot_category.csv,archived.provider_home_spot_category,1531,1531,0.0,,2026-08-06 14:28:15.878073,
fbbe4d39-8ffc-4453-88ad-29fda3187b10,ARCHIVE,ARCHIVE_FILE,Files/archive_unzipped/2026-08-11/provider_home_spot_category.csv,archived.provider_home_spot_category,1601,1601,0.0,,2026-08-12 00:12:24.844104,
c5693a5c-6ecc-4bb6-83fb-45656a89dc70,ARCHIVE,ARCHIVE_FILE,Files/archive_unzipped/2026-08-01/referral_provider_message.csv,archived.referral_provider_message,3711,3711,0.0,,2026-08-06 14:26:37.819973,
41135375-8ada-45d8-a9bb-fa196b0f5472,ARCHIVE,ARCHIVE_FILE,Files/archive_unzipped/2026-08-07/referral_provider_message.csv,archived.referral_provider_message,4130,4130,0.0,,2026-08-08 00:06:40.445441,
1a484b8a-0967-4aa9-9302-6de8279251eb,ARCHIVE,ARCHIVE_FILE,Files/archive_unzipped/2026-08-13/referral_provider_message.csv,archived.referral_provider_message,4437,4437,0.0,,2026-08-14 00:10:49.234330,
8e9ad3b7-6f21-43df-b0a1-71629190518b,ARCHIVE,ARCHIVE_FILE,Files/archive_unzipped/2026-08-14/referral_provider_message.csv,archived.referral_provider_message,4512,4512,0.0,,2026-08-15 00:08:22.846175,
f7f015a2-e718-4fc7-ab1c-062e743d94c8,ARCHIVE,ARCHIVE_FILE,Files/archive_unzipped/2026-08-10/referral_provider_message.csv,archived.referral_provider_message,4198,4198,0.0,,2026-08-11 00:08:32.468671,
c5693a5c-6ecc-4bb6-83fb-45656a89dc70,ARCHIVE,ARCHIVE_FILE,Files/archive_unzipped/2026-08-02/referral_provider_message.csv,archived.referral_provider_message,3714,3714,0.0,,2026-08-06 13:05:26.439259,
c5693a5c-6ecc-4bb6-83fb-45656a89dc70,ARCHIVE,ARCHIVE_FILE,Files/archive_unzipped/2026-07-31/referral_provider_message.csv,archived.referral_provider_message,3711,3711,0.0,,2026-08-06 14:03:16.392565,
c7a29ef4-9841-48cb-adc3-bc465080d157,ARCHIVE,ARCHIVE_FILE,Files/archive_unzipped/2026-08-06/referral_provider_message.csv,archived.referral_provider_message,4078,4078,0.0,,2026-08-07 00:05:26.274322,
7b7d28bb-9887-46eb-97f3-8c5f747bb4c8,ARCHIVE,ARCHIVE_FILE,Files/archive_unzipped/2026-08-09/referral_provider_message.csv,archived.referral_provider_message,4131,4131,0.0,,2026-08-10 00:02:48.298835,
4d06aeac-915a-4409-a283-4d7b0fbbd16a,ARCHIVE,ARCHIVE_FILE,Files/archive_unzipped/2026-08-08/referral_provider_message.csv,archived.referral_provider_message,4130,4130,0.0,,2026-08-09 00:07:18.778925,
6a814daa-4885-49b9-abf9-4ee9a752a587,ARCHIVE,ARCHIVE_FILE,Files/archive_unzipped/2026-08-12/referral_provider_message.csv,archived.referral_provider_message,4364,4364,0.0,,2026-08-13 00:10:54.374663,
4096e6a2-b8c3-4f52-b538-2f478426abc7,ARCHIVE,ARCHIVE_FILE,Files/archive_unzipped/2026-08-20/referral_provider_message.csv,archived.referral_provider_message,4922,4922,0.0,,2026-08-21 00:04:32.150113,
93ca2362-c310-4c20-97f0-8a2bb72a22d3,ARCHIVE,ARCHIVE_FILE,Files/archive_unzipped/2026-08-17/referral_provider_message.csv,archived.referral_provider_message,4605,4605,0.0,,2026-08-18 00:06:01.145638,
3a127efd-272b-4984-8a6f-a5933040572d,ARCHIVE,ARCHIVE_FILE,Files/archive_unzipped/2026-08-16/referral_provider_message.csv,archived.referral_provider_message,4522,4522,0.0,,2026-08-17 00:16:26.884921,
c5693a5c-6ecc-4bb6-83fb-45656a89dc70,ARCHIVE,ARCHIVE_FILE,Files/archive_unzipped/2026-07-30/referral_provider_message.csv,archived.referral_provider_message,3653,3653,0.0,,2026-08-06 15:02:20.611309,
2fb28764-6a12-49b9-8bdc-b8366aa21fd5,ARCHIVE,ARCHIVE_FILE,Files/archive_unzipped/2026-08-19/referral_provider_message.csv,archived.referral_provider_message,4850,4850,0.0,,2026-08-20 00:15:19.436294,
c5693a5c-6ecc-4bb6-83fb-45656a89dc70,ARCHIVE,ARCHIVE_FILE,Files/archive_unzipped/2026-08-03/referral_provider_message.csv,archived.referral_provider_message,3851,3851,0.0,,2026-08-06 14:01:35.801546,
c5693a5c-6ecc-4bb6-83fb-45656a89dc70,ARCHIVE,ARCHIVE_FILE,Files/archive_unzipped/2026-08-04/referral_provider_message.csv,archived.referral_provider_message,3921,3921,0.0,,2026-08-06 14:51:07.390531,
fbbe4d39-8ffc-4453-88ad-29fda3187b10,ARCHIVE,ARCHIVE_FILE,Files/archive_unzipped/2026-08-11/referral_provider_message.csv,archived.referral_provider_message,4301,4301,0.0,,2026-08-12 00:12:57.437429,
c5693a5c-6ecc-4bb6-83fb-45656a89dc70,ARCHIVE,ARCHIVE_FILE,Files/archive_unzipped/2026-08-05/referral_provider_message.csv,archived.referral_provider_message,4000,4000,0.0,,2026-08-06 13:22:27.548469,
82280c66-1889-4504-94e1-7a9cdb65647f,ARCHIVE,ARCHIVE_FILE,Files/archive_unzipped/2026-08-18/referral_provider_message.csv,archived.referral_provider_message,4768,4768,0.0,,2026-08-19 00:15:16.856140,
07fa68f9-302a-43d6-af05-dda30fd994ab,ARCHIVE,ARCHIVE_FILE,Files/archive_unzipped/2026-08-15/referral_provider_message.csv,archived.referral_provider_message,4513,4513,0.0,,2026-08-16 00:17:04.808207,
c5693a5c-6ecc-4bb6-83fb-45656a89dc70,ARCHIVE,ARCHIVE_FILE,Files/archive_unzipped/2026-05-30/referral_provider_message.csv,archived.referral_provider_message,633,633,0.0,,2026-08-06 14:54:19.399555,
4d06aeac-915a-4409-a283-4d7b0fbbd16a,ARCHIVE,ARCHIVE_FILE,Files/archive_unzipped/2026-08-08/supervising_social_worker.csv,archived.supervising_social_worker,27,27,0.0,,2026-08-09 00:13:28.489197,
2fb28764-6a12-49b9-8bdc-b8366aa21fd5,ARCHIVE,ARCHIVE_FILE,Files/archive_unzipped/2026-08-19/supervising_social_worker.csv,archived.supervising_social_worker,31,31,0.0,,2026-08-20 00:09:36.531666,
6a814daa-4885-49b9-abf9-4ee9a752a587,ARCHIVE,ARCHIVE_FILE,Files/archive_unzipped/2026-08-12/supervising_social_worker.csv,archived.supervising_social_worker,28,28,0.0,,2026-08-13 00:05:34.741405,
4096e6a2-b8c3-4f52-b538-2f478426abc7,ARCHIVE,ARCHIVE_FILE,Files/archive_unzipped/2026-08-20/supervising_social_worker.csv,archived.supervising_social_worker,31,31,0.0,,2026-08-21 00:09:29.551768,
f7f015a2-e718-4fc7-ab1c-062e743d94c8,ARCHIVE,ARCHIVE_FILE,Files/archive_unzipped/2026-08-10/supervising_social_worker.csv,archived.supervising_social_worker,27,27,0.0,,2026-08-11 00:09:00.800265,
c5693a5c-6ecc-4bb6-83fb-45656a89dc70,ARCHIVE,ARCHIVE_FILE,Files/archive_unzipped/2026-08-01/supervising_social_worker.csv,archived.supervising_social_worker,25,25,0.0,,2026-08-06 13:49:59.742963,
c5693a5c-6ecc-4bb6-83fb-45656a89dc70,ARCHIVE,ARCHIVE_FILE,Files/archive_unzipped/2026-07-30/supervising_social_worker.csv,archived.supervising_social_worker,25,25,0.0,,2026-08-06 14:08:07.971095,
c5693a5c-6ecc-4bb6-83fb-45656a89dc70,ARCHIVE,ARCHIVE_FILE,Files/archive_unzipped/2026-08-03/supervising_social_worker.csv,archived.supervising_social_worker,25,25,0.0,,2026-08-06 14:14:32.705550,
1a484b8a-0967-4aa9-9302-6de8279251eb,ARCHIVE,ARCHIVE_FILE,Files/archive_unzipped/2026-08-13/supervising_social_worker.csv,archived.supervising_social_worker,28,28,0.0,,2026-08-14 00:18:50.496897,
93ca2362-c310-4c20-97f0-8a2bb72a22d3,ARCHIVE,ARCHIVE_FILE,Files/archive_unzipped/2026-08-17/supervising_social_worker.csv,archived.supervising_social_worker,29,29,0.0,,2026-08-18 00:05:33.889361,
8e9ad3b7-6f21-43df-b0a1-71629190518b,ARCHIVE,ARCHIVE_FILE,Files/archive_unzipped/2026-08-14/supervising_social_worker.csv,archived.supervising_social_worker,28,28,0.0,,2026-08-15 00:07:41.018935,
c5693a5c-6ecc-4bb6-83fb-45656a89dc70,ARCHIVE,ARCHIVE_FILE,Files/archive_unzipped/2026-08-02/supervising_social_worker.csv,archived.supervising_social_worker,25,25,0.0,,2026-08-06 13:53:28.926483,
7b7d28bb-9887-46eb-97f3-8c5f747bb4c8,ARCHIVE,ARCHIVE_FILE,Files/archive_unzipped/2026-08-09/supervising_social_worker.csv,archived.supervising_social_worker,27,27,0.0,,2026-08-10 00:03:56.209535,
41135375-8ada-45d8-a9bb-fa196b0f5472,ARCHIVE,ARCHIVE_FILE,Files/archive_unzipped/2026-08-07/supervising_social_worker.csv,archived.supervising_social_worker,27,27,0.0,,2026-08-08 00:03:09.946529,
c5693a5c-6ecc-4bb6-83fb-45656a89dc70,ARCHIVE,ARCHIVE_FILE,Files/archive_unzipped/2026-08-04/supervising_social_worker.csv,archived.supervising_social_worker,25,25,0.0,,2026-08-06 13:42:18.780956,
07fa68f9-302a-43d6-af05-dda30fd994ab,ARCHIVE,ARCHIVE_FILE,Files/archive_unzipped/2026-08-15/supervising_social_worker.csv,archived.supervising_social_worker,28,28,0.0,,2026-08-16 00:12:24.440925,
c7a29ef4-9841-48cb-adc3-bc465080d157,ARCHIVE,ARCHIVE_FILE,Files/archive_unzipped/2026-08-06/supervising_social_worker.csv,archived.supervising_social_worker,26,26,0.0,,2026-08-07 00:16:08.462976,
82280c66-1889-4504-94e1-7a9cdb65647f,ARCHIVE,ARCHIVE_FILE,Files/archive_unzipped/2026-08-18/supervising_social_worker.csv,archived.supervising_social_worker,30,30,0.0,,2026-08-19 00:13:30.887152,
3a127efd-272b-4984-8a6f-a5933040572d,ARCHIVE,ARCHIVE_FILE,Files/archive_unzipped/2026-08-16/supervising_social_worker.csv,archived.supervising_social_worker,28,28,0.0,,2026-08-17 00:11:23.491518,
fbbe4d39-8ffc-4453-88ad-29fda3187b10,ARCHIVE,ARCHIVE_FILE,Files/archive_unzipped/2026-08-11/supervising_social_worker.csv,archived.supervising_social_worker,28,28,0.0,,2026-08-12 00:04:54.046798,
c5693a5c-6ecc-4bb6-83fb-45656a89dc70,ARCHIVE,ARCHIVE_FILE,Files/archive_unzipped/2026-07-31/ipa_child.csv,archived.ipa_child,20,20,0.0,,2026-08-06 14:17:47.486050,
c5693a5c-6ecc-4bb6-83fb-45656a89dc70,ARCHIVE,ARCHIVE_FILE,Files/archive_unzipped/2026-08-03/ipa_child.csv,archived.ipa_child,26,26,0.0,,2026-08-06 13:15:59.904223,
8e9ad3b7-6f21-43df-b0a1-71629190518b,ARCHIVE,ARCHIVE_FILE,Files/archive_unzipped/2026-08-14/ipa_child.csv,archived.ipa_child,29,29,0.0,,2026-08-15 00:06:20.430954,
41135375-8ada-45d8-a9bb-fa196b0f5472,ARCHIVE,ARCHIVE_FILE,Files/archive_unzipped/2026-08-07/ipa_child.csv,archived.ipa_child,27,27,0.0,,2026-08-08 00:12:37.247068,
82280c66-1889-4504-94e1-7a9cdb65647f,ARCHIVE,ARCHIVE_FILE,Files/archive_unzipped/2026-08-18/ipa_child.csv,archived.ipa_child,32,32,0.0,,2026-08-19 00:18:02.828162,
4a4bbcc2-6c72-4e33-b176-b324b2fb7719,SILVER,ARCHIVE,archived.referral_provider_message,silver.slv_referral_provider_message,1598,1598,0.0,,2026-08-04 22:23:10.011154,
4d06aeac-915a-4409-a283-4d7b0fbbd16a,ARCHIVE,ARCHIVE_FILE,Files/archive_unzipped/2026-08-08/ipa_child.csv,archived.ipa_child,27,27,0.0,,2026-08-09 00:08:17.264620,
4096e6a2-b8c3-4f52-b538-2f478426abc7,ARCHIVE,ARCHIVE_FILE,Files/archive_unzipped/2026-08-20/ipa_child.csv,archived.ipa_child,35,35,0.0,,2026-08-21 00:11:05.051625,
1a484b8a-0967-4aa9-9302-6de8279251eb,ARCHIVE,ARCHIVE_FILE,Files/archive_unzipped/2026-08-13/ipa_child.csv,archived.ipa_child,28,28,0.0,,2026-08-14 00:21:49.490106,
c5693a5c-6ecc-4bb6-83fb-45656a89dc70,ARCHIVE,ARCHIVE_FILE,Files/archive_unzipped/2026-07-30/ipa_child.csv,archived.ipa_child,19,19,0.0,,2026-08-06 13:57:28.412220,
4a4bbcc2-6c72-4e33-b176-b324b2fb7719,SILVER,ARCHIVE,archived.referral_provider_message,silver.slv_referral_provider_message,1512,1512,0.0,,2026-08-04 22:11:28.344434,
93ca2362-c310-4c20-97f0-8a2bb72a22d3,ARCHIVE,ARCHIVE_FILE,Files/archive_unzipped/2026-08-17/ipa_child.csv,archived.ipa_child,31,31,0.0,,2026-08-18 00:03:04.494441,
7b7d28bb-9887-46eb-97f3-8c5f747bb4c8,ARCHIVE,ARCHIVE_FILE,Files/archive_unzipped/2026-08-09/ipa_child.csv,archived.ipa_child,27,27,0.0,,2026-08-10 00:16:36.483887,
fbbe4d39-8ffc-4453-88ad-29fda3187b10,ARCHIVE,ARCHIVE_FILE,Files/archive_unzipped/2026-08-11/ipa_child.csv,archived.ipa_child,28,28,0.0,,2026-08-12 00:15:46.696755,
07fa68f9-302a-43d6-af05-dda30fd994ab,ARCHIVE,ARCHIVE_FILE,Files/archive_unzipped/2026-08-15/ipa_child.csv,archived.ipa_child,29,29,0.0,,2026-08-16 00:07:50.164786,
f7f015a2-e718-4fc7-ab1c-062e743d94c8,ARCHIVE,ARCHIVE_FILE,Files/archive_unzipped/2026-08-10/ipa_child.csv,archived.ipa_child,28,28,0.0,,2026-08-11 00:16:40.780927,
c7a29ef4-9841-48cb-adc3-bc465080d157,ARCHIVE,ARCHIVE_FILE,Files/archive_unzipped/2026-08-06/ipa_child.csv,archived.ipa_child,27,27,0.0,,2026-08-07 00:10:28.515950,
c5693a5c-6ecc-4bb6-83fb-45656a89dc70,ARCHIVE,ARCHIVE_FILE,Files/archive_unzipped/2026-08-04/ipa_child.csv,archived.ipa_child,26,26,0.0,,2026-08-06 13:11:26.548244,
6a814daa-4885-49b9-abf9-4ee9a752a587,ARCHIVE,ARCHIVE_FILE,Files/archive_unzipped/2026-08-12/ipa_child.csv,archived.ipa_child,28,28,0.0,,2026-08-13 00:21:05.118021,
c5693a5c-6ecc-4bb6-83fb-45656a89dc70,ARCHIVE,ARCHIVE_FILE,Files/archive_unzipped/2026-08-05/ipa_child.csv,archived.ipa_child,26,26,0.0,,2026-08-06 13:55:29.522309,
4a4bbcc2-6c72-4e33-b176-b324b2fb7719,SILVER,ARCHIVE,archived.referral_provider_message,silver.slv_referral_provider_message,1542,1542,0.0,,2026-08-04 22:17:12.248267,
c5693a5c-6ecc-4bb6-83fb-45656a89dc70,ARCHIVE,ARCHIVE_FILE,Files/archive_unzipped/2026-08-01/ipa_child.csv,archived.ipa_child,20,20,0.0,,2026-08-06 13:49:34.505873,
3a127efd-272b-4984-8a6f-a5933040572d,ARCHIVE,ARCHIVE_FILE,Files/archive_unzipped/2026-08-16/ipa_child.csv,archived.ipa_child,29,29,0.0,,2026-08-17 00:08:15.512620,
c5693a5c-6ecc-4bb6-83fb-45656a89dc70,ARCHIVE,ARCHIVE_FILE,Files/archive_unzipped/2026-05-30/ipa_child.csv,archived.ipa_child,3,3,0.0,,2026-08-06 14:41:53.531592,
dc5834a6-f5e4-433e-aaee-7c9a683ceb73,ARCHIVE,ARCHIVE_FILE,Files/archive_unzipped/2026-04-30/framework.csv,archived.framework,3,3,0.0,,2026-08-06 00:56:38.173518,
dc5834a6-f5e4-433e-aaee-7c9a683ceb73,ARCHIVE,ARCHIVE_FILE,Files/archive_unzipped/2026-05-30/framework.csv,archived.framework,3,3,0.0,,2026-08-06 07:31:40.279987,
fbbe4d39-8ffc-4453-88ad-29fda3187b10,ARCHIVE,ARCHIVE_FILE,Files/archive_unzipped/2026-08-11/referral.csv,archived.referral,571,571,0.0,,2026-08-12 00:13:31.872038,
c5693a5c-6ecc-4bb6-83fb-45656a89dc70,ARCHIVE,ARCHIVE_FILE,Files/archive_unzipped/2026-08-02/provider.csv,archived.provider,650,650,0.0,,2026-08-06 14:14:06.720956,
82280c66-1889-4504-94e1-7a9cdb65647f,ARCHIVE,ARCHIVE_FILE,Files/archive_unzipped/2026-08-18/provider.csv,archived.provider,677,677,0.0,,2026-08-19 00:10:17.550391,
6d5b71dc-89d7-4fd2-b33f-6bb79b1845cd,SILVER,ARCHIVE,archived.supervising_social_worker,silver.slv_supervising_social_worker,5,5,0.0,,2026-08-04 17:40:41.594403,
c5693a5c-6ecc-4bb6-83fb-45656a89dc70,ARCHIVE,ARCHIVE_FILE,Files/archive_unzipped/2026-08-04/referral.csv,archived.referral,525,525,0.0,,2026-08-06 14:16:34.438314,
c5693a5c-6ecc-4bb6-83fb-45656a89dc70,ARCHIVE,ARCHIVE_FILE,Files/archive_unzipped/2026-08-05/referral.csv,archived.referral,535,535,0.0,,2026-08-06 14:34:16.771892,
6d5b71dc-89d7-4fd2-b33f-6bb79b1845cd,SILVER,ARCHIVE,archived.provider_home_spot_category,silver.slv_provider_home_spot_category,1343,1343,0.0,,2026-08-04 17:15:11.647049,
6d5b71dc-89d7-4fd2-b33f-6bb79b1845cd,SILVER,ARCHIVE,archived.provider_home_spot_category,silver.slv_provider_home_spot_category,1316,1316,0.0,,2026-08-04 17:08:33.593567,
6d5b71dc-89d7-4fd2-b33f-6bb79b1845cd,SILVER,ARCHIVE,archived.provider_home_spot_category,silver.slv_provider_home_spot_category,1358,1358,0.0,,2026-08-04 17:37:49.977352,
6d5b71dc-89d7-4fd2-b33f-6bb79b1845cd,SILVER,ARCHIVE,archived.provider_home_spot_category,silver.slv_provider_home_spot_category,1361,1361,0.0,,2026-08-04 17:46:01.042879,
6d5b71dc-89d7-4fd2-b33f-6bb79b1845cd,SILVER,ARCHIVE,archived.provider_home_spot_category,silver.slv_provider_home_spot_category,1343,1343,0.0,,2026-08-04 17:21:54.820237,
6d5b71dc-89d7-4fd2-b33f-6bb79b1845cd,SILVER,ARCHIVE,archived.provider_home_spot_category,silver.slv_provider_home_spot_category,1301,1301,0.0,,2026-08-04 17:01:40.729144,
6d5b71dc-89d7-4fd2-b33f-6bb79b1845cd,SILVER,ARCHIVE,archived.provider_home_spot_category,silver.slv_provider_home_spot_category,1300,1300,0.0,,2026-08-04 16:53:31.031491,
6d5b71dc-89d7-4fd2-b33f-6bb79b1845cd,SILVER,ARCHIVE,archived.provider_home_spot_category,silver.slv_provider_home_spot_category,1300,1300,0.0,,2026-08-04 16:44:58.391728,
6d5b71dc-89d7-4fd2-b33f-6bb79b1845cd,SILVER,ARCHIVE,archived.provider_home_spot_category,silver.slv_provider_home_spot_category,1347,1347,0.0,,2026-08-04 17:29:38.539502,
8384f3fd-d320-4530-bc69-530789fba495,SILVER,LATEST,bronze.referral_provider_decline_reason,silver.slv_referral_provider_decline_reason,15136,15136,0.0,,2026-08-16 11:29:50.353077,
b8741d57-b7d4-48ea-be4a-8f820b3ccada,SILVER,ARCHIVE_MONTH_END,archived.provider_home_gender,silver.slv_provider_home_gender,2092,2092,0.0,,2026-08-05 16:41:36.119626,
32478996-e44a-496f-bbeb-db401fb4962e,SILVER,ARCHIVE_MONTH_END,archived.provider_home_gender,silver.slv_provider_home_gender,1667,1667,0.0,,2026-08-12 22:34:32.682147,
5ed96198-ddf1-49fb-95ea-1521ffd97971,SILVER,ARCHIVE_MONTH_END,archived.provider_home_gender,silver.slv_provider_home_gender,1667,1667,0.0,,2026-08-16 15:07:18.132041,
6b7d4b98-0f12-4efe-8c79-7680ae979f28,SILVER,ARCHIVE_MONTH_END,archived.provider_home_gender,silver.slv_provider_home_gender,2092,2092,0.0,,2026-08-05 15:53:13.131128,
bd45fedb-2ec9-4318-b19b-b63ac5b8d2d3,SILVER,ARCHIVE_MONTH_END,archived.provider_home_gender,silver.slv_provider_home_gender,2092,2092,0.0,,2026-08-19 10:25:06.333769,
5493dec2-467d-4993-8ad0-e2930151fd9b,SILVER,ARCHIVE_MONTH_END,archived.provider_home_gender,silver.slv_provider_home_gender,1667,1667,0.0,,2026-08-16 20:32:12.781482,
89d91bd3-1b17-4e3b-8868-7eafba79e9e5,SILVER,ARCHIVE_MONTH_END,archived.provider_home_gender,silver.slv_provider_home_gender,1667,1667,0.0,,2026-08-16 14:30:10.728522,
91566f2f-f4e5-489f-be9f-dca931de3857,SILVER,ARCHIVE_MONTH_END,archived.provider_home_gender,silver.slv_provider_home_gender,2092,2092,0.0,,2026-08-19 21:27:19.545862,
bd45fedb-2ec9-4318-b19b-b63ac5b8d2d3,SILVER,ARCHIVE_MONTH_END,archived.provider_home_gender,silver.slv_provider_home_gender,1667,1667,0.0,,2026-08-19 09:46:30.094000,
99a4d35f-574f-477e-aaf4-15681100f9ce,SILVER,ARCHIVE_MONTH_END,archived.provider_home_gender,silver.slv_provider_home_gender,1984,1984,0.0,,2026-08-19 15:56:10.995202,
574223db-5a5e-4c8a-8bc4-a2e1f4664151,SILVER,ARCHIVE_MONTH_END,archived.provider_home_gender,silver.slv_provider_home_gender,1667,1667,0.0,,2026-08-18 10:08:08.133048,
9e12a2ba-253f-4f84-a662-c39f8ec708f1,SILVER,ARCHIVE_MONTH_END,archived.provider_home_gender,silver.slv_provider_home_gender,1667,1667,0.0,,2026-08-16 14:53:49.794539,
da5fbf8d-9b8f-4d95-b8f9-f83ae65926c8,SILVER,ARCHIVE_MONTH_END,archived.provider_home_gender,silver.slv_provider_home_gender,1667,1667,0.0,,2026-08-12 21:17:14.818118,
6b7d4b98-0f12-4efe-8c79-7680ae979f28,SILVER,ARCHIVE_MONTH_END,archived.provider_home_gender,silver.slv_provider_home_gender,2092,2092,0.0,,2026-08-05 15:11:57.355659,
bd45fedb-2ec9-4318-b19b-b63ac5b8d2d3,SILVER,ARCHIVE_MONTH_END,archived.provider_home_gender,silver.slv_provider_home_gender,1984,1984,0.0,,2026-08-19 10:02:21.472252,
ad3955df-1bd4-4ab2-b48c-83b0dfdf54a1,SILVER,ARCHIVE_MONTH_END,archived.provider_home_gender,silver.slv_provider_home_gender,2405,2405,0.0,,2026-08-20 09:53:17.946481,
8d44d03e-b128-47a7-95b9-1db889b71c93,SILVER,ARCHIVE_MONTH_END,archived.provider_home_gender,silver.slv_provider_home_gender,1667,1667,0.0,,2026-08-06 21:26:06.356544,
10b2023d-51a0-48c6-828f-9e0fc96c49c6,SILVER,ARCHIVE_MONTH_END,archived.provider_home_gender,silver.slv_provider_home_gender,2315,2315,0.0,,2026-08-20 07:42:09.247631,
8384f3fd-d320-4530-bc69-530789fba495,SILVER,LATEST,bronze.referral_provider_cancel_reason,silver.slv_referral_provider_cancel_reason,24720,24720,0.0,,2026-08-16 11:29:13.194134,
c5693a5c-6ecc-4bb6-83fb-45656a89dc70,ARCHIVE,ARCHIVE_FILE,Files/archive_unzipped/2026-08-02/ipa_child.csv,archived.ipa_child,20,20,0.0,,2026-08-06 15:01:55.009409,
2fb28764-6a12-49b9-8bdc-b8366aa21fd5,ARCHIVE,ARCHIVE_FILE,Files/archive_unzipped/2026-08-19/ipa_child.csv,archived.ipa_child,33,33,0.0,,2026-08-20 00:10:49.039902,
4a4bbcc2-6c72-4e33-b176-b324b2fb7719,SILVER,ARCHIVE,archived.referral_provider_message,silver.slv_referral_provider_message,1639,1639,0.0,,2026-08-04 22:28:31.990849,
6b7d4b98-0f12-4efe-8c79-7680ae979f28,SILVER,ARCHIVE_MONTH_END,archived.referral_spot_category,silver.slv_referral_spot_category,98,98,0.0,,2026-08-05 15:56:50.810956,
91566f2f-f4e5-489f-be9f-dca931de3857,SILVER,ARCHIVE_MONTH_END,archived.referral_spot_category,silver.slv_referral_spot_category,98,98,0.0,,2026-08-19 21:23:03.253911,
6b7d4b98-0f12-4efe-8c79-7680ae979f28,SILVER,ARCHIVE_MONTH_END,archived.referral_spot_category,silver.slv_referral_spot_category,98,98,0.0,,2026-08-05 15:15:43.230812,
bd45fedb-2ec9-4318-b19b-b63ac5b8d2d3,SILVER,ARCHIVE_MONTH_END,archived.referral_spot_category,silver.slv_referral_spot_category,98,98,0.0,,2026-08-19 10:20:51.110243,
bd45fedb-2ec9-4318-b19b-b63ac5b8d2d3,SILVER,ARCHIVE_MONTH_END,archived.referral_spot_category,silver.slv_referral_spot_category,35,35,0.0,,2026-08-19 09:58:08.123983,
b8741d57-b7d4-48ea-be4a-8f820b3ccada,SILVER,ARCHIVE_MONTH_END,archived.referral_spot_category,silver.slv_referral_spot_category,98,98,0.0,,2026-08-05 16:47:10.639318,
4a4bbcc2-6c72-4e33-b176-b324b2fb7719,SILVER,ARCHIVE,archived.provider_education_provision,silver.slv_provider_education_provision,258,258,0.0,,2026-08-04 22:08:37.766408,
4a4bbcc2-6c72-4e33-b176-b324b2fb7719,SILVER,ARCHIVE,archived.provider_education_provision,silver.slv_provider_education_provision,256,256,0.0,,2026-08-04 22:26:11.826349,
4a4bbcc2-6c72-4e33-b176-b324b2fb7719,SILVER,ARCHIVE,archived.provider_education_provision,silver.slv_provider_education_provision,258,258,0.0,,2026-08-04 22:14:38.617121,
4a4bbcc2-6c72-4e33-b176-b324b2fb7719,SILVER,ARCHIVE,archived.provider_education_provision,silver.slv_provider_education_provision,258,258,0.0,,2026-08-04 22:20:41.016710,
7b7d28bb-9887-46eb-97f3-8c5f747bb4c8,ARCHIVE,ARCHIVE_FILE,Files/archive_unzipped/2026-08-09/foster_home.csv,archived.foster_home,27,27,0.0,,2026-08-10 00:10:12.580783,
41135375-8ada-45d8-a9bb-fa196b0f5472,ARCHIVE,ARCHIVE_FILE,Files/archive_unzipped/2026-08-07/foster_home.csv,archived.foster_home,27,27,0.0,,2026-08-08 00:09:08.255372,
1a484b8a-0967-4aa9-9302-6de8279251eb,ARCHIVE,ARCHIVE_FILE,Files/archive_unzipped/2026-08-13/foster_home.csv,archived.foster_home,28,28,0.0,,2026-08-14 00:22:16.597440,
c5693a5c-6ecc-4bb6-83fb-45656a89dc70,ARCHIVE,ARCHIVE_FILE,Files/archive_unzipped/2026-07-31/foster_home.csv,archived.foster_home,25,25,0.0,,2026-08-06 14:22:13.547364,
c5693a5c-6ecc-4bb6-83fb-45656a89dc70,ARCHIVE,ARCHIVE_FILE,Files/archive_unzipped/2026-08-04/foster_home.csv,archived.foster_home,25,25,0.0,,2026-08-06 13:39:17.948568,
c5693a5c-6ecc-4bb6-83fb-45656a89dc70,ARCHIVE,ARCHIVE_FILE,Files/archive_unzipped/2026-08-05/foster_home.csv,archived.foster_home,25,25,0.0,,2026-08-06 14:08:53.895809,
07fa68f9-302a-43d6-af05-dda30fd994ab,ARCHIVE,ARCHIVE_FILE,Files/archive_unzipped/2026-08-15/foster_home.csv,archived.foster_home,28,28,0.0,,2026-08-16 00:05:34.473017,
93ca2362-c310-4c20-97f0-8a2bb72a22d3,ARCHIVE,ARCHIVE_FILE,Files/archive_unzipped/2026-08-17/foster_home.csv,archived.foster_home,29,29,0.0,,2026-08-18 00:10:10.241924,
8e9ad3b7-6f21-43df-b0a1-71629190518b,ARCHIVE,ARCHIVE_FILE,Files/archive_unzipped/2026-08-14/foster_home.csv,archived.foster_home,28,28,0.0,,2026-08-15 00:15:43.427477,
c5693a5c-6ecc-4bb6-83fb-45656a89dc70,ARCHIVE,ARCHIVE_FILE,Files/archive_unzipped/2026-08-01/foster_home.csv,archived.foster_home,25,25,0.0,,2026-08-06 13:40:07.745303,
4d06aeac-915a-4409-a283-4d7b0fbbd16a,ARCHIVE,ARCHIVE_FILE,Files/archive_unzipped/2026-08-08/foster_home.csv,archived.foster_home,27,27,0.0,,2026-08-09 00:12:58.380099,
fbbe4d39-8ffc-4453-88ad-29fda3187b10,ARCHIVE,ARCHIVE_FILE,Files/archive_unzipped/2026-08-11/foster_home.csv,archived.foster_home,28,28,0.0,,2026-08-12 00:19:35.977964,
6a814daa-4885-49b9-abf9-4ee9a752a587,ARCHIVE,ARCHIVE_FILE,Files/archive_unzipped/2026-08-12/foster_home.csv,archived.foster_home,28,28,0.0,,2026-08-13 00:06:14.861238,
3a127efd-272b-4984-8a6f-a5933040572d,ARCHIVE,ARCHIVE_FILE,Files/archive_unzipped/2026-08-16/foster_home.csv,archived.foster_home,28,28,0.0,,2026-08-17 00:13:23.813048,
c5693a5c-6ecc-4bb6-83fb-45656a89dc70,ARCHIVE,ARCHIVE_FILE,Files/archive_unzipped/2026-07-30/foster_home.csv,archived.foster_home,25,25,0.0,,2026-08-06 14:59:32.855847,
2fb28764-6a12-49b9-8bdc-b8366aa21fd5,ARCHIVE,ARCHIVE_FILE,Files/archive_unzipped/2026-08-19/foster_home.csv,archived.foster_home,31,31,0.0,,2026-08-20 00:17:22.409441,
c7a29ef4-9841-48cb-adc3-bc465080d157,ARCHIVE,ARCHIVE_FILE,Files/archive_unzipped/2026-08-06/foster_home.csv,archived.foster_home,26,26,0.0,,2026-08-07 00:09:58.732611,
82280c66-1889-4504-94e1-7a9cdb65647f,ARCHIVE,ARCHIVE_FILE,Files/archive_unzipped/2026-08-18/foster_home.csv,archived.foster_home,30,30,0.0,,2026-08-19 00:05:59.590583,
f7f015a2-e718-4fc7-ab1c-062e743d94c8,ARCHIVE,ARCHIVE_FILE,Files/archive_unzipped/2026-08-10/foster_home.csv,archived.foster_home,27,27,0.0,,2026-08-11 00:10:01.402164,
4096e6a2-b8c3-4f52-b538-2f478426abc7,ARCHIVE,ARCHIVE_FILE,Files/archive_unzipped/2026-08-20/foster_home.csv,archived.foster_home,31,31,0.0,,2026-08-21 00:13:01.157082,
c5693a5c-6ecc-4bb6-83fb-45656a89dc70,ARCHIVE,ARCHIVE_FILE,Files/archive_unzipped/2026-08-02/foster_home.csv,archived.foster_home,25,25,0.0,,2026-08-06 13:48:47.759022,
c5693a5c-6ecc-4bb6-83fb-45656a89dc70,ARCHIVE,ARCHIVE_FILE,Files/archive_unzipped/2026-08-03/foster_home.csv,archived.foster_home,25,25,0.0,,2026-08-06 14:54:44.484109,
fbbe4d39-8ffc-4453-88ad-29fda3187b10,ARCHIVE,ARCHIVE_FILE,Files/archive_unzipped/2026-08-11/provider_home_category.csv,archived.provider_home_category,2448,2448,0.0,,2026-08-12 00:02:52.756693,
f7f015a2-e718-4fc7-ab1c-062e743d94c8,ARCHIVE,ARCHIVE_FILE,Files/archive_unzipped/2026-08-10/provider_home_category.csv,archived.provider_home_category,2448,2448,0.0,,2026-08-11 00:06:01.633042,
c7a29ef4-9841-48cb-adc3-bc465080d157,ARCHIVE,ARCHIVE_FILE,Files/archive_unzipped/2026-08-06/provider_home_category.csv,archived.provider_home_category,2448,2448,0.0,,2026-08-07 00:12:40.978858,
2fb28764-6a12-49b9-8bdc-b8366aa21fd5,ARCHIVE,ARCHIVE_FILE,Files/archive_unzipped/2026-08-19/provider_home_category.csv,archived.provider_home_category,2474,2474,0.0,,2026-08-20 00:06:21.202071,
c5693a5c-6ecc-4bb6-83fb-45656a89dc70,ARCHIVE,ARCHIVE_FILE,Files/archive_unzipped/2026-07-30/provider_home_category.csv,archived.provider_home_category,2384,2384,0.0,,2026-08-06 14:44:47.024249,
c5693a5c-6ecc-4bb6-83fb-45656a89dc70,ARCHIVE,ARCHIVE_FILE,Files/archive_unzipped/2026-04-30/provider_home_category.csv,archived.provider_home_category,1960,1960,0.0,,2026-08-06 14:51:55.273666,
c5693a5c-6ecc-4bb6-83fb-45656a89dc70,ARCHIVE,ARCHIVE_FILE,Files/archive_unzipped/2026-05-30/provider_home_category.csv,archived.provider_home_category,2272,2272,0.0,,2026-08-06 14:42:17.876178,
c5693a5c-6ecc-4bb6-83fb-45656a89dc70,ARCHIVE,ARCHIVE_FILE,Files/archive_unzipped/2026-08-02/provider_home_category.csv,archived.provider_home_category,2384,2384,0.0,,2026-08-06 14:13:43.366598,
c5693a5c-6ecc-4bb6-83fb-45656a89dc70,ARCHIVE,ARCHIVE_FILE,Files/archive_unzipped/2026-08-04/provider_home_category.csv,archived.provider_home_category,2384,2384,0.0,,2026-08-06 14:18:59.635516,
c5693a5c-6ecc-4bb6-83fb-45656a89dc70,ARCHIVE,ARCHIVE_FILE,Files/archive_unzipped/2026-08-05/referral_spot_category.csv,archived.referral_spot_category,249,249,0.0,,2026-08-06 14:16:58.677439,
c5693a5c-6ecc-4bb6-83fb-45656a89dc70,ARCHIVE,ARCHIVE_FILE,Files/archive_unzipped/2026-08-02/referral_spot_category.csv,archived.referral_spot_category,238,238,0.0,,2026-08-06 14:04:02.036448,
fbbe4d39-8ffc-4453-88ad-29fda3187b10,ARCHIVE,ARCHIVE_FILE,Files/archive_unzipped/2026-08-11/referral_spot_category.csv,archived.referral_spot_category,271,271,0.0,,2026-08-12 00:08:21.704798,
82280c66-1889-4504-94e1-7a9cdb65647f,ARCHIVE,ARCHIVE_FILE,Files/archive_unzipped/2026-08-18/referral_spot_category.csv,archived.referral_spot_category,300,300,0.0,,2026-08-19 00:11:49.862394,
c5693a5c-6ecc-4bb6-83fb-45656a89dc70,ARCHIVE,ARCHIVE_FILE,Files/archive_unzipped/2026-08-03/referral_spot_category.csv,archived.referral_spot_category,242,242,0.0,,2026-08-06 13:57:06.005309,
8e9ad3b7-6f21-43df-b0a1-71629190518b,ARCHIVE,ARCHIVE_FILE,Files/archive_unzipped/2026-08-14/referral_spot_category.csv,archived.referral_spot_category,289,289,0.0,,2026-08-15 00:22:29.348912,
6a814daa-4885-49b9-abf9-4ee9a752a587,ARCHIVE,ARCHIVE_FILE,Files/archive_unzipped/2026-08-12/referral_spot_category.csv,archived.referral_spot_category,274,274,0.0,,2026-08-13 00:12:45.804610,
1a484b8a-0967-4aa9-9302-6de8279251eb,ARCHIVE,ARCHIVE_FILE,Files/archive_unzipped/2026-08-13/referral_spot_category.csv,archived.referral_spot_category,282,282,0.0,,2026-08-14 00:15:41.155159,
3a127efd-272b-4984-8a6f-a5933040572d,ARCHIVE,ARCHIVE_FILE,Files/archive_unzipped/2026-08-16/referral_spot_category.csv,archived.referral_spot_category,289,289,0.0,,2026-08-17 00:13:46.567175,
2fb28764-6a12-49b9-8bdc-b8366aa21fd5,ARCHIVE,ARCHIVE_FILE,Files/archive_unzipped/2026-08-19/referral_spot_category.csv,archived.referral_spot_category,303,303,0.0,,2026-08-20 00:12:25.083606,
c5693a5c-6ecc-4bb6-83fb-45656a89dc70,ARCHIVE,ARCHIVE_FILE,Files/archive_unzipped/2026-08-04/referral_spot_category.csv,archived.referral_spot_category,245,245,0.0,,2026-08-06 14:15:23.418555,
07fa68f9-302a-43d6-af05-dda30fd994ab,ARCHIVE,ARCHIVE_FILE,Files/archive_unzipped/2026-08-15/referral_spot_category.csv,archived.referral_spot_category,289,289,0.0,,2026-08-16 00:06:38.703118,
4096e6a2-b8c3-4f52-b538-2f478426abc7,ARCHIVE,ARCHIVE_FILE,Files/archive_unzipped/2026-08-20/referral_spot_category.csv,archived.referral_spot_category,308,308,0.0,,2026-08-21 00:14:43.402811,
41135375-8ada-45d8-a9bb-fa196b0f5472,ARCHIVE,ARCHIVE_FILE,Files/archive_unzipped/2026-08-07/referral_spot_category.csv,archived.referral_spot_category,262,262,0.0,,2026-08-08 00:14:00.434003,
c5693a5c-6ecc-4bb6-83fb-45656a89dc70,ARCHIVE,ARCHIVE_FILE,Files/archive_unzipped/2026-07-31/referral_spot_category.csv,archived.referral_spot_category,238,238,0.0,,2026-08-06 14:01:59.288612,
c5693a5c-6ecc-4bb6-83fb-45656a89dc70,ARCHIVE,ARCHIVE_FILE,Files/archive_unzipped/2026-08-01/referral_spot_category.csv,archived.referral_spot_category,238,238,0.0,,2026-08-06 14:45:11.337119,
c7a29ef4-9841-48cb-adc3-bc465080d157,ARCHIVE,ARCHIVE_FILE,Files/archive_unzipped/2026-08-06/referral_spot_category.csv,archived.referral_spot_category,259,259,0.0,,2026-08-07 00:09:31.361822,
c5693a5c-6ecc-4bb6-83fb-45656a89dc70,ARCHIVE,ARCHIVE_FILE,Files/archive_unzipped/2026-07-30/referral_spot_category.csv,archived.referral_spot_category,238,238,0.0,,2026-08-06 13:25:07.419165,
4d06aeac-915a-4409-a283-4d7b0fbbd16a,ARCHIVE,ARCHIVE_FILE,Files/archive_unzipped/2026-08-08/referral_spot_category.csv,archived.referral_spot_category,262,262,0.0,,2026-08-09 00:02:50.890870,
7b7d28bb-9887-46eb-97f3-8c5f747bb4c8,ARCHIVE,ARCHIVE_FILE,Files/archive_unzipped/2026-08-09/referral_spot_category.csv,archived.referral_spot_category,262,262,0.0,,2026-08-10 00:14:19.472836,
93ca2362-c310-4c20-97f0-8a2bb72a22d3,ARCHIVE,ARCHIVE_FILE,Files/archive_unzipped/2026-08-17/referral_spot_category.csv,archived.referral_spot_category,293,293,0.0,,2026-08-18 00:14:25.609932,
f7f015a2-e718-4fc7-ab1c-062e743d94c8,ARCHIVE,ARCHIVE_FILE,Files/archive_unzipped/2026-08-10/referral_spot_category.csv,archived.referral_spot_category,263,263,0.0,,2026-08-11 00:12:41.289665,
c5693a5c-6ecc-4bb6-83fb-45656a89dc70,ARCHIVE,ARCHIVE_FILE,Files/archive_unzipped/2026-05-30/referral_spot_category.csv,archived.referral_spot_category,35,35,0.0,,2026-08-06 14:24:35.931744,
4d06aeac-915a-4409-a283-4d7b0fbbd16a,ARCHIVE,ARCHIVE_FILE,Files/archive_unzipped/2026-08-08/framework_category.csv,archived.framework_category,20,20,0.0,,2026-08-09 00:03:25.132034,
3a127efd-272b-4984-8a6f-a5933040572d,ARCHIVE,ARCHIVE_FILE,Files/archive_unzipped/2026-08-16/framework_category.csv,archived.framework_category,20,20,0.0,,2026-08-17 00:07:24.798955,
fbbe4d39-8ffc-4453-88ad-29fda3187b10,ARCHIVE,ARCHIVE_FILE,Files/archive_unzipped/2026-08-11/framework_category.csv,archived.framework_category,20,20,0.0,,2026-08-12 00:04:10.096305,
c5693a5c-6ecc-4bb6-83fb-45656a89dc70,ARCHIVE,ARCHIVE_FILE,Files/archive_unzipped/2026-07-31/framework_category.csv,archived.framework_category,20,20,0.0,,2026-08-06 14:12:08.628918,
c5693a5c-6ecc-4bb6-83fb-45656a89dc70,ARCHIVE,ARCHIVE_FILE,Files/archive_unzipped/2026-08-03/framework_category.csv,archived.framework_category,20,20,0.0,,2026-08-06 13:03:40.462346,
c5693a5c-6ecc-4bb6-83fb-45656a89dc70,ARCHIVE,ARCHIVE_FILE,Files/archive_unzipped/2026-08-05/framework_category.csv,archived.framework_category,20,20,0.0,,2026-08-06 13:40:54.019539,
41135375-8ada-45d8-a9bb-fa196b0f5472,ARCHIVE,ARCHIVE_FILE,Files/archive_unzipped/2026-08-07/framework_category.csv,archived.framework_category,20,20,0.0,,2026-08-08 00:11:19.359943,
6a814daa-4885-49b9-abf9-4ee9a752a587,ARCHIVE,ARCHIVE_FILE,Files/archive_unzipped/2026-08-12/framework_category.csv,archived.framework_category,20,20,0.0,,2026-08-13 00:07:36.618634,
4096e6a2-b8c3-4f52-b538-2f478426abc7,ARCHIVE,ARCHIVE_FILE,Files/archive_unzipped/2026-08-20/framework_category.csv,archived.framework_category,20,20,0.0,,2026-08-21 00:14:20.483652,
4d06aeac-915a-4409-a283-4d7b0fbbd16a,ARCHIVE,ARCHIVE_FILE,Files/archive_unzipped/2026-08-08/referral_provider.csv,archived.referral_provider,52774,52774,0.0,,2026-08-09 00:04:26.970165,
2fb28764-6a12-49b9-8bdc-b8366aa21fd5,ARCHIVE,ARCHIVE_FILE,Files/archive_unzipped/2026-08-19/referral_provider.csv,archived.referral_provider,64403,64403,0.0,,2026-08-20 00:14:04.447507,
fbbe4d39-8ffc-4453-88ad-29fda3187b10,ARCHIVE,ARCHIVE_FILE,Files/archive_unzipped/2026-08-11/referral_provider.csv,archived.referral_provider,55705,55705,0.0,,2026-08-12 00:15:13.730210,
3a127efd-272b-4984-8a6f-a5933040572d,ARCHIVE,ARCHIVE_FILE,Files/archive_unzipped/2026-08-16/referral_provider.csv,archived.referral_provider,59965,59965,0.0,,2026-08-17 00:10:34.385238,
6a814daa-4885-49b9-abf9-4ee9a752a587,ARCHIVE,ARCHIVE_FILE,Files/archive_unzipped/2026-08-12/referral_provider.csv,archived.referral_provider,56820,56820,0.0,,2026-08-13 00:14:09.150860,
41135375-8ada-45d8-a9bb-fa196b0f5472,ARCHIVE,ARCHIVE_FILE,Files/archive_unzipped/2026-08-07/referral_provider.csv,archived.referral_provider,52774,52774,0.0,,2026-08-08 00:16:18.006713,
07fa68f9-302a-43d6-af05-dda30fd994ab,ARCHIVE,ARCHIVE_FILE,Files/archive_unzipped/2026-08-15/referral_provider.csv,archived.referral_provider,59965,59965,0.0,,2026-08-16 00:06:07.661558,
93ca2362-c310-4c20-97f0-8a2bb72a22d3,ARCHIVE,ARCHIVE_FILE,Files/archive_unzipped/2026-08-17/referral_provider.csv,archived.referral_provider,61556,61556,0.0,,2026-08-18 00:11:21.246006,
c5693a5c-6ecc-4bb6-83fb-45656a89dc70,ARCHIVE,ARCHIVE_FILE,Files/archive_unzipped/2026-07-30/referral_provider.csv,archived.referral_provider,46986,46986,0.0,,2026-08-06 15:00:45.633337,
8e9ad3b7-6f21-43df-b0a1-71629190518b,ARCHIVE,ARCHIVE_FILE,Files/archive_unzipped/2026-08-14/referral_provider.csv,archived.referral_provider,59965,59965,0.0,,2026-08-15 00:04:55.291292,
82280c66-1889-4504-94e1-7a9cdb65647f,ARCHIVE,ARCHIVE_FILE,Files/archive_unzipped/2026-08-18/referral_provider.csv,archived.referral_provider,63543,63543,0.0,,2026-08-19 00:18:38.207168,
1a484b8a-0967-4aa9-9302-6de8279251eb,ARCHIVE,ARCHIVE_FILE,Files/archive_unzipped/2026-08-13/referral_provider.csv,archived.referral_provider,58740,58740,0.0,,2026-08-14 00:16:44.188613,
c5693a5c-6ecc-4bb6-83fb-45656a89dc70,ARCHIVE,ARCHIVE_FILE,Files/archive_unzipped/2026-08-02/referral_provider.csv,archived.referral_provider,47295,47295,0.0,,2026-08-06 14:55:54.924070,
c7a29ef4-9841-48cb-adc3-bc465080d157,ARCHIVE,ARCHIVE_FILE,Files/archive_unzipped/2026-08-06/referral_provider.csv,archived.referral_provider,51860,51860,0.0,,2026-08-07 00:06:29.202735,
c5693a5c-6ecc-4bb6-83fb-45656a89dc70,ARCHIVE,ARCHIVE_FILE,Files/archive_unzipped/2026-07-31/referral_provider.csv,archived.referral_provider,47295,47295,0.0,,2026-08-06 13:54:18.198931,
c5693a5c-6ecc-4bb6-83fb-45656a89dc70,ARCHIVE,ARCHIVE_FILE,Files/archive_unzipped/2026-08-01/referral_provider.csv,archived.referral_provider,47295,47295,0.0,,2026-08-06 14:53:30.369174,
4096e6a2-b8c3-4f52-b538-2f478426abc7,ARCHIVE,ARCHIVE_FILE,Files/archive_unzipped/2026-08-20/referral_provider.csv,archived.referral_provider,65710,65710,0.0,,2026-08-21 00:05:41.407460,
c5693a5c-6ecc-4bb6-83fb-45656a89dc70,ARCHIVE,ARCHIVE_FILE,Files/archive_unzipped/2026-08-03/referral_provider.csv,archived.referral_provider,49010,49010,0.0,,2026-08-06 14:18:36.522358,
c5693a5c-6ecc-4bb6-83fb-45656a89dc70,ARCHIVE,ARCHIVE_FILE,Files/archive_unzipped/2026-08-04/referral_provider.csv,archived.referral_provider,49609,49609,0.0,,2026-08-06 13:23:10.806276,
c5693a5c-6ecc-4bb6-83fb-45656a89dc70,ARCHIVE,ARCHIVE_FILE,Files/archive_unzipped/2026-08-05/referral_provider.csv,archived.referral_provider,50883,50883,0.0,,2026-08-06 14:49:20.057402,
f7f015a2-e718-4fc7-ab1c-062e743d94c8,ARCHIVE,ARCHIVE_FILE,Files/archive_unzipped/2026-08-10/referral_provider.csv,archived.referral_provider,53877,53877,0.0,,2026-08-11 00:18:39.737330,
7b7d28bb-9887-46eb-97f3-8c5f747bb4c8,ARCHIVE,ARCHIVE_FILE,Files/archive_unzipped/2026-08-09/referral_provider.csv,archived.referral_provider,52774,52774,0.0,,2026-08-10 00:13:42.857932,
7b7d28bb-9887-46eb-97f3-8c5f747bb4c8,ARCHIVE,ARCHIVE_FILE,Files/archive_unzipped/2026-08-09/ipa_additional_fee.csv,archived.ipa_additional_fee,1,1,0.0,,2026-08-10 00:06:38.318120,
8e9ad3b7-6f21-43df-b0a1-71629190518b,ARCHIVE,ARCHIVE_FILE,Files/archive_unzipped/2026-08-14/provider.csv,archived.provider,674,674,0.0,,2026-08-15 00:18:09.523112,
c5693a5c-6ecc-4bb6-83fb-45656a89dc70,ARCHIVE,ARCHIVE_FILE,Files/archive_unzipped/2026-08-03/referral.csv,archived.referral,520,520,0.0,,2026-08-06 14:28:39.801184,
6d5b71dc-89d7-4fd2-b33f-6bb79b1845cd,SILVER,ARCHIVE,archived.supervising_social_worker,silver.slv_supervising_social_worker,1,1,0.0,,2026-08-04 17:32:30.926882,
c5693a5c-6ecc-4bb6-83fb-45656a89dc70,ARCHIVE,ARCHIVE_FILE,Files/archive_unzipped/2026-08-03/provider.csv,archived.provider,650,650,0.0,,2026-08-06 13:52:18.476936,
93ca2362-c310-4c20-97f0-8a2bb72a22d3,ARCHIVE,ARCHIVE_FILE,Files/archive_unzipped/2026-08-17/referral.csv,archived.referral,608,608,0.0,,2026-08-18 00:04:42.082413,
07fa68f9-302a-43d6-af05-dda30fd994ab,ARCHIVE,ARCHIVE_FILE,Files/archive_unzipped/2026-08-15/referral.csv,archived.referral,599,599,0.0,,2026-08-16 00:11:11.558185,
4d06aeac-915a-4409-a283-4d7b0fbbd16a,ARCHIVE,ARCHIVE_FILE,Files/archive_unzipped/2026-08-08/referral.csv,archived.referral,550,550,0.0,,2026-08-09 00:15:23.728108,
2fb28764-6a12-49b9-8bdc-b8366aa21fd5,ARCHIVE,ARCHIVE_FILE,Files/archive_unzipped/2026-08-19/provider.csv,archived.provider,678,678,0.0,,2026-08-20 00:13:18.046963,
c5693a5c-6ecc-4bb6-83fb-45656a89dc70,ARCHIVE,ARCHIVE_FILE,Files/archive_unzipped/2026-05-30/provider.csv,archived.provider,549,549,0.0,,2026-08-06 13:59:36.166566,
c5693a5c-6ecc-4bb6-83fb-45656a89dc70,ARCHIVE,ARCHIVE_FILE,Files/archive_unzipped/2026-04-30/provider.csv,archived.provider,472,472,0.0,,2026-08-06 13:23:54.624734,
6a814daa-4885-49b9-abf9-4ee9a752a587,ARCHIVE,ARCHIVE_FILE,Files/archive_unzipped/2026-08-12/referral.csv,archived.referral,578,578,0.0,,2026-08-13 00:20:35.803991,
4096e6a2-b8c3-4f52-b538-2f478426abc7,ARCHIVE,ARCHIVE_FILE,Files/archive_unzipped/2026-08-20/referral.csv,archived.referral,642,642,0.0,,2026-08-21 00:11:25.626260,
4d06aeac-915a-4409-a283-4d7b0fbbd16a,ARCHIVE,ARCHIVE_FILE,Files/archive_unzipped/2026-08-08/provider.csv,archived.provider,665,665,0.0,,2026-08-09 00:18:29.766670,
fbbe4d39-8ffc-4453-88ad-29fda3187b10,ARCHIVE,ARCHIVE_FILE,Files/archive_unzipped/2026-08-11/provider.csv,archived.provider,667,667,0.0,,2026-08-12 00:18:57.569428,
7b7d28bb-9887-46eb-97f3-8c5f747bb4c8,ARCHIVE,ARCHIVE_FILE,Files/archive_unzipped/2026-08-09/referral.csv,archived.referral,550,550,0.0,,2026-08-10 00:18:35.681308,
1a484b8a-0967-4aa9-9302-6de8279251eb,ARCHIVE,ARCHIVE_FILE,Files/archive_unzipped/2026-08-13/provider.csv,archived.provider,670,670,0.0,,2026-08-14 00:15:00.477464,
6a814daa-4885-49b9-abf9-4ee9a752a587,ARCHIVE,ARCHIVE_FILE,Files/archive_unzipped/2026-08-12/provider.csv,archived.provider,668,668,0.0,,2026-08-13 00:12:18.712446,
f7f015a2-e718-4fc7-ab1c-062e743d94c8,ARCHIVE,ARCHIVE_FILE,Files/archive_unzipped/2026-08-10/referral.csv,archived.referral,561,561,0.0,,2026-08-11 00:15:07.950542,
c5693a5c-6ecc-4bb6-83fb-45656a89dc70,ARCHIVE,ARCHIVE_FILE,Files/archive_unzipped/2026-07-31/referral.csv,archived.referral,507,507,0.0,,2026-08-06 14:41:30.615034,
3a127efd-272b-4984-8a6f-a5933040572d,ARCHIVE,ARCHIVE_FILE,Files/archive_unzipped/2026-08-16/referral.csv,archived.referral,599,599,0.0,,2026-08-17 00:08:36.642181,
4096e6a2-b8c3-4f52-b538-2f478426abc7,ARCHIVE,ARCHIVE_FILE,Files/archive_unzipped/2026-08-20/provider.csv,archived.provider,680,680,0.0,,2026-08-21 00:10:21.010071,
41135375-8ada-45d8-a9bb-fa196b0f5472,ARCHIVE,ARCHIVE_FILE,Files/archive_unzipped/2026-08-07/referral.csv,archived.referral,550,550,0.0,,2026-08-08 00:13:32.871488,
c5693a5c-6ecc-4bb6-83fb-45656a89dc70,ARCHIVE,ARCHIVE_FILE,Files/archive_unzipped/2026-07-30/provider.csv,archived.provider,650,650,0.0,,2026-08-06 14:40:17.822450,
41135375-8ada-45d8-a9bb-fa196b0f5472,ARCHIVE,ARCHIVE_FILE,Files/archive_unzipped/2026-08-07/provider.csv,archived.provider,665,665,0.0,,2026-08-08 00:13:02.312141,
c5693a5c-6ecc-4bb6-83fb-45656a89dc70,ARCHIVE,ARCHIVE_FILE,Files/archive_unzipped/2026-08-04/provider.csv,archived.provider,650,650,0.0,,2026-08-06 13:55:52.219169,
8e9ad3b7-6f21-43df-b0a1-71629190518b,ARCHIVE,ARCHIVE_FILE,Files/archive_unzipped/2026-08-14/referral.csv,archived.referral,599,599,0.0,,2026-08-15 00:17:39.588957,
c5693a5c-6ecc-4bb6-83fb-45656a89dc70,ARCHIVE,ARCHIVE_FILE,Files/archive_unzipped/2026-07-30/referral.csv,archived.referral,502,502,0.0,,2026-08-06 14:12:54.589454,
3a127efd-272b-4984-8a6f-a5933040572d,ARCHIVE,ARCHIVE_FILE,Files/archive_unzipped/2026-08-16/provider.csv,archived.provider,674,674,0.0,,2026-08-17 00:05:35.838284,
c5693a5c-6ecc-4bb6-83fb-45656a89dc70,ARCHIVE,ARCHIVE_FILE,Files/archive_unzipped/2026-08-05/provider.csv,archived.provider,657,657,0.0,,2026-08-06 13:35:08.335961,
c5693a5c-6ecc-4bb6-83fb-45656a89dc70,ARCHIVE,ARCHIVE_FILE,Files/archive_unzipped/2026-08-02/referral.csv,archived.referral,507,507,0.0,,2026-08-06 13:29:00.508873,
1a484b8a-0967-4aa9-9302-6de8279251eb,ARCHIVE,ARCHIVE_FILE,Files/archive_unzipped/2026-08-13/referral.csv,archived.referral,589,589,0.0,,2026-08-14 00:11:53.662637,
c7a29ef4-9841-48cb-adc3-bc465080d157,ARCHIVE,ARCHIVE_FILE,Files/archive_unzipped/2026-08-06/referral.csv,archived.referral,542,542,0.0,,2026-08-07 00:17:53.088712,
c5693a5c-6ecc-4bb6-83fb-45656a89dc70,ARCHIVE,ARCHIVE_FILE,Files/archive_unzipped/2026-08-01/referral.csv,archived.referral,507,507,0.0,,2026-08-06 14:06:02.657638,
93ca2362-c310-4c20-97f0-8a2bb72a22d3,ARCHIVE,ARCHIVE_FILE,Files/archive_unzipped/2026-08-17/provider.csv,archived.provider,677,677,0.0,,2026-08-18 00:08:17.935787,
c5693a5c-6ecc-4bb6-83fb-45656a89dc70,ARCHIVE,ARCHIVE_FILE,Files/archive_unzipped/2026-07-31/provider.csv,archived.provider,650,650,0.0,,2026-08-06 14:13:20.805815,
c7a29ef4-9841-48cb-adc3-bc465080d157,ARCHIVE,ARCHIVE_FILE,Files/archive_unzipped/2026-08-06/provider.csv,archived.provider,662,662,0.0,,2026-08-07 00:10:58.329944,
2fb28764-6a12-49b9-8bdc-b8366aa21fd5,ARCHIVE,ARCHIVE_FILE,Files/archive_unzipped/2026-08-19/referral.csv,archived.referral,629,629,0.0,,2026-08-20 00:14:52.692522,
c5693a5c-6ecc-4bb6-83fb-45656a89dc70,ARCHIVE,ARCHIVE_FILE,Files/archive_unzipped/2026-08-01/provider.csv,archived.provider,650,650,0.0,,2026-08-06 14:34:41.626184,
07fa68f9-302a-43d6-af05-dda30fd994ab,ARCHIVE,ARCHIVE_FILE,Files/archive_unzipped/2026-08-15/provider.csv,archived.provider,674,674,0.0,,2026-08-16 00:18:52.809474,
82280c66-1889-4504-94e1-7a9cdb65647f,ARCHIVE,ARCHIVE_FILE,Files/archive_unzipped/2026-08-18/referral.csv,archived.referral,621,621,0.0,,2026-08-19 00:14:50.073690,
f7f015a2-e718-4fc7-ab1c-062e743d94c8,ARCHIVE,ARCHIVE_FILE,Files/archive_unzipped/2026-08-10/provider.csv,archived.provider,667,667,0.0,,2026-08-11 00:15:37.192612,
7b7d28bb-9887-46eb-97f3-8c5f747bb4c8,ARCHIVE,ARCHIVE_FILE,Files/archive_unzipped/2026-08-09/provider.csv,archived.provider,665,665,0.0,,2026-08-10 00:15:34.923038,
c5693a5c-6ecc-4bb6-83fb-45656a89dc70,ARCHIVE,ARCHIVE_FILE,Files/archive_unzipped/2026-05-30/referral.csv,archived.referral,76,76,0.0,,2026-08-06 14:10:56.050974,
6b7d4b98-0f12-4efe-8c79-7680ae979f28,SILVER,ARCHIVE_MONTH_END,archived.provider_framework,silver.slv_provider_framework,287,287,0.0,,2026-08-05 15:10:18.765183,
99a4d35f-574f-477e-aaf4-15681100f9ce,SILVER,ARCHIVE_MONTH_END,archived.provider_framework,silver.slv_provider_framework,280,280,0.0,,2026-08-19 15:52:48.110979,
6b7d4b98-0f12-4efe-8c79-7680ae979f28,SILVER,ARCHIVE_MONTH_END,archived.offer_view_history,silver.slv_offer_view_history,321,321,0.0,,2026-08-05 15:50:24.892853,
ad3955df-1bd4-4ab2-b48c-83b0dfdf54a1,SILVER,ARCHIVE_MONTH_END,archived.offer_view_history,silver.slv_offer_view_history,909,909,0.0,,2026-08-20 09:58:23.901206,
bd45fedb-2ec9-4318-b19b-b63ac5b8d2d3,SILVER,ARCHIVE_MONTH_END,archived.offer_view_history,silver.slv_offer_view_history,321,321,0.0,,2026-08-19 10:28:52.895323,
ad3955df-1bd4-4ab2-b48c-83b0dfdf54a1,SILVER,ARCHIVE_MONTH_END,archived.provider_framework,silver.slv_provider_framework,295,295,0.0,,2026-08-20 09:49:03.236705,
da5fbf8d-9b8f-4d95-b8f9-f83ae65926c8,SILVER,ARCHIVE_MONTH_END,archived.provider_framework,silver.slv_provider_framework,260,260,0.0,,2026-08-12 21:13:32.037095,
32478996-e44a-496f-bbeb-db401fb4962e,SILVER,ARCHIVE_MONTH_END,archived.provider_framework,silver.slv_provider_framework,260,260,0.0,,2026-08-12 22:32:10.631635,
5ed96198-ddf1-49fb-95ea-1521ffd97971,SILVER,ARCHIVE_MONTH_END,archived.provider_framework,silver.slv_provider_framework,260,260,0.0,,2026-08-16 15:05:22.017501,
574223db-5a5e-4c8a-8bc4-a2e1f4664151,SILVER,ARCHIVE_MONTH_END,archived.provider_framework,silver.slv_provider_framework,260,260,0.0,,2026-08-18 10:04:39.415790,
bd45fedb-2ec9-4318-b19b-b63ac5b8d2d3,SILVER,ARCHIVE_MONTH_END,archived.provider_framework,silver.slv_provider_framework,260,260,0.0,,2026-08-19 09:44:00.931165,
b8741d57-b7d4-48ea-be4a-8f820b3ccada,SILVER,ARCHIVE_MONTH_END,archived.provider_framework,silver.slv_provider_framework,287,287,0.0,,2026-08-05 16:39:15.332740,
bd45fedb-2ec9-4318-b19b-b63ac5b8d2d3,SILVER,ARCHIVE_MONTH_END,archived.provider_framework,silver.slv_provider_framework,287,287,0.0,,2026-08-19 10:21:19.358258,
10b2023d-51a0-48c6-828f-9e0fc96c49c6,SILVER,ARCHIVE_MONTH_END,archived.offer_view_history,silver.slv_offer_view_history,719,719,0.0,,2026-08-20 07:49:21.509387,
6b7d4b98-0f12-4efe-8c79-7680ae979f28,SILVER,ARCHIVE_MONTH_END,archived.provider_framework,silver.slv_provider_framework,287,287,0.0,,2026-08-05 15:51:35.740395,
99a4d35f-574f-477e-aaf4-15681100f9ce,SILVER,ARCHIVE_MONTH_END,archived.offer_view_history,silver.slv_offer_view_history,140,140,0.0,,2026-08-19 15:59:50.292241,
10b2023d-51a0-48c6-828f-9e0fc96c49c6,SILVER,ARCHIVE_MONTH_END,archived.provider_framework,silver.slv_provider_framework,291,291,0.0,,2026-08-20 07:37:06.449766,
b8741d57-b7d4-48ea-be4a-8f820b3ccada,SILVER,ARCHIVE_MONTH_END,archived.offer_view_history,silver.slv_offer_view_history,321,321,0.0,,2026-08-05 16:37:33.058214,
bd45fedb-2ec9-4318-b19b-b63ac5b8d2d3,SILVER,ARCHIVE_MONTH_END,archived.offer_view_history,silver.slv_offer_view_history,140,140,0.0,,2026-08-19 10:06:21.631345,
8d44d03e-b128-47a7-95b9-1db889b71c93,SILVER,ARCHIVE_MONTH_END,archived.provider_framework,silver.slv_provider_framework,260,260,0.0,,2026-08-06 21:24:30.446647,
91566f2f-f4e5-489f-be9f-dca931de3857,SILVER,ARCHIVE_MONTH_END,archived.offer_view_history,silver.slv_offer_view_history,321,321,0.0,,2026-08-19 21:31:04.381288,
c5693a5c-6ecc-4bb6-83fb-45656a89dc70,ARCHIVE,ARCHIVE_FILE,Files/archive_unzipped/2026-08-04/ipa.csv,archived.ipa,24,24,0.0,,2026-08-06 13:51:55.121843,
f7f015a2-e718-4fc7-ab1c-062e743d94c8,ARCHIVE,ARCHIVE_FILE,Files/archive_unzipped/2026-08-10/ipa.csv,archived.ipa,26,26,0.0,,2026-08-11 00:11:29.724310,
c7a29ef4-9841-48cb-adc3-bc465080d157,ARCHIVE,ARCHIVE_FILE,Files/archive_unzipped/2026-08-06/ipa.csv,archived.ipa,25,25,0.0,,2026-08-07 00:05:59.426677,
07fa68f9-302a-43d6-af05-dda30fd994ab,ARCHIVE,ARCHIVE_FILE,Files/archive_unzipped/2026-08-15/ipa.csv,archived.ipa,27,27,0.0,,2026-08-16 00:03:33.405711,
c5693a5c-6ecc-4bb6-83fb-45656a89dc70,ARCHIVE,ARCHIVE_FILE,Files/archive_unzipped/2026-08-02/ipa.csv,archived.ipa,20,20,0.0,,2026-08-06 13:44:40.646590,
4d06aeac-915a-4409-a283-4d7b0fbbd16a,ARCHIVE,ARCHIVE_FILE,Files/archive_unzipped/2026-08-08/ipa.csv,archived.ipa,25,25,0.0,,2026-08-09 00:17:30.215944,
c5693a5c-6ecc-4bb6-83fb-45656a89dc70,ARCHIVE,ARCHIVE_FILE,Files/archive_unzipped/2026-08-01/ipa.csv,archived.ipa,20,20,0.0,,2026-08-06 13:51:32.493616,
3a127efd-272b-4984-8a6f-a5933040572d,ARCHIVE,ARCHIVE_FILE,Files/archive_unzipped/2026-08-16/ipa.csv,archived.ipa,27,27,0.0,,2026-08-17 00:08:58.365701,
c5693a5c-6ecc-4bb6-83fb-45656a89dc70,ARCHIVE,ARCHIVE_FILE,Files/archive_unzipped/2026-08-05/ipa.csv,archived.ipa,24,24,0.0,,2026-08-06 14:48:32.065704,
7b7d28bb-9887-46eb-97f3-8c5f747bb4c8,ARCHIVE,ARCHIVE_FILE,Files/archive_unzipped/2026-08-09/ipa.csv,archived.ipa,25,25,0.0,,2026-08-10 00:16:09.914378,
fbbe4d39-8ffc-4453-88ad-29fda3187b10,ARCHIVE,ARCHIVE_FILE,Files/archive_unzipped/2026-08-11/ipa.csv,archived.ipa,26,26,0.0,,2026-08-12 00:16:31.283425,
c5693a5c-6ecc-4bb6-83fb-45656a89dc70,ARCHIVE,ARCHIVE_FILE,Files/archive_unzipped/2026-08-03/ipa.csv,archived.ipa,24,24,0.0,,2026-08-06 14:00:42.934785,
6a814daa-4885-49b9-abf9-4ee9a752a587,ARCHIVE,ARCHIVE_FILE,Files/archive_unzipped/2026-08-12/ipa.csv,archived.ipa,26,26,0.0,,2026-08-13 00:13:16.060463,
41135375-8ada-45d8-a9bb-fa196b0f5472,ARCHIVE,ARCHIVE_FILE,Files/archive_unzipped/2026-08-07/ipa.csv,archived.ipa,25,25,0.0,,2026-08-08 00:07:17.049330,
93ca2362-c310-4c20-97f0-8a2bb72a22d3,ARCHIVE,ARCHIVE_FILE,Files/archive_unzipped/2026-08-17/ipa.csv,archived.ipa,29,29,0.0,,2026-08-18 00:16:19.833090,
c5693a5c-6ecc-4bb6-83fb-45656a89dc70,ARCHIVE,ARCHIVE_FILE,Files/archive_unzipped/2026-07-31/ipa.csv,archived.ipa,20,20,0.0,,2026-08-06 13:43:52.161287,
4096e6a2-b8c3-4f52-b538-2f478426abc7,ARCHIVE,ARCHIVE_FILE,Files/archive_unzipped/2026-08-20/ipa.csv,archived.ipa,33,33,0.0,,2026-08-21 00:03:35.518106,
82280c66-1889-4504-94e1-7a9cdb65647f,ARCHIVE,ARCHIVE_FILE,Files/archive_unzipped/2026-08-18/ipa.csv,archived.ipa,30,30,0.0,,2026-08-19 00:11:13.590894,
c5693a5c-6ecc-4bb6-83fb-45656a89dc70,ARCHIVE,ARCHIVE_FILE,Files/archive_unzipped/2026-05-30/ipa.csv,archived.ipa,3,3,0.0,,2026-08-06 13:56:40.118212,
10b2023d-51a0-48c6-828f-9e0fc96c49c6,SILVER,ARCHIVE_MONTH_END,archived.provider_home,silver.slv_provider_home,2315,2315,0.0,,2026-08-20 07:37:52.811346,
32478996-e44a-496f-bbeb-db401fb4962e,SILVER,ARCHIVE_MONTH_END,archived.provider_home,silver.slv_provider_home,1667,1667,0.0,,2026-08-12 22:32:39.667080,
bd45fedb-2ec9-4318-b19b-b63ac5b8d2d3,SILVER,ARCHIVE_MONTH_END,archived.provider_home,silver.slv_provider_home,1667,1667,0.0,,2026-08-19 09:44:32.587560,
574223db-5a5e-4c8a-8bc4-a2e1f4664151,SILVER,ARCHIVE_MONTH_END,archived.provider_home,silver.slv_provider_home,1667,1667,0.0,,2026-08-18 10:05:18.430244,
ad3955df-1bd4-4ab2-b48c-83b0dfdf54a1,SILVER,ARCHIVE_MONTH_END,archived.provider_home,silver.slv_provider_home,2405,2405,0.0,,2026-08-20 09:49:36.497950,
9e12a2ba-253f-4f84-a662-c39f8ec708f1,SILVER,ARCHIVE_MONTH_END,archived.provider_home,silver.slv_provider_home,1667,1667,0.0,,2026-08-16 14:52:20.068318,
8d44d03e-b128-47a7-95b9-1db889b71c93,SILVER,ARCHIVE_MONTH_END,archived.provider_home,silver.slv_provider_home,1667,1667,0.0,,2026-08-06 21:24:54.190363,
bd45fedb-2ec9-4318-b19b-b63ac5b8d2d3,SILVER,ARCHIVE_MONTH_END,archived.provider_home,silver.slv_provider_home,2092,2092,0.0,,2026-08-19 10:21:47.148455,
6b7d4b98-0f12-4efe-8c79-7680ae979f28,SILVER,ARCHIVE_MONTH_END,archived.provider_home,silver.slv_provider_home,2092,2092,0.0,,2026-08-05 15:10:44.372675,
bd45fedb-2ec9-4318-b19b-b63ac5b8d2d3,SILVER,ARCHIVE_MONTH_END,archived.provider_home,silver.slv_provider_home,1984,1984,0.0,,2026-08-19 09:59:05.757117,
5ed96198-ddf1-49fb-95ea-1521ffd97971,SILVER,ARCHIVE_MONTH_END,archived.provider_home,silver.slv_provider_home,1667,1667,0.0,,2026-08-16 15:05:44.574434,
89d91bd3-1b17-4e3b-8868-7eafba79e9e5,SILVER,ARCHIVE_MONTH_END,archived.provider_home,silver.slv_provider_home,1667,1667,0.0,,2026-08-16 14:27:59.141063,
b8741d57-b7d4-48ea-be4a-8f820b3ccada,SILVER,ARCHIVE_MONTH_END,archived.provider_home,silver.slv_provider_home,2092,2092,0.0,,2026-08-05 16:39:47.807669,
6a814daa-4885-49b9-abf9-4ee9a752a587,ARCHIVE,ARCHIVE_FILE,Files/archive_unzipped/2026-08-12/ipa_child_support_needs.csv,archived.ipa_child_support_needs,51,51,0.0,,2026-08-13 00:19:35.720241,
3a127efd-272b-4984-8a6f-a5933040572d,ARCHIVE,ARCHIVE_FILE,Files/archive_unzipped/2026-08-16/ipa_child_support_needs.csv,archived.ipa_child_support_needs,54,54,0.0,,2026-08-17 00:03:48.091517,
8e9ad3b7-6f21-43df-b0a1-71629190518b,ARCHIVE,ARCHIVE_FILE,Files/archive_unzipped/2026-08-14/ipa_child_support_needs.csv,archived.ipa_child_support_needs,54,54,0.0,,2026-08-15 00:21:03.403747,
c7a29ef4-9841-48cb-adc3-bc465080d157,ARCHIVE,ARCHIVE_FILE,Files/archive_unzipped/2026-08-06/ipa_child_support_needs.csv,archived.ipa_child_support_needs,50,50,0.0,,2026-08-07 00:07:33.176391,
7b7d28bb-9887-46eb-97f3-8c5f747bb4c8,ARCHIVE,ARCHIVE_FILE,Files/archive_unzipped/2026-08-09/ipa_child_support_needs.csv,archived.ipa_child_support_needs,50,50,0.0,,2026-08-10 00:10:41.872297,
c5693a5c-6ecc-4bb6-83fb-45656a89dc70,ARCHIVE,ARCHIVE_FILE,Files/archive_unzipped/2026-07-30/ipa_child_support_needs.csv,archived.ipa_child_support_needs,41,41,0.0,,2026-08-06 13:56:15.023208,
f7f015a2-e718-4fc7-ab1c-062e743d94c8,ARCHIVE,ARCHIVE_FILE,Files/archive_unzipped/2026-08-10/ipa_child_support_needs.csv,archived.ipa_child_support_needs,51,51,0.0,,2026-08-11 00:13:42.729860,
2fb28764-6a12-49b9-8bdc-b8366aa21fd5,ARCHIVE,ARCHIVE_FILE,Files/archive_unzipped/2026-08-19/ipa_child_support_needs.csv,archived.ipa_child_support_needs,58,58,0.0,,2026-08-20 00:05:53.428106,
c5693a5c-6ecc-4bb6-83fb-45656a89dc70,ARCHIVE,ARCHIVE_FILE,Files/archive_unzipped/2026-07-31/ipa_child_support_needs.csv,archived.ipa_child_support_needs,42,42,0.0,,2026-08-06 13:46:52.140225,
c5693a5c-6ecc-4bb6-83fb-45656a89dc70,ARCHIVE,ARCHIVE_FILE,Files/archive_unzipped/2026-08-01/ipa_child_support_needs.csv,archived.ipa_child_support_needs,42,42,0.0,,2026-08-06 13:53:06.600405,
4096e6a2-b8c3-4f52-b538-2f478426abc7,ARCHIVE,ARCHIVE_FILE,Files/archive_unzipped/2026-08-20/ipa_child_support_needs.csv,archived.ipa_child_support_needs,64,64,0.0,,2026-08-21 00:13:54.443390,
c5693a5c-6ecc-4bb6-83fb-45656a89dc70,ARCHIVE,ARCHIVE_FILE,Files/archive_unzipped/2026-08-04/ipa_child_support_needs.csv,archived.ipa_child_support_needs,48,48,0.0,,2026-08-06 13:47:14.952235,
07fa68f9-302a-43d6-af05-dda30fd994ab,ARCHIVE,ARCHIVE_FILE,Files/archive_unzipped/2026-08-15/ipa_child_support_needs.csv,archived.ipa_child_support_needs,54,54,0.0,,2026-08-16 00:22:37.760232,
93ca2362-c310-4c20-97f0-8a2bb72a22d3,ARCHIVE,ARCHIVE_FILE,Files/archive_unzipped/2026-08-17/ipa_child_support_needs.csv,archived.ipa_child_support_needs,56,56,0.0,,2026-08-18 00:09:21.916931,
c5693a5c-6ecc-4bb6-83fb-45656a89dc70,ARCHIVE,ARCHIVE_FILE,Files/archive_unzipped/2026-08-02/ipa_child_support_needs.csv,archived.ipa_child_support_needs,42,42,0.0,,2026-08-06 14:47:43.063365,
1a484b8a-0967-4aa9-9302-6de8279251eb,ARCHIVE,ARCHIVE_FILE,Files/archive_unzipped/2026-08-13/ipa_child_support_needs.csv,archived.ipa_child_support_needs,51,51,0.0,,2026-08-14 00:19:20.343784,
c5693a5c-6ecc-4bb6-83fb-45656a89dc70,ARCHIVE,ARCHIVE_FILE,Files/archive_unzipped/2026-08-03/ipa_child_support_needs.csv,archived.ipa_child_support_needs,48,48,0.0,,2026-08-06 14:33:54.047863,
07fa68f9-302a-43d6-af05-dda30fd994ab,ARCHIVE,ARCHIVE_FILE,Files/archive_unzipped/2026-08-15/provider_home_category.csv,archived.provider_home_category,2448,2448,0.0,,2026-08-16 00:22:10.351524,
4d06aeac-915a-4409-a283-4d7b0fbbd16a,ARCHIVE,ARCHIVE_FILE,Files/archive_unzipped/2026-08-08/provider_home_category.csv,archived.provider_home_category,2448,2448,0.0,,2026-08-09 00:13:56.355439,
8e9ad3b7-6f21-43df-b0a1-71629190518b,ARCHIVE,ARCHIVE_FILE,Files/archive_unzipped/2026-08-14/provider_home_category.csv,archived.provider_home_category,2448,2448,0.0,,2026-08-15 00:19:34.506248,
93ca2362-c310-4c20-97f0-8a2bb72a22d3,ARCHIVE,ARCHIVE_FILE,Files/archive_unzipped/2026-08-17/provider_home_category.csv,archived.provider_home_category,2461,2461,0.0,,2026-08-18 00:12:38.797927,
c5693a5c-6ecc-4bb6-83fb-45656a89dc70,ARCHIVE,ARCHIVE_FILE,Files/archive_unzipped/2026-07-31/provider_home_category.csv,archived.provider_home_category,2384,2384,0.0,,2026-08-06 14:48:56.232522,
c5693a5c-6ecc-4bb6-83fb-45656a89dc70,ARCHIVE,ARCHIVE_FILE,Files/archive_unzipped/2026-08-03/provider_home_category.csv,archived.provider_home_category,2384,2384,0.0,,2026-08-06 13:33:34.957928,
1a484b8a-0967-4aa9-9302-6de8279251eb,ARCHIVE,ARCHIVE_FILE,Files/archive_unzipped/2026-08-13/provider_home_category.csv,archived.provider_home_category,2448,2448,0.0,,2026-08-14 00:05:54.590047,
4096e6a2-b8c3-4f52-b538-2f478426abc7,ARCHIVE,ARCHIVE_FILE,Files/archive_unzipped/2026-08-20/provider_home_category.csv,archived.provider_home_category,2476,2476,0.0,,2026-08-21 00:10:41.275515,
41135375-8ada-45d8-a9bb-fa196b0f5472,ARCHIVE,ARCHIVE_FILE,Files/archive_unzipped/2026-08-07/provider_home_category.csv,archived.provider_home_category,2448,2448,0.0,,2026-08-08 00:11:43.408528,
c5693a5c-6ecc-4bb6-83fb-45656a89dc70,ARCHIVE,ARCHIVE_FILE,Files/archive_unzipped/2026-08-01/provider_home_category.csv,archived.provider_home_category,2384,2384,0.0,,2026-08-06 13:09:55.912236,
7b7d28bb-9887-46eb-97f3-8c5f747bb4c8,ARCHIVE,ARCHIVE_FILE,Files/archive_unzipped/2026-08-09/provider_home_category.csv,archived.provider_home_category,2448,2448,0.0,,2026-08-10 00:17:07.876927,
82280c66-1889-4504-94e1-7a9cdb65647f,ARCHIVE,ARCHIVE_FILE,Files/archive_unzipped/2026-08-18/provider_home_category.csv,archived.provider_home_category,2474,2474,0.0,,2026-08-19 00:10:42.497304,
3a127efd-272b-4984-8a6f-a5933040572d,ARCHIVE,ARCHIVE_FILE,Files/archive_unzipped/2026-08-16/provider_home_category.csv,archived.provider_home_category,2448,2448,0.0,,2026-08-17 00:09:24.846413,
6a814daa-4885-49b9-abf9-4ee9a752a587,ARCHIVE,ARCHIVE_FILE,Files/archive_unzipped/2026-08-12/provider_home_category.csv,archived.provider_home_category,2448,2448,0.0,,2026-08-13 00:04:12.100151,
c5693a5c-6ecc-4bb6-83fb-45656a89dc70,ARCHIVE,ARCHIVE_FILE,Files/archive_unzipped/2026-08-05/provider_home_category.csv,archived.provider_home_category,2384,2384,0.0,,2026-08-06 13:35:31.562297,
82280c66-1889-4504-94e1-7a9cdb65647f,ARCHIVE,ARCHIVE_FILE,Files/archive_unzipped/2026-08-18/ipa_additional_fee.csv,archived.ipa_additional_fee,1,1,0.0,,2026-08-19 00:15:44.193642,
4096e6a2-b8c3-4f52-b538-2f478426abc7,ARCHIVE,ARCHIVE_FILE,Files/archive_unzipped/2026-08-20/ipa_additional_fee.csv,archived.ipa_additional_fee,2,2,0.0,,2026-08-21 00:12:37.235099,
fbbe4d39-8ffc-4453-88ad-29fda3187b10,ARCHIVE,ARCHIVE_FILE,Files/archive_unzipped/2026-08-11/ipa_additional_fee.csv,archived.ipa_additional_fee,1,1,0.0,,2026-08-12 00:06:43.432259,
8e9ad3b7-6f21-43df-b0a1-71629190518b,ARCHIVE,ARCHIVE_FILE,Files/archive_unzipped/2026-08-14/ipa_additional_fee.csv,archived.ipa_additional_fee,1,1,0.0,,2026-08-15 00:14:44.753137,
c5693a5c-6ecc-4bb6-83fb-45656a89dc70,ARCHIVE,ARCHIVE_FILE,Files/archive_unzipped/2026-07-30/ipa_additional_fee.csv,archived.ipa_additional_fee,1,1,0.0,,2026-08-06 14:27:51.500812,
93ca2362-c310-4c20-97f0-8a2bb72a22d3,ARCHIVE,ARCHIVE_FILE,Files/archive_unzipped/2026-08-17/ipa_additional_fee.csv,archived.ipa_additional_fee,1,1,0.0,,2026-08-18 00:17:10.215151,
3a127efd-272b-4984-8a6f-a5933040572d,ARCHIVE,ARCHIVE_FILE,Files/archive_unzipped/2026-08-16/ipa_additional_fee.csv,archived.ipa_additional_fee,1,1,0.0,,2026-08-17 00:05:09.181197,
4d06aeac-915a-4409-a283-4d7b0fbbd16a,ARCHIVE,ARCHIVE_FILE,Files/archive_unzipped/2026-08-08/ipa_additional_fee.csv,archived.ipa_additional_fee,1,1,0.0,,2026-08-09 00:09:43.837448,
c5693a5c-6ecc-4bb6-83fb-45656a89dc70,ARCHIVE,ARCHIVE_FILE,Files/archive_unzipped/2026-08-02/ipa_additional_fee.csv,archived.ipa_additional_fee,1,1,0.0,,2026-08-06 14:46:00.006559,
c5693a5c-6ecc-4bb6-83fb-45656a89dc70,ARCHIVE,ARCHIVE_FILE,Files/archive_unzipped/2026-08-03/ipa_additional_fee.csv,archived.ipa_additional_fee,1,1,0.0,,2026-08-06 13:15:23.448727,
f7f015a2-e718-4fc7-ab1c-062e743d94c8,ARCHIVE,ARCHIVE_FILE,Files/archive_unzipped/2026-08-10/ipa_additional_fee.csv,archived.ipa_additional_fee,1,1,0.0,,2026-08-11 00:04:25.477046,
41135375-8ada-45d8-a9bb-fa196b0f5472,ARCHIVE,ARCHIVE_FILE,Files/archive_unzipped/2026-08-07/ipa_additional_fee.csv,archived.ipa_additional_fee,1,1,0.0,,2026-08-08 00:05:58.473456,
c5693a5c-6ecc-4bb6-83fb-45656a89dc70,ARCHIVE,ARCHIVE_FILE,Files/archive_unzipped/2026-07-31/ipa_additional_fee.csv,archived.ipa_additional_fee,1,1,0.0,,2026-08-06 13:47:59.861186,
c5693a5c-6ecc-4bb6-83fb-45656a89dc70,ARCHIVE,ARCHIVE_FILE,Files/archive_unzipped/2026-08-05/ipa_additional_fee.csv,archived.ipa_additional_fee,1,1,0.0,,2026-08-06 14:24:13.653817,
c5693a5c-6ecc-4bb6-83fb-45656a89dc70,ARCHIVE,ARCHIVE_FILE,Files/archive_unzipped/2026-08-04/ipa_additional_fee.csv,archived.ipa_additional_fee,1,1,0.0,,2026-08-06 14:24:58.291861,
07fa68f9-302a-43d6-af05-dda30fd994ab,ARCHIVE,ARCHIVE_FILE,Files/archive_unzipped/2026-08-15/ipa_additional_fee.csv,archived.ipa_additional_fee,1,1,0.0,,2026-08-16 00:14:15.122881,
6a814daa-4885-49b9-abf9-4ee9a752a587,ARCHIVE,ARCHIVE_FILE,Files/archive_unzipped/2026-08-12/ipa_additional_fee.csv,archived.ipa_additional_fee,1,1,0.0,,2026-08-13 00:19:04.382991,
1a484b8a-0967-4aa9-9302-6de8279251eb,ARCHIVE,ARCHIVE_FILE,Files/archive_unzipped/2026-08-13/ipa_additional_fee.csv,archived.ipa_additional_fee,1,1,0.0,,2026-08-14 00:08:01.069098,
2fb28764-6a12-49b9-8bdc-b8366aa21fd5,ARCHIVE,ARCHIVE_FILE,Files/archive_unzipped/2026-08-19/ipa_additional_fee.csv,archived.ipa_additional_fee,2,2,0.0,,2026-08-20 00:05:28.570206,
c7a29ef4-9841-48cb-adc3-bc465080d157,ARCHIVE,ARCHIVE_FILE,Files/archive_unzipped/2026-08-06/ipa_additional_fee.csv,archived.ipa_additional_fee,1,1,0.0,,2026-08-07 00:11:56.675453,
c5693a5c-6ecc-4bb6-83fb-45656a89dc70,ARCHIVE,ARCHIVE_FILE,Files/archive_unzipped/2026-08-01/ipa_additional_fee.csv,archived.ipa_additional_fee,1,1,0.0,,2026-08-06 13:40:31.432042,
f7f015a2-e718-4fc7-ab1c-062e743d94c8,ARCHIVE,ARCHIVE_FILE,Files/archive_unzipped/2026-08-10/provider_home_age.csv,archived.provider_home_age,2357,2357,0.0,,2026-08-11 00:19:39.417684,
3a127efd-272b-4984-8a6f-a5933040572d,ARCHIVE,ARCHIVE_FILE,Files/archive_unzipped/2026-08-16/provider_home_age.csv,archived.provider_home_age,2379,2379,0.0,,2026-08-17 00:07:52.916655,
8e9ad3b7-6f21-43df-b0a1-71629190518b,ARCHIVE,ARCHIVE_FILE,Files/archive_unzipped/2026-08-14/provider_home_age.csv,archived.provider_home_age,2379,2379,0.0,,2026-08-15 00:15:14.501129,
93ca2362-c310-4c20-97f0-8a2bb72a22d3,ARCHIVE,ARCHIVE_FILE,Files/archive_unzipped/2026-08-17/provider_home_age.csv,archived.provider_home_age,2395,2395,0.0,,2026-08-18 00:05:08.850950,
c5693a5c-6ecc-4bb6-83fb-45656a89dc70,ARCHIVE,ARCHIVE_FILE,Files/archive_unzipped/2026-05-30/referral_provider.csv,archived.referral_provider,5749,5749,0.0,,2026-08-06 14:55:07.505546,
c5693a5c-6ecc-4bb6-83fb-45656a89dc70,ARCHIVE,ARCHIVE_FILE,Files/archive_unzipped/2026-07-31/provider_home_age.csv,archived.provider_home_age,2315,2315,0.0,,2026-08-06 14:10:32.680510,
82280c66-1889-4504-94e1-7a9cdb65647f,ARCHIVE,ARCHIVE_FILE,Files/archive_unzipped/2026-08-18/provider_home_age.csv,archived.provider_home_age,2402,2402,0.0,,2026-08-19 00:08:53.104739,
6a814daa-4885-49b9-abf9-4ee9a752a587,ARCHIVE,ARCHIVE_FILE,Files/archive_unzipped/2026-08-12/provider_home_age.csv,archived.provider_home_age,2360,2360,0.0,,2026-08-13 00:15:04.734943,
7b7d28bb-9887-46eb-97f3-8c5f747bb4c8,ARCHIVE,ARCHIVE_FILE,Files/archive_unzipped/2026-08-09/provider_home_age.csv,archived.provider_home_age,2348,2348,0.0,,2026-08-10 00:07:12.687138,
c5693a5c-6ecc-4bb6-83fb-45656a89dc70,ARCHIVE,ARCHIVE_FILE,Files/archive_unzipped/2026-08-02/provider_home_age.csv,archived.provider_home_age,2315,2315,0.0,,2026-08-06 13:58:50.139857,
c5693a5c-6ecc-4bb6-83fb-45656a89dc70,ARCHIVE,ARCHIVE_FILE,Files/archive_unzipped/2026-08-03/provider_home_age.csv,archived.provider_home_age,2315,2315,0.0,,2026-08-06 14:31:27.981468,
6d5b71dc-89d7-4fd2-b33f-6bb79b1845cd,SILVER,ARCHIVE,archived.ipa_child,silver.slv_ipa_child,8,8,0.0,,2026-08-04 16:58:13.358530,
8384f3fd-d320-4530-bc69-530789fba495,SILVER,LATEST,bronze.additional_fee,silver.slv_additional_fee,318,318,0.0,,2026-08-16 11:31:10.270456,
6c898cf7-9d0d-4c1b-9f39-46a2bf25acd8,SILVER,LATEST,bronze.additional_fee,silver.slv_additional_fee,263,263,0.0,,2026-08-04 13:06:23.628611,
ad3955df-1bd4-4ab2-b48c-83b0dfdf54a1,SILVER,ARCHIVE_MONTH_END,archived.ipa,silver.slv_ipa,31,31,0.0,,2026-08-20 09:57:30.415889,
10b2023d-51a0-48c6-828f-9e0fc96c49c6,SILVER,ARCHIVE_MONTH_END,archived.ipa,silver.slv_ipa,20,20,0.0,,2026-08-20 07:48:27.959707,
6d5b71dc-89d7-4fd2-b33f-6bb79b1845cd,SILVER,ARCHIVE,archived.referral,silver.slv_referral,250,250,0.0,,2026-08-04 17:08:58.828727,
4a4bbcc2-6c72-4e33-b176-b324b2fb7719,SILVER,ARCHIVE,archived.provider,silver.slv_provider,605,605,0.0,,2026-08-04 22:25:48.003823,
4a4bbcc2-6c72-4e33-b176-b324b2fb7719,SILVER,ARCHIVE,archived.provider,silver.slv_provider,602,602,0.0,,2026-08-04 22:08:14.945314,
6d5b71dc-89d7-4fd2-b33f-6bb79b1845cd,SILVER,ARCHIVE,archived.referral,silver.slv_referral,250,250,0.0,,2026-08-04 17:22:24.043583,
4a4bbcc2-6c72-4e33-b176-b324b2fb7719,SILVER,ARCHIVE,archived.provider,silver.slv_provider,603,603,0.0,,2026-08-04 22:20:13.129889,
6d5b71dc-89d7-4fd2-b33f-6bb79b1845cd,SILVER,ARCHIVE,archived.referral,silver.slv_referral,223,223,0.0,,2026-08-04 16:45:32.809596,
6d5b71dc-89d7-4fd2-b33f-6bb79b1845cd,SILVER,ARCHIVE,archived.referral,silver.slv_referral,266,266,0.0,,2026-08-04 17:30:06.191016,
6d5b71dc-89d7-4fd2-b33f-6bb79b1845cd,SILVER,ARCHIVE,archived.referral,silver.slv_referral,243,243,0.0,,2026-08-04 17:02:13.194205,
6d5b71dc-89d7-4fd2-b33f-6bb79b1845cd,SILVER,ARCHIVE,archived.referral,silver.slv_referral,250,250,0.0,,2026-08-04 17:15:39.432211,
6d5b71dc-89d7-4fd2-b33f-6bb79b1845cd,SILVER,ARCHIVE,archived.referral,silver.slv_referral,315,315,0.0,,2026-08-04 17:46:29.551302,
4a4bbcc2-6c72-4e33-b176-b324b2fb7719,SILVER,ARCHIVE,archived.provider,silver.slv_provider,602,602,0.0,,2026-08-04 22:14:14.799540,
6d5b71dc-89d7-4fd2-b33f-6bb79b1845cd,SILVER,ARCHIVE,archived.referral,silver.slv_referral,296,296,0.0,,2026-08-04 17:38:18.422813,
6d5b71dc-89d7-4fd2-b33f-6bb79b1845cd,SILVER,ARCHIVE,archived.referral,silver.slv_referral,233,233,0.0,,2026-08-04 16:54:02.173901,
6b7d4b98-0f12-4efe-8c79-7680ae979f28,SILVER,ARCHIVE_MONTH_END,archived.ipa,silver.slv_ipa,8,8,0.0,,2026-08-05 15:06:51.821243,
91566f2f-f4e5-489f-be9f-dca931de3857,SILVER,ARCHIVE_MONTH_END,archived.ipa,silver.slv_ipa,8,8,0.0,,2026-08-19 21:30:07.502055,
6b7d4b98-0f12-4efe-8c79-7680ae979f28,SILVER,ARCHIVE_MONTH_END,archived.ipa,silver.slv_ipa,8,8,0.0,,2026-08-05 15:48:33.094119,
99a4d35f-574f-477e-aaf4-15681100f9ce,SILVER,ARCHIVE_MONTH_END,archived.ipa,silver.slv_ipa,3,3,0.0,,2026-08-19 15:58:53.538652,
bd45fedb-2ec9-4318-b19b-b63ac5b8d2d3,SILVER,ARCHIVE_MONTH_END,archived.ipa,silver.slv_ipa,8,8,0.0,,2026-08-19 10:27:59.283687,
bd45fedb-2ec9-4318-b19b-b63ac5b8d2d3,SILVER,ARCHIVE_MONTH_END,archived.ipa,silver.slv_ipa,3,3,0.0,,2026-08-19 10:05:24.761577,
b8741d57-b7d4-48ea-be4a-8f820b3ccada,SILVER,ARCHIVE_MONTH_END,archived.ipa,silver.slv_ipa,8,8,0.0,,2026-08-05 16:34:54.485159,
c2a3ce17-f3df-4809-a0eb-181fb745139e,SILVER,ARCHIVE,archived.holding_company,silver_archive.slv_provider_holding_company,18982,18982,,,2026-08-03 22:29:57.877637,
8384f3fd-d320-4530-bc69-530789fba495,SILVER,LATEST,bronze.provider_home,silver.slv_provider_home,2379,2379,0.0,,2026-08-16 11:25:18.874163,
8384f3fd-d320-4530-bc69-530789fba495,SILVER,LATEST,bronze.offer_updates,silver.slv_offer_updates,10,10,0.0,,2026-08-16 11:34:03.190877,
c2a3ce17-f3df-4809-a0eb-181fb745139e,SILVER,ARCHIVE,archived.foster_transport,silver_archive.slv_offer_foster_transport,380,380,,,2026-08-03 22:29:41.398262,
8384f3fd-d320-4530-bc69-530789fba495,SILVER,LATEST,bronze.foster_carer,silver.slv_foster_carer,40,40,0.0,,2026-08-16 11:31:44.936119,
c2a3ce17-f3df-4809-a0eb-181fb745139e,SILVER,LATEST,bronze.supervising_social_worker,silver.slv_offer_supervising_social_worker,25,25,,,2026-08-03 22:28:40.332263,
6d7f6d24-3004-4724-9597-82ad84dba6e8,SILVER,LATEST,bronze.provider_home_spot_category,silver.slv_provider_home_spot_category,1531,1531,,,2026-08-03 22:53:02.879932,
dc5834a6-f5e4-433e-aaee-7c9a683ceb73,ARCHIVE,ARCHIVE_FILE,Files/archive_unzipped/2026-07-16/audit/jun26/2026-06-22.csv,archived.audit,904,904,0.0,,2026-08-06 07:22:47.880047,
dc5834a6-f5e4-433e-aaee-7c9a683ceb73,ARCHIVE,ARCHIVE_FILE,Files/archive_unzipped/2026-07-20/audit/jun26/2026-06-25.csv,archived.audit,563,563,0.0,,2026-08-06 07:00:06.336274,
dc5834a6-f5e4-433e-aaee-7c9a683ceb73,ARCHIVE,ARCHIVE_FILE,Files/archive_unzipped/2026-07-21/audit/jun26/2026-06-04.csv,archived.audit,678,678,0.0,,2026-08-06 06:36:34.206088,
dc5834a6-f5e4-433e-aaee-7c9a683ceb73,ARCHIVE,ARCHIVE_FILE,Files/archive_unzipped/2026-07-13/audit/jun26/2026-06-29.csv,archived.audit,561,561,0.0,,2026-08-06 05:22:45.310870,
4096e6a2-b8c3-4f52-b538-2f478426abc7,ARCHIVE,ARCHIVE_FILE,Files/archive_unzipped/2026-08-20/offer_updates.csv,archived.offer_updates,10,10,0.0,,2026-08-21 00:08:24.845711,
c5693a5c-6ecc-4bb6-83fb-45656a89dc70,ARCHIVE,ARCHIVE_FILE,Files/archive_unzipped/2026-08-04/offer_updates.csv,archived.offer_updates,10,10,0.0,,2026-08-06 14:21:49.907815,
7b7d28bb-9887-46eb-97f3-8c5f747bb4c8,ARCHIVE,ARCHIVE_FILE,Files/archive_unzipped/2026-08-09/offer_updates.csv,archived.offer_updates,10,10,0.0,,2026-08-10 00:08:43.665194,
fbbe4d39-8ffc-4453-88ad-29fda3187b10,ARCHIVE,ARCHIVE_FILE,Files/archive_unzipped/2026-08-11/offer_updates.csv,archived.offer_updates,10,10,0.0,,2026-08-12 00:18:23.012577,
c5693a5c-6ecc-4bb6-83fb-45656a89dc70,ARCHIVE,ARCHIVE_FILE,Files/archive_unzipped/2026-08-05/offer_updates.csv,archived.offer_updates,10,10,0.0,,2026-08-06 13:42:53.151532,
c7a29ef4-9841-48cb-adc3-bc465080d157,ARCHIVE,ARCHIVE_FILE,Files/archive_unzipped/2026-08-06/offer_updates.csv,archived.offer_updates,10,10,0.0,,2026-08-07 00:13:35.452399,
93ca2362-c310-4c20-97f0-8a2bb72a22d3,ARCHIVE,ARCHIVE_FILE,Files/archive_unzipped/2026-08-17/offer_updates.csv,archived.offer_updates,10,10,0.0,,2026-08-18 00:18:02.570193,
1a484b8a-0967-4aa9-9302-6de8279251eb,ARCHIVE,ARCHIVE_FILE,Files/archive_unzipped/2026-08-13/offer_updates.csv,archived.offer_updates,10,10,0.0,,2026-08-14 00:12:35.696756,
3a127efd-272b-4984-8a6f-a5933040572d,ARCHIVE,ARCHIVE_FILE,Files/archive_unzipped/2026-08-16/offer_updates.csv,archived.offer_updates,10,10,0.0,,2026-08-17 00:03:14.595089,
07fa68f9-302a-43d6-af05-dda30fd994ab,ARCHIVE,ARCHIVE_FILE,Files/archive_unzipped/2026-08-15/offer_updates.csv,archived.offer_updates,10,10,0.0,,2026-08-16 00:07:14.258596,
4d06aeac-915a-4409-a283-4d7b0fbbd16a,ARCHIVE,ARCHIVE_FILE,Files/archive_unzipped/2026-08-08/offer_updates.csv,archived.offer_updates,10,10,0.0,,2026-08-09 00:10:10.646572,
6a814daa-4885-49b9-abf9-4ee9a752a587,ARCHIVE,ARCHIVE_FILE,Files/archive_unzipped/2026-08-12/offer_updates.csv,archived.offer_updates,10,10,0.0,,2026-08-13 00:20:03.431457,
2fb28764-6a12-49b9-8bdc-b8366aa21fd5,ARCHIVE,ARCHIVE_FILE,Files/archive_unzipped/2026-08-19/offer_updates.csv,archived.offer_updates,10,10,0.0,,2026-08-20 00:15:41.477257,
82280c66-1889-4504-94e1-7a9cdb65647f,ARCHIVE,ARCHIVE_FILE,Files/archive_unzipped/2026-08-18/offer_updates.csv,archived.offer_updates,10,10,0.0,,2026-08-19 00:17:04.365746,
8e9ad3b7-6f21-43df-b0a1-71629190518b,ARCHIVE,ARCHIVE_FILE,Files/archive_unzipped/2026-08-14/offer_updates.csv,archived.offer_updates,10,10,0.0,,2026-08-15 00:22:58.223096,
f7f015a2-e718-4fc7-ab1c-062e743d94c8,ARCHIVE,ARCHIVE_FILE,Files/archive_unzipped/2026-08-10/offer_updates.csv,archived.offer_updates,10,10,0.0,,2026-08-11 00:14:09.872815,
41135375-8ada-45d8-a9bb-fa196b0f5472,ARCHIVE,ARCHIVE_FILE,Files/archive_unzipped/2026-08-07/offer_updates.csv,archived.offer_updates,10,10,0.0,,2026-08-08 00:15:22.168098,
dc5834a6-f5e4-433e-aaee-7c9a683ceb73,ARCHIVE,ARCHIVE_FILE,Files/archive_unzipped/2026-08-02/audit/jul26/2026-07-11.csv,archived.audit,16,16,0.0,,2026-08-06 04:14:47.085327,
dc5834a6-f5e4-433e-aaee-7c9a683ceb73,ARCHIVE,ARCHIVE_FILE,Files/archive_unzipped/2026-07-30/audit/jun26/2026-06-07.csv,archived.audit,20,20,0.0,,2026-08-06 03:31:15.838317,
dc5834a6-f5e4-433e-aaee-7c9a683ceb73,ARCHIVE,ARCHIVE_FILE,Files/archive_unzipped/2026-07-04/audit/jun26/2026-06-07.csv,archived.audit,20,20,0.0,,2026-08-06 03:41:56.527588,
dc5834a6-f5e4-433e-aaee-7c9a683ceb73,ARCHIVE,ARCHIVE_FILE,Files/archive_unzipped/2026-07-16/audit/jun26/2026-07-01.csv,archived.audit,38,38,0.0,,2026-08-06 02:28:59.637671,
dc5834a6-f5e4-433e-aaee-7c9a683ceb73,ARCHIVE,ARCHIVE_FILE,Files/archive_unzipped/2026-07-03/audit/jun26/2026-06-07.csv,archived.audit,20,20,0.0,,2026-08-06 04:26:05.151266,
dc5834a6-f5e4-433e-aaee-7c9a683ceb73,ARCHIVE,ARCHIVE_FILE,Files/archive_unzipped/2026-07-23/audit/jun26/2026-06-14.csv,archived.audit,13,13,0.0,,2026-08-06 02:36:27.178296,
dc5834a6-f5e4-433e-aaee-7c9a683ceb73,ARCHIVE,ARCHIVE_FILE,Files/archive_unzipped/2026-07-11/audit/jun26/2026-07-01.csv,archived.audit,38,38,0.0,,2026-08-06 01:13:18.841179,
dc5834a6-f5e4-433e-aaee-7c9a683ceb73,ARCHIVE,ARCHIVE_FILE,Files/archive_unzipped/2026-07-22/audit/jun26/2026-06-21.csv,archived.audit,14,14,0.0,,2026-08-06 06:41:16.872557,
dc5834a6-f5e4-433e-aaee-7c9a683ceb73,ARCHIVE,ARCHIVE_FILE,Files/archive_unzipped/2026-07-07/audit/jun26/2026-06-07.csv,archived.audit,20,20,0.0,,2026-08-06 00:30:49.849692,
dc5834a6-f5e4-433e-aaee-7c9a683ceb73,ARCHIVE,ARCHIVE_FILE,Files/archive_unzipped/2026-07-04/audit/jun26/2026-06-06.csv,archived.audit,43,43,0.0,,2026-08-06 06:19:52.161607,
dc5834a6-f5e4-433e-aaee-7c9a683ceb73,ARCHIVE,ARCHIVE_FILE,Files/archive_unzipped/2026-08-01/audit/jul26/2026-07-26.csv,archived.audit,23,23,0.0,,2026-08-06 04:57:36.813175,
7b7d28bb-9887-46eb-97f3-8c5f747bb4c8,ARCHIVE,ARCHIVE_FILE,Files/archive_unzipped/2026-08-09/provider_framework.csv,archived.provider_framework,294,294,0.0,,2026-08-10 00:07:48.947869,
f7f015a2-e718-4fc7-ab1c-062e743d94c8,ARCHIVE,ARCHIVE_FILE,Files/archive_unzipped/2026-08-10/provider_sic_codes.csv,archived.provider_sic_codes,602,602,0.0,,2026-08-11 00:10:29.954913,
c5693a5c-6ecc-4bb6-83fb-45656a89dc70,ARCHIVE,ARCHIVE_FILE,Files/archive_unzipped/2026-07-30/offer_view_history.csv,archived.offer_view_history,718,718,0.0,,2026-08-06 13:02:51.593258,
c5693a5c-6ecc-4bb6-83fb-45656a89dc70,ARCHIVE,ARCHIVE_FILE,Files/archive_unzipped/2026-08-05/provider_sic_codes.csv,archived.provider_sic_codes,596,596,0.0,,2026-08-06 14:19:25.491730,
8e9ad3b7-6f21-43df-b0a1-71629190518b,ARCHIVE,ARCHIVE_FILE,Files/archive_unzipped/2026-08-14/offer_view_history.csv,archived.offer_view_history,834,834,0.0,,2026-08-15 00:05:39.452874,
93ca2362-c310-4c20-97f0-8a2bb72a22d3,ARCHIVE,ARCHIVE_FILE,Files/archive_unzipped/2026-08-17/offer_view_history.csv,archived.offer_view_history,857,857,0.0,,2026-08-18 00:14:54.003890,
2fb28764-6a12-49b9-8bdc-b8366aa21fd5,ARCHIVE,ARCHIVE_FILE,Files/archive_unzipped/2026-08-19/provider_framework.csv,archived.provider_framework,295,295,0.0,,2026-08-20 00:09:59.625467,
2fb28764-6a12-49b9-8bdc-b8366aa21fd5,ARCHIVE,ARCHIVE_FILE,Files/archive_unzipped/2026-08-19/offer_view_history.csv,archived.offer_view_history,909,909,0.0,,2026-08-20 00:04:29.121085,
7b7d28bb-9887-46eb-97f3-8c5f747bb4c8,ARCHIVE,ARCHIVE_FILE,Files/archive_unzipped/2026-08-09/provider_sic_codes.csv,archived.provider_sic_codes,601,601,0.0,,2026-08-10 00:14:56.239848,
1a484b8a-0967-4aa9-9302-6de8279251eb,ARCHIVE,ARCHIVE_FILE,Files/archive_unzipped/2026-08-13/provider_framework.csv,archived.provider_framework,294,294,0.0,,2026-08-14 00:06:41.555511,
4096e6a2-b8c3-4f52-b538-2f478426abc7,ARCHIVE,ARCHIVE_FILE,Files/archive_unzipped/2026-08-20/provider_sic_codes.csv,archived.provider_sic_codes,613,613,0.0,,2026-08-21 00:11:46.755123,
41135375-8ada-45d8-a9bb-fa196b0f5472,ARCHIVE,ARCHIVE_FILE,Files/archive_unzipped/2026-08-07/provider_sic_codes.csv,archived.provider_sic_codes,601,601,0.0,,2026-08-08 00:04:19.312314,
3a127efd-272b-4984-8a6f-a5933040572d,ARCHIVE,ARCHIVE_FILE,Files/archive_unzipped/2026-08-16/provider_sic_codes.csv,archived.provider_sic_codes,609,609,0.0,,2026-08-17 00:04:41.019746,
4d06aeac-915a-4409-a283-4d7b0fbbd16a,ARCHIVE,ARCHIVE_FILE,Files/archive_unzipped/2026-08-08/provider_sic_codes.csv,archived.provider_sic_codes,601,601,0.0,,2026-08-09 00:14:23.952532,
41135375-8ada-45d8-a9bb-fa196b0f5472,ARCHIVE,ARCHIVE_FILE,Files/archive_unzipped/2026-08-07/provider_framework.csv,archived.provider_framework,294,294,0.0,,2026-08-08 00:05:23.220120,
c5693a5c-6ecc-4bb6-83fb-45656a89dc70,ARCHIVE,ARCHIVE_FILE,Files/archive_unzipped/2026-08-01/provider_framework.csv,archived.provider_framework,291,291,0.0,,2026-08-06 14:57:54.199126,
8e9ad3b7-6f21-43df-b0a1-71629190518b,ARCHIVE,ARCHIVE_FILE,Files/archive_unzipped/2026-08-14/provider_sic_codes.csv,archived.provider_sic_codes,609,609,0.0,,2026-08-15 00:16:12.701632,
f7f015a2-e718-4fc7-ab1c-062e743d94c8,ARCHIVE,ARCHIVE_FILE,Files/archive_unzipped/2026-08-10/framework_category.csv,archived.framework_category,20,20,0.0,,2026-08-11 00:06:32.276509,
82280c66-1889-4504-94e1-7a9cdb65647f,ARCHIVE,ARCHIVE_FILE,Files/archive_unzipped/2026-08-18/framework_category.csv,archived.framework_category,20,20,0.0,,2026-08-19 00:05:36.385881,
c5693a5c-6ecc-4bb6-83fb-45656a89dc70,ARCHIVE,ARCHIVE_FILE,Files/archive_unzipped/2026-08-02/framework_category.csv,archived.framework_category,20,20,0.0,,2026-08-06 13:33:12.100245,
c5693a5c-6ecc-4bb6-83fb-45656a89dc70,ARCHIVE,ARCHIVE_FILE,Files/archive_unzipped/2026-07-30/framework_category.csv,archived.framework_category,20,20,0.0,,2026-08-06 14:23:27.354224,
c5693a5c-6ecc-4bb6-83fb-45656a89dc70,ARCHIVE,ARCHIVE_FILE,Files/archive_unzipped/2026-04-30/framework_category.csv,archived.framework_category,20,20,0.0,,2026-08-06 14:51:32.641351,
c5693a5c-6ecc-4bb6-83fb-45656a89dc70,ARCHIVE,ARCHIVE_FILE,Files/archive_unzipped/2026-08-01/framework_category.csv,archived.framework_category,20,20,0.0,,2026-08-06 14:00:21.170493,
93ca2362-c310-4c20-97f0-8a2bb72a22d3,ARCHIVE,ARCHIVE_FILE,Files/archive_unzipped/2026-08-17/framework_category.csv,archived.framework_category,20,20,0.0,,2026-08-18 00:09:45.995022,
c5693a5c-6ecc-4bb6-83fb-45656a89dc70,ARCHIVE,ARCHIVE_FILE,Files/archive_unzipped/2026-05-30/framework_category.csv,archived.framework_category,20,20,0.0,,2026-08-06 13:34:22.344396,
c7a29ef4-9841-48cb-adc3-bc465080d157,ARCHIVE,ARCHIVE_FILE,Files/archive_unzipped/2026-08-06/framework_category.csv,archived.framework_category,20,20,0.0,,2026-08-07 00:18:44.414369,
2fb28764-6a12-49b9-8bdc-b8366aa21fd5,ARCHIVE,ARCHIVE_FILE,Files/archive_unzipped/2026-08-19/framework_category.csv,archived.framework_category,20,20,0.0,,2026-08-20 00:05:02.764102,
1a484b8a-0967-4aa9-9302-6de8279251eb,ARCHIVE,ARCHIVE_FILE,Files/archive_unzipped/2026-08-13/framework_category.csv,archived.framework_category,20,20,0.0,,2026-08-14 00:18:19.763364,
8e9ad3b7-6f21-43df-b0a1-71629190518b,ARCHIVE,ARCHIVE_FILE,Files/archive_unzipped/2026-08-14/framework_category.csv,archived.framework_category,20,20,0.0,,2026-08-15 00:06:55.775207,
07fa68f9-302a-43d6-af05-dda30fd994ab,ARCHIVE,ARCHIVE_FILE,Files/archive_unzipped/2026-08-15/framework_category.csv,archived.framework_category,20,20,0.0,,2026-08-16 00:13:01.480471,
7b7d28bb-9887-46eb-97f3-8c5f747bb4c8,ARCHIVE,ARCHIVE_FILE,Files/archive_unzipped/2026-08-09/framework_category.csv,archived.framework_category,20,20,0.0,,2026-08-10 00:11:44.186499,
c5693a5c-6ecc-4bb6-83fb-45656a89dc70,ARCHIVE,ARCHIVE_FILE,Files/archive_unzipped/2026-08-04/framework_category.csv,archived.framework_category,20,20,0.0,,2026-08-06 14:10:07.768606,
41135375-8ada-45d8-a9bb-fa196b0f5472,ARCHIVE,ARCHIVE_FILE,Files/archive_unzipped/2026-08-07/holding_company.csv,archived.holding_company,669,669,0.0,,2026-08-08 00:08:11.552124,
c5693a5c-6ecc-4bb6-83fb-45656a89dc70,ARCHIVE,ARCHIVE_FILE,Files/archive_unzipped/2026-08-04/referral_person.csv,archived.referral_person,566,566,0.0,,2026-08-06 14:38:17.129018,
c7a29ef4-9841-48cb-adc3-bc465080d157,ARCHIVE,ARCHIVE_FILE,Files/archive_unzipped/2026-08-06/holding_company.csv,archived.holding_company,666,666,0.0,,2026-08-07 00:15:07.044903,
6a814daa-4885-49b9-abf9-4ee9a752a587,ARCHIVE,ARCHIVE_FILE,Files/archive_unzipped/2026-08-12/referral_person.csv,archived.referral_person,628,628,0.0,,2026-08-13 00:09:20.197190,
c5693a5c-6ecc-4bb6-83fb-45656a89dc70,ARCHIVE,ARCHIVE_FILE,Files/archive_unzipped/2026-07-30/holding_company.csv,archived.holding_company,654,654,0.0,,2026-08-06 14:43:59.539963,
4d06aeac-915a-4409-a283-4d7b0fbbd16a,ARCHIVE,ARCHIVE_FILE,Files/archive_unzipped/2026-08-08/holding_company.csv,archived.holding_company,669,669,0.0,,2026-08-09 00:05:25.211849,
6a814daa-4885-49b9-abf9-4ee9a752a587,ARCHIVE,ARCHIVE_FILE,Files/archive_unzipped/2026-08-12/holding_company.csv,archived.holding_company,672,672,0.0,,2026-08-13 00:14:37.976163,
c5693a5c-6ecc-4bb6-83fb-45656a89dc70,ARCHIVE,ARCHIVE_FILE,Files/archive_unzipped/2026-08-01/referral_person.csv,archived.referral_person,546,546,0.0,,2026-08-06 14:50:43.555934,
c5693a5c-6ecc-4bb6-83fb-45656a89dc70,ARCHIVE,ARCHIVE_FILE,Files/archive_unzipped/2026-04-30/holding_company.csv,archived.holding_company,476,476,0.0,,2026-08-06 15:03:55.194557,
4096e6a2-b8c3-4f52-b538-2f478426abc7,ARCHIVE,ARCHIVE_FILE,Files/archive_unzipped/2026-08-20/referral_person.csv,archived.referral_person,697,697,0.0,,2026-08-21 00:06:56.170883,
8e9ad3b7-6f21-43df-b0a1-71629190518b,ARCHIVE,ARCHIVE_FILE,Files/archive_unzipped/2026-08-14/referral_person.csv,archived.referral_person,650,650,0.0,,2026-08-15 00:19:06.490804,
82280c66-1889-4504-94e1-7a9cdb65647f,ARCHIVE,ARCHIVE_FILE,Files/archive_unzipped/2026-08-18/holding_company.csv,archived.holding_company,681,681,0.0,,2026-08-19 00:03:49.428943,
c5693a5c-6ecc-4bb6-83fb-45656a89dc70,ARCHIVE,ARCHIVE_FILE,Files/archive_unzipped/2026-07-31/referral_person.csv,archived.referral_person,546,546,0.0,,2026-08-06 13:29:56.077149,
c5693a5c-6ecc-4bb6-83fb-45656a89dc70,ARCHIVE,ARCHIVE_FILE,Files/archive_unzipped/2026-08-03/referral_person.csv,archived.referral_person,560,560,0.0,,2026-08-06 14:37:31.123667,
3a127efd-272b-4984-8a6f-a5933040572d,ARCHIVE,ARCHIVE_FILE,Files/archive_unzipped/2026-08-16/holding_company.csv,archived.holding_company,678,678,0.0,,2026-08-17 00:12:13.083956,
c5693a5c-6ecc-4bb6-83fb-45656a89dc70,ARCHIVE,ARCHIVE_FILE,Files/archive_unzipped/2026-08-03/holding_company.csv,archived.holding_company,654,654,0.0,,2026-08-06 13:19:53.903917,
2fb28764-6a12-49b9-8bdc-b8366aa21fd5,ARCHIVE,ARCHIVE_FILE,Files/archive_unzipped/2026-08-19/referral_person.csv,archived.referral_person,683,683,0.0,,2026-08-20 00:07:10.162841,
93ca2362-c310-4c20-97f0-8a2bb72a22d3,ARCHIVE,ARCHIVE_FILE,Files/archive_unzipped/2026-08-17/referral_person.csv,archived.referral_person,660,660,0.0,,2026-08-18 00:13:14.841834,
7b7d28bb-9887-46eb-97f3-8c5f747bb4c8,ARCHIVE,ARCHIVE_FILE,Files/archive_unzipped/2026-08-09/holding_company.csv,archived.holding_company,669,669,0.0,,2026-08-10 00:17:36.933472,
c5693a5c-6ecc-4bb6-83fb-45656a89dc70,ARCHIVE,ARCHIVE_FILE,Files/archive_unzipped/2026-08-02/referral_person.csv,archived.referral_person,546,546,0.0,,2026-08-06 14:59:56.025739,
c5693a5c-6ecc-4bb6-83fb-45656a89dc70,ARCHIVE,ARCHIVE_FILE,Files/archive_unzipped/2026-08-02/holding_company.csv,archived.holding_company,654,654,0.0,,2026-08-06 13:44:15.443128,
c5693a5c-6ecc-4bb6-83fb-45656a89dc70,ARCHIVE,ARCHIVE_FILE,Files/archive_unzipped/2026-08-04/holding_company.csv,archived.holding_company,654,654,0.0,,2026-08-06 13:24:23.543301,
c5693a5c-6ecc-4bb6-83fb-45656a89dc70,ARCHIVE,ARCHIVE_FILE,Files/archive_unzipped/2026-08-05/holding_company.csv,archived.holding_company,661,661,0.0,,2026-08-06 14:57:31.264948,
4d06aeac-915a-4409-a283-4d7b0fbbd16a,ARCHIVE,ARCHIVE_FILE,Files/archive_unzipped/2026-08-08/referral_person.csv,archived.referral_person,592,592,0.0,,2026-08-09 00:06:23.299522,
f7f015a2-e718-4fc7-ab1c-062e743d94c8,ARCHIVE,ARCHIVE_FILE,Files/archive_unzipped/2026-08-10/holding_company.csv,archived.holding_company,671,671,0.0,,2026-08-11 00:05:29.052929,
c5693a5c-6ecc-4bb6-83fb-45656a89dc70,ARCHIVE,ARCHIVE_FILE,Files/archive_unzipped/2026-08-05/referral_person.csv,archived.referral_person,576,576,0.0,,2026-08-06 14:38:41.788962,
1a484b8a-0967-4aa9-9302-6de8279251eb,ARCHIVE,ARCHIVE_FILE,Files/archive_unzipped/2026-08-13/referral_person.csv,archived.referral_person,639,639,0.0,,2026-08-14 00:09:46.103341,
8e9ad3b7-6f21-43df-b0a1-71629190518b,ARCHIVE,ARCHIVE_FILE,Files/archive_unzipped/2026-08-14/holding_company.csv,archived.holding_company,678,678,0.0,,2026-08-15 00:12:44.521894,
82280c66-1889-4504-94e1-7a9cdb65647f,ARCHIVE,ARCHIVE_FILE,Files/archive_unzipped/2026-08-18/referral_person.csv,archived.referral_person,675,675,0.0,,2026-08-19 00:09:21.284724,
c5693a5c-6ecc-4bb6-83fb-45656a89dc70,ARCHIVE,ARCHIVE_FILE,Files/archive_unzipped/2026-07-30/referral_person.csv,archived.referral_person,539,539,0.0,,2026-08-06 13:08:36.689315,
07fa68f9-302a-43d6-af05-dda30fd994ab,ARCHIVE,ARCHIVE_FILE,Files/archive_unzipped/2026-08-15/referral_person.csv,archived.referral_person,650,650,0.0,,2026-08-16 00:10:41.007972,
93ca2362-c310-4c20-97f0-8a2bb72a22d3,ARCHIVE,ARCHIVE_FILE,Files/archive_unzipped/2026-08-17/holding_company.csv,archived.holding_company,681,681,0.0,,2026-08-18 00:15:19.741035,
c5693a5c-6ecc-4bb6-83fb-45656a89dc70,ARCHIVE,ARCHIVE_FILE,Files/archive_unzipped/2026-08-03/provider_sic_codes.csv,archived.provider_sic_codes,592,592,0.0,,2026-08-06 13:45:03.643003,
c5693a5c-6ecc-4bb6-83fb-45656a89dc70,ARCHIVE,ARCHIVE_FILE,Files/archive_unzipped/2026-08-01/offer_view_history.csv,archived.offer_view_history,719,719,0.0,,2026-08-06 13:36:44.564292,
c5693a5c-6ecc-4bb6-83fb-45656a89dc70,ARCHIVE,ARCHIVE_FILE,Files/archive_unzipped/2026-08-04/provider_framework.csv,archived.provider_framework,291,291,0.0,,2026-08-06 14:20:35.535679,
07fa68f9-302a-43d6-af05-dda30fd994ab,ARCHIVE,ARCHIVE_FILE,Files/archive_unzipped/2026-08-15/provider_framework.csv,archived.provider_framework,294,294,0.0,,2026-08-16 00:14:49.875816,
c5693a5c-6ecc-4bb6-83fb-45656a89dc70,ARCHIVE,ARCHIVE_FILE,Files/archive_unzipped/2026-04-30/provider_framework.csv,archived.provider_framework,260,260,0.0,,2026-08-06 13:27:24.108134,
c5693a5c-6ecc-4bb6-83fb-45656a89dc70,ARCHIVE,ARCHIVE_FILE,Files/archive_unzipped/2026-08-04/offer_view_history.csv,archived.offer_view_history,747,747,0.0,,2026-08-06 14:36:41.740259,
c5693a5c-6ecc-4bb6-83fb-45656a89dc70,ARCHIVE,ARCHIVE_FILE,Files/archive_unzipped/2026-08-02/provider_framework.csv,archived.provider_framework,291,291,0.0,,2026-08-06 14:20:58.684112,
4d06aeac-915a-4409-a283-4d7b0fbbd16a,ARCHIVE,ARCHIVE_FILE,Files/archive_unzipped/2026-08-08/provider_framework.csv,archived.provider_framework,294,294,0.0,,2026-08-09 00:14:52.327605,
c5693a5c-6ecc-4bb6-83fb-45656a89dc70,ARCHIVE,ARCHIVE_FILE,Files/archive_unzipped/2026-08-05/offer_view_history.csv,archived.offer_view_history,755,755,0.0,,2026-08-06 14:06:53.922047,
3a127efd-272b-4984-8a6f-a5933040572d,ARCHIVE,ARCHIVE_FILE,Files/archive_unzipped/2026-08-16/provider_framework.csv,archived.provider_framework,294,294,0.0,,2026-08-17 00:15:40.873185,
f7f015a2-e718-4fc7-ab1c-062e743d94c8,ARCHIVE,ARCHIVE_FILE,Files/archive_unzipped/2026-08-10/offer_view_history.csv,archived.offer_view_history,781,781,0.0,,2026-08-11 00:08:03.415591,
7b7d28bb-9887-46eb-97f3-8c5f747bb4c8,ARCHIVE,ARCHIVE_FILE,Files/archive_unzipped/2026-08-09/offer_view_history.csv,archived.offer_view_history,776,776,0.0,,2026-08-10 00:18:06.840093,
c5693a5c-6ecc-4bb6-83fb-45656a89dc70,ARCHIVE,ARCHIVE_FILE,Files/archive_unzipped/2026-08-03/offer_view_history.csv,archived.offer_view_history,738,738,0.0,,2026-08-06 13:30:22.256989,
c5693a5c-6ecc-4bb6-83fb-45656a89dc70,ARCHIVE,ARCHIVE_FILE,Files/archive_unzipped/2026-05-30/offer_view_history.csv,archived.offer_view_history,140,140,0.0,,2026-08-06 13:32:00.519136,
8e9ad3b7-6f21-43df-b0a1-71629190518b,ARCHIVE,ARCHIVE_FILE,Files/archive_unzipped/2026-08-14/provider_framework.csv,archived.provider_framework,294,294,0.0,,2026-08-15 00:13:46.520956,
6a814daa-4885-49b9-abf9-4ee9a752a587,ARCHIVE,ARCHIVE_FILE,Files/archive_unzipped/2026-08-12/provider_framework.csv,archived.provider_framework,294,294,0.0,,2026-08-13 00:13:42.732150,
c5693a5c-6ecc-4bb6-83fb-45656a89dc70,ARCHIVE,ARCHIVE_FILE,Files/archive_unzipped/2026-07-31/offer_view_history.csv,archived.offer_view_history,719,719,0.0,,2026-08-06 14:35:31.764551,
82280c66-1889-4504-94e1-7a9cdb65647f,ARCHIVE,ARCHIVE_FILE,Files/archive_unzipped/2026-08-18/provider_sic_codes.csv,archived.provider_sic_codes,611,611,0.0,,2026-08-19 00:16:38.951442,
f7f015a2-e718-4fc7-ab1c-062e743d94c8,ARCHIVE,ARCHIVE_FILE,Files/archive_unzipped/2026-08-10/provider_framework.csv,archived.provider_framework,294,294,0.0,,2026-08-11 00:07:05.765809,
1a484b8a-0967-4aa9-9302-6de8279251eb,ARCHIVE,ARCHIVE_FILE,Files/archive_unzipped/2026-08-13/provider_sic_codes.csv,archived.provider_sic_codes,606,606,0.0,,2026-08-14 00:20:18.980968,
82280c66-1889-4504-94e1-7a9cdb65647f,ARCHIVE,ARCHIVE_FILE,Files/archive_unzipped/2026-08-18/offer_view_history.csv,archived.offer_view_history,877,877,0.0,,2026-08-19 00:07:55.972856,
c5693a5c-6ecc-4bb6-83fb-45656a89dc70,ARCHIVE,ARCHIVE_FILE,Files/archive_unzipped/2026-08-04/provider_sic_codes.csv,archived.provider_sic_codes,592,592,0.0,,2026-08-06 13:21:57.043545,
c5693a5c-6ecc-4bb6-83fb-45656a89dc70,ARCHIVE,ARCHIVE_FILE,Files/archive_unzipped/2026-08-05/provider_framework.csv,archived.provider_framework,291,291,0.0,,2026-08-06 15:03:32.833735,
c5693a5c-6ecc-4bb6-83fb-45656a89dc70,ARCHIVE,ARCHIVE_FILE,Files/archive_unzipped/2026-05-30/provider_sic_codes.csv,archived.provider_sic_codes,499,499,0.0,,2026-08-06 14:42:43.844235,
c5693a5c-6ecc-4bb6-83fb-45656a89dc70,ARCHIVE,ARCHIVE_FILE,Files/archive_unzipped/2026-04-30/provider_sic_codes.csv,archived.provider_sic_codes,426,426,0.0,,2026-08-06 13:31:33.545663,
fbbe4d39-8ffc-4453-88ad-29fda3187b10,ARCHIVE,ARCHIVE_FILE,Files/archive_unzipped/2026-08-11/provider_framework.csv,archived.provider_framework,294,294,0.0,,2026-08-12 00:11:17.965077,
c7a29ef4-9841-48cb-adc3-bc465080d157,ARCHIVE,ARCHIVE_FILE,Files/archive_unzipped/2026-08-06/provider_sic_codes.csv,archived.provider_sic_codes,600,600,0.0,,2026-08-07 00:04:15.608709,
c5693a5c-6ecc-4bb6-83fb-45656a89dc70,ARCHIVE,ARCHIVE_FILE,Files/archive_unzipped/2026-08-02/offer_view_history.csv,archived.offer_view_history,719,719,0.0,,2026-08-06 13:47:37.040755,
2fb28764-6a12-49b9-8bdc-b8366aa21fd5,ARCHIVE,ARCHIVE_FILE,Files/archive_unzipped/2026-08-19/provider_sic_codes.csv,archived.provider_sic_codes,611,611,0.0,,2026-08-20 00:11:13.321167,
c5693a5c-6ecc-4bb6-83fb-45656a89dc70,ARCHIVE,ARCHIVE_FILE,Files/archive_unzipped/2026-07-30/provider_framework.csv,archived.provider_framework,291,291,0.0,,2026-08-06 13:12:10.712397,
c5693a5c-6ecc-4bb6-83fb-45656a89dc70,ARCHIVE,ARCHIVE_FILE,Files/archive_unzipped/2026-08-03/provider_framework.csv,archived.provider_framework,291,291,0.0,,2026-08-06 14:46:24.195436,
07fa68f9-302a-43d6-af05-dda30fd994ab,ARCHIVE,ARCHIVE_FILE,Files/archive_unzipped/2026-08-15/offer_view_history.csv,archived.offer_view_history,834,834,0.0,,2026-08-16 00:10:02.344087,
bd45fedb-2ec9-4318-b19b-b63ac5b8d2d3,SILVER,ARCHIVE_MONTH_END,archived.provider,silver.slv_provider,549,549,0.0,,2026-08-19 09:57:15.636743,
bd45fedb-2ec9-4318-b19b-b63ac5b8d2d3,SILVER,ARCHIVE_MONTH_END,archived.provider,silver.slv_provider,472,472,0.0,,2026-08-19 09:43:29.475318,
6b7d4b98-0f12-4efe-8c79-7680ae979f28,SILVER,ARCHIVE_MONTH_END,archived.provider,silver.slv_provider,602,602,0.0,,2026-08-05 15:50:48.331727,
91566f2f-f4e5-489f-be9f-dca931de3857,SILVER,ARCHIVE_MONTH_END,archived.provider,silver.slv_provider,602,602,0.0,,2026-08-19 21:21:59.364457,
da5fbf8d-9b8f-4d95-b8f9-f83ae65926c8,SILVER,ARCHIVE_MONTH_END,archived.provider,silver.slv_provider,472,472,0.0,,2026-08-12 21:12:44.562712,
b8741d57-b7d4-48ea-be4a-8f820b3ccada,SILVER,ARCHIVE_MONTH_END,archived.provider,silver.slv_provider,602,602,0.0,,2026-08-05 16:38:07.365195,
574223db-5a5e-4c8a-8bc4-a2e1f4664151,SILVER,ARCHIVE_MONTH_END,archived.provider,silver.slv_provider,472,472,0.0,,2026-08-18 10:04:05.426778,
6b7d4b98-0f12-4efe-8c79-7680ae979f28,SILVER,ARCHIVE_MONTH_END,archived.referral,silver.slv_referral,223,223,0.0,,2026-08-05 15:12:46.245064,
89d91bd3-1b17-4e3b-8868-7eafba79e9e5,SILVER,ARCHIVE_MONTH_END,archived.provider,silver.slv_provider,472,472,0.0,,2026-08-16 14:26:58.031695,
5ed96198-ddf1-49fb-95ea-1521ffd97971,SILVER,ARCHIVE_MONTH_END,archived.provider,silver.slv_provider,472,472,0.0,,2026-08-16 15:05:00.196718,
bd45fedb-2ec9-4318-b19b-b63ac5b8d2d3,SILVER,ARCHIVE_MONTH_END,archived.referral,silver.slv_referral,223,223,0.0,,2026-08-19 10:18:55.980812,
ad3955df-1bd4-4ab2-b48c-83b0dfdf54a1,SILVER,ARCHIVE_MONTH_END,archived.referral,silver.slv_referral,629,629,0.0,,2026-08-20 09:46:37.645034,
6b7d4b98-0f12-4efe-8c79-7680ae979f28,SILVER,ARCHIVE_MONTH_END,archived.referral,silver.slv_referral,223,223,0.0,,2026-08-05 15:54:03.805043,
99a4d35f-574f-477e-aaf4-15681100f9ce,SILVER,ARCHIVE_MONTH_END,archived.referral,silver.slv_referral,76,76,0.0,,2026-08-19 15:50:42.602551,
bd45fedb-2ec9-4318-b19b-b63ac5b8d2d3,SILVER,ARCHIVE_MONTH_END,archived.referral,silver.slv_referral,76,76,0.0,,2026-08-19 09:56:17.208707,
c2a3ce17-f3df-4809-a0eb-181fb745139e,SILVER,ARCHIVE,archived.provider_home_category,silver_archive.slv_provider_provider_home_category,71236,71236,,,2026-08-03 22:32:45.882868,
4a4bbcc2-6c72-4e33-b176-b324b2fb7719,SILVER,ARCHIVE,archived.offer_updates,silver.slv_offer_updates,2,2,0.0,,2026-08-04 22:07:31.080084,
4a4bbcc2-6c72-4e33-b176-b324b2fb7719,SILVER,ARCHIVE,archived.offer_updates,silver.slv_offer_updates,2,2,0.0,,2026-08-04 22:25:00.564613,
4a4bbcc2-6c72-4e33-b176-b324b2fb7719,SILVER,ARCHIVE,archived.offer_updates,silver.slv_offer_updates,2,2,0.0,,2026-08-04 22:13:16.384185,
4a4bbcc2-6c72-4e33-b176-b324b2fb7719,SILVER,ARCHIVE,archived.offer_updates,silver.slv_offer_updates,2,2,0.0,,2026-08-04 22:19:05.430402,
c2a3ce17-f3df-4809-a0eb-181fb745139e,SILVER,ARCHIVE,archived.referral_spot_category,silver_archive.slv_referral_referral_spot_category,4771,4771,,,2026-08-03 22:35:50.061557,
8384f3fd-d320-4530-bc69-530789fba495,SILVER,LATEST,bronze.offer_view_history,silver.slv_offer_view_history,834,834,0.0,,2026-08-16 11:34:37.756798,
6c898cf7-9d0d-4c1b-9f39-46a2bf25acd8,SILVER,LATEST,bronze.provider_framework,silver.slv_provider_framework,291,291,0.0,,2026-08-04 13:09:29.059849,
8384f3fd-d320-4530-bc69-530789fba495,SILVER,LATEST,bronze.provider_framework,silver.slv_provider_framework,294,294,0.0,,2026-08-16 11:24:43.617191,
8384f3fd-d320-4530-bc69-530789fba495,SILVER,LATEST,bronze.framework_category,silver.slv_framework_category,20,20,0.0,,2026-08-16 11:19:50.970135,
8384f3fd-d320-4530-bc69-530789fba495,SILVER,LATEST,bronze.ipa_additional_fee,silver.slv_ipa_additional_fee,1,1,0.0,,2026-08-16 11:35:37.569045,
8384f3fd-d320-4530-bc69-530789fba495,SILVER,LATEST,bronze.referral_provider,silver.slv_referral_provider,59965,59965,0.0,,2026-08-16 11:25:48.147835,
6c898cf7-9d0d-4c1b-9f39-46a2bf25acd8,SILVER,LATEST,bronze.referral_provider,silver.slv_referral_provider,49010,49010,0.0,,2026-08-04 13:11:16.287926,
6c898cf7-9d0d-4c1b-9f39-46a2bf25acd8,SILVER,LATEST,bronze.provider_home_age,silver.slv_provider_home_age,2315,2315,0.0,,2026-08-04 13:09:47.631803,
8384f3fd-d320-4530-bc69-530789fba495,SILVER,LATEST,bronze.provider_home_age,silver.slv_provider_home_age,2379,2379,0.0,,2026-08-16 11:27:14.123026,
6c898cf7-9d0d-4c1b-9f39-46a2bf25acd8,SILVER,LATEST,bronze.referral_category,silver.slv_referral_category,496,496,0.0,,2026-08-04 13:10:52.306554,
8384f3fd-d320-4530-bc69-530789fba495,SILVER,LATEST,bronze.referral_category,silver.slv_referral_category,599,599,0.0,,2026-08-16 11:23:01.498098,
dc5834a6-f5e4-433e-aaee-7c9a683ceb73,ARCHIVE,ARCHIVE_FILE,Files/archive_unzipped/2026-07-09/audit/jun26/2026-06-28.csv,archived.audit,3,3,0.0,,2026-08-06 03:16:31.516351,
dc5834a6-f5e4-433e-aaee-7c9a683ceb73,ARCHIVE,ARCHIVE_FILE,Files/archive_unzipped/2026-07-05/audit/jun26/2026-06-28.csv,archived.audit,3,3,0.0,,2026-08-06 01:06:46.418694,
dc5834a6-f5e4-433e-aaee-7c9a683ceb73,ARCHIVE,ARCHIVE_FILE,Files/archive_unzipped/2026-06-30/audit/may26/2026-05-10.csv,archived.audit,4,4,0.0,,2026-08-06 01:57:25.395639,
dc5834a6-f5e4-433e-aaee-7c9a683ceb73,ARCHIVE,ARCHIVE_FILE,Files/archive_unzipped/2026-07-01/audit/jun26/2026-06-20.csv,archived.audit,4,4,0.0,,2026-08-06 06:17:22.746968,
dc5834a6-f5e4-433e-aaee-7c9a683ceb73,ARCHIVE,ARCHIVE_FILE,Files/archive_unzipped/2026-07-23/audit/jun26/2026-06-28.csv,archived.audit,3,3,0.0,,2026-08-06 01:29:14.235752,
dc5834a6-f5e4-433e-aaee-7c9a683ceb73,ARCHIVE,ARCHIVE_FILE,Files/archive_unzipped/2026-07-21/audit/jun26/2026-06-20.csv,archived.audit,4,4,0.0,,2026-08-06 06:29:58.558704,
dc5834a6-f5e4-433e-aaee-7c9a683ceb73,ARCHIVE,ARCHIVE_FILE,Files/archive_unzipped/2026-07-01/audit/jun26/2026-06-28.csv,archived.audit,3,3,0.0,,2026-08-06 00:08:45.278944,
dc5834a6-f5e4-433e-aaee-7c9a683ceb73,ARCHIVE,ARCHIVE_FILE,Files/archive_unzipped/2026-07-06/audit/jun26/2026-06-20.csv,archived.audit,4,4,0.0,,2026-08-06 02:43:18.373019,
dc5834a6-f5e4-433e-aaee-7c9a683ceb73,ARCHIVE,ARCHIVE_FILE,Files/archive_unzipped/2026-07-08/audit/jun26/2026-06-20.csv,archived.audit,4,4,0.0,,2026-08-06 07:03:20.740342,
dc5834a6-f5e4-433e-aaee-7c9a683ceb73,ARCHIVE,ARCHIVE_FILE,Files/archive_unzipped/2026-07-26/audit/jun26/2026-06-28.csv,archived.audit,3,3,0.0,,2026-08-06 01:46:31.768716,
dc5834a6-f5e4-433e-aaee-7c9a683ceb73,ARCHIVE,ARCHIVE_FILE,Files/archive_unzipped/2026-07-26/audit/jun26/2026-06-20.csv,archived.audit,4,4,0.0,,2026-08-06 01:05:10.502819,
dc5834a6-f5e4-433e-aaee-7c9a683ceb73,ARCHIVE,ARCHIVE_FILE,Files/archive_unzipped/2026-07-18/audit/jun26/2026-06-28.csv,archived.audit,3,3,0.0,,2026-08-06 04:52:12.360012,
91566f2f-f4e5-489f-be9f-dca931de3857,SILVER,ARCHIVE_MONTH_END,archived.ipa_child_support_needs,silver.slv_ipa_child_support_needs,28,28,0.0,,2026-08-19 21:32:16.782842,
6b7d4b98-0f12-4efe-8c79-7680ae979f28,SILVER,ARCHIVE_MONTH_END,archived.ipa_child_support_needs,silver.slv_ipa_child_support_needs,28,28,0.0,,2026-08-05 15:07:42.606386,
bd45fedb-2ec9-4318-b19b-b63ac5b8d2d3,SILVER,ARCHIVE_MONTH_END,archived.ipa_child_support_needs,silver.slv_ipa_child_support_needs,11,11,0.0,,2026-08-19 10:07:20.204764,
ad3955df-1bd4-4ab2-b48c-83b0dfdf54a1,SILVER,ARCHIVE_MONTH_END,archived.ipa_child_support_needs,silver.slv_ipa_child_support_needs,58,58,0.0,,2026-08-20 10:00:10.283572,
bd45fedb-2ec9-4318-b19b-b63ac5b8d2d3,SILVER,ARCHIVE_MONTH_END,archived.ipa_child_support_needs,silver.slv_ipa_child_support_needs,28,28,0.0,,2026-08-19 10:29:48.104829,
6b7d4b98-0f12-4efe-8c79-7680ae979f28,SILVER,ARCHIVE_MONTH_END,archived.ipa_child_support_needs,silver.slv_ipa_child_support_needs,28,28,0.0,,2026-08-05 15:49:15.277667,
10b2023d-51a0-48c6-828f-9e0fc96c49c6,SILVER,ARCHIVE_MONTH_END,archived.ipa_child_support_needs,silver.slv_ipa_child_support_needs,42,42,0.0,,2026-08-20 07:51:10.954018,
99a4d35f-574f-477e-aaf4-15681100f9ce,SILVER,ARCHIVE_MONTH_END,archived.ipa_child_support_needs,silver.slv_ipa_child_support_needs,11,11,0.0,,2026-08-19 16:00:37.557714,
b8741d57-b7d4-48ea-be4a-8f820b3ccada,SILVER,ARCHIVE_MONTH_END,archived.ipa_child_support_needs,silver.slv_ipa_child_support_needs,28,28,0.0,,2026-08-05 16:35:48.469480,
82280c66-1889-4504-94e1-7a9cdb65647f,ARCHIVE,ARCHIVE_FILE,Files/archive_unzipped/2026-08-18/foster_carer.csv,archived.foster_carer,42,42,0.0,,2026-08-19 00:09:47.525491,
5ed96198-ddf1-49fb-95ea-1521ffd97971,SILVER,ARCHIVE_MONTH_END,archived.provider_home_category,silver.slv_provider_home_category,1960,1960,0.0,,2026-08-16 15:06:55.437669,
9e12a2ba-253f-4f84-a662-c39f8ec708f1,SILVER,ARCHIVE_MONTH_END,archived.provider_home_category,silver.slv_provider_home_category,1960,1960,0.0,,2026-08-16 14:53:28.380601,
f7f015a2-e718-4fc7-ab1c-062e743d94c8,ARCHIVE,ARCHIVE_FILE,Files/archive_unzipped/2026-08-10/foster_carer.csv,archived.foster_carer,39,39,0.0,,2026-08-11 00:19:08.708842,
8d44d03e-b128-47a7-95b9-1db889b71c93,SILVER,ARCHIVE_MONTH_END,archived.provider_home_category,silver.slv_provider_home_category,1960,1960,0.0,,2026-08-06 21:25:44.294519,
6b7d4b98-0f12-4efe-8c79-7680ae979f28,SILVER,ARCHIVE_MONTH_END,archived.provider_home_category,silver.slv_provider_home_category,2327,2327,0.0,,2026-08-05 15:11:32.167468,
c5693a5c-6ecc-4bb6-83fb-45656a89dc70,ARCHIVE,ARCHIVE_FILE,Files/archive_unzipped/2026-08-05/foster_carer.csv,archived.foster_carer,37,37,0.0,,2026-08-06 14:02:25.995222,
c5693a5c-6ecc-4bb6-83fb-45656a89dc70,ARCHIVE,ARCHIVE_FILE,Files/archive_unzipped/2026-08-03/foster_carer.csv,archived.foster_carer,37,37,0.0,,2026-08-06 15:00:22.321811,
b8741d57-b7d4-48ea-be4a-8f820b3ccada,SILVER,ARCHIVE_MONTH_END,archived.provider_home_category,silver.slv_provider_home_category,2327,2327,0.0,,2026-08-05 16:41:02.618344,
c5693a5c-6ecc-4bb6-83fb-45656a89dc70,ARCHIVE,ARCHIVE_FILE,Files/archive_unzipped/2026-08-02/foster_carer.csv,archived.foster_carer,37,37,0.0,,2026-08-06 14:55:31.847659,
ad3955df-1bd4-4ab2-b48c-83b0dfdf54a1,SILVER,ARCHIVE_MONTH_END,archived.provider_home_category,silver.slv_provider_home_category,2474,2474,0.0,,2026-08-20 09:52:43.515946,
bd45fedb-2ec9-4318-b19b-b63ac5b8d2d3,SILVER,ARCHIVE_MONTH_END,archived.referral_person,silver.slv_referral_person,229,229,0.0,,2026-08-19 10:20:21.863098,
bd45fedb-2ec9-4318-b19b-b63ac5b8d2d3,SILVER,ARCHIVE_MONTH_END,archived.holding_company,silver.slv_holding_company,553,553,0.0,,2026-08-19 09:55:47.772078,
10b2023d-51a0-48c6-828f-9e0fc96c49c6,SILVER,ARCHIVE_MONTH_END,archived.holding_company,silver.slv_holding_company,654,654,0.0,,2026-08-20 07:33:29.367916,
6b7d4b98-0f12-4efe-8c79-7680ae979f28,SILVER,ARCHIVE_MONTH_END,archived.referral_person,silver.slv_referral_person,229,229,0.0,,2026-08-05 15:13:39.708718,
b8741d57-b7d4-48ea-be4a-8f820b3ccada,SILVER,ARCHIVE_MONTH_END,archived.referral_person,silver.slv_referral_person,229,229,0.0,,2026-08-05 16:44:13.491540,
bd45fedb-2ec9-4318-b19b-b63ac5b8d2d3,SILVER,ARCHIVE_MONTH_END,archived.referral_person,silver.slv_referral_person,79,79,0.0,,2026-08-19 09:57:41.928940,
99a4d35f-574f-477e-aaf4-15681100f9ce,SILVER,ARCHIVE_MONTH_END,archived.referral_person,silver.slv_referral_person,79,79,0.0,,2026-08-19 15:51:57.270197,
6d5b71dc-89d7-4fd2-b33f-6bb79b1845cd,SILVER,ARCHIVE,archived.provider_home_gender,silver.slv_provider_home_gender,2093,2093,0.0,,2026-08-04 17:01:22.586477,
6d5b71dc-89d7-4fd2-b33f-6bb79b1845cd,SILVER,ARCHIVE,archived.provider_home_gender,silver.slv_provider_home_gender,2153,2153,0.0,,2026-08-04 17:14:53.974686,
6d5b71dc-89d7-4fd2-b33f-6bb79b1845cd,SILVER,ARCHIVE,archived.provider_home_gender,silver.slv_provider_home_gender,2092,2092,0.0,,2026-08-04 16:53:08.277055,
6d5b71dc-89d7-4fd2-b33f-6bb79b1845cd,SILVER,ARCHIVE,archived.provider_home_gender,silver.slv_provider_home_gender,2108,2108,0.0,,2026-08-04 17:08:16.515744,
6d5b71dc-89d7-4fd2-b33f-6bb79b1845cd,SILVER,ARCHIVE,archived.provider_home_gender,silver.slv_provider_home_gender,2092,2092,0.0,,2026-08-04 16:44:38.542734,
6d5b71dc-89d7-4fd2-b33f-6bb79b1845cd,SILVER,ARCHIVE,archived.provider_home_gender,silver.slv_provider_home_gender,2155,2155,0.0,,2026-08-04 17:29:20.180832,
6d5b71dc-89d7-4fd2-b33f-6bb79b1845cd,SILVER,ARCHIVE,archived.provider_home_gender,silver.slv_provider_home_gender,2168,2168,0.0,,2026-08-04 17:45:42.445964,
6d5b71dc-89d7-4fd2-b33f-6bb79b1845cd,SILVER,ARCHIVE,archived.provider_home_gender,silver.slv_provider_home_gender,2166,2166,0.0,,2026-08-04 17:37:31.826193,
6d5b71dc-89d7-4fd2-b33f-6bb79b1845cd,SILVER,ARCHIVE,archived.provider_home_gender,silver.slv_provider_home_gender,2153,2153,0.0,,2026-08-04 17:21:37.087473,
8384f3fd-d320-4530-bc69-530789fba495,SILVER,LATEST,bronze.referral_provider_message,silver.slv_referral_provider_message,4513,4513,0.0,,2026-08-16 11:30:30.485113,
6b7d4b98-0f12-4efe-8c79-7680ae979f28,SILVER,ARCHIVE_MONTH_END,archived.additional_fee,silver.slv_additional_fee,120,120,0.0,,2026-08-05 15:47:23.599436,
ad3955df-1bd4-4ab2-b48c-83b0dfdf54a1,SILVER,ARCHIVE_MONTH_END,archived.additional_fee,silver.slv_additional_fee,339,339,0.0,,2026-08-20 09:55:38.660842,
91566f2f-f4e5-489f-be9f-dca931de3857,SILVER,ARCHIVE_MONTH_END,archived.additional_fee,silver.slv_additional_fee,120,120,0.0,,2026-08-19 21:29:39.875877,
10b2023d-51a0-48c6-828f-9e0fc96c49c6,SILVER,ARCHIVE_MONTH_END,archived.additional_fee,silver.slv_additional_fee,257,257,0.0,,2026-08-20 07:45:43.732241,
bd45fedb-2ec9-4318-b19b-b63ac5b8d2d3,SILVER,ARCHIVE_MONTH_END,archived.additional_fee,silver.slv_additional_fee,120,120,0.0,,2026-08-19 10:27:29.128345,
6b7d4b98-0f12-4efe-8c79-7680ae979f28,SILVER,ARCHIVE_MONTH_END,archived.additional_fee,silver.slv_additional_fee,120,120,0.0,,2026-08-05 15:05:05.651172,
b8741d57-b7d4-48ea-be4a-8f820b3ccada,SILVER,ARCHIVE_MONTH_END,archived.additional_fee,silver.slv_additional_fee,120,120,0.0,,2026-08-05 16:33:13.952475,
bd45fedb-2ec9-4318-b19b-b63ac5b8d2d3,SILVER,ARCHIVE_MONTH_END,archived.additional_fee,silver.slv_additional_fee,66,66,0.0,,2026-08-19 10:04:54.468868,
99a4d35f-574f-477e-aaf4-15681100f9ce,SILVER,ARCHIVE_MONTH_END,archived.additional_fee,silver.slv_additional_fee,66,66,0.0,,2026-08-19 15:58:22.921972,
8384f3fd-d320-4530-bc69-530789fba495,SILVER,LATEST,bronze.supervising_social_worker,silver.slv_supervising_social_worker,28,28,0.0,,2026-08-16 11:35:07.511308,
6c898cf7-9d0d-4c1b-9f39-46a2bf25acd8,SILVER,LATEST,bronze.supervising_social_worker,silver.slv_supervising_social_worker,25,25,0.0,,2026-08-04 13:12:03.406299,
2fb28764-6a12-49b9-8bdc-b8366aa21fd5,ARCHIVE,ARCHIVE_FILE,Files/archive_unzipped/2026-08-19/ipa.csv,archived.ipa,31,31,0.0,,2026-08-20 00:11:59.772900,
c5693a5c-6ecc-4bb6-83fb-45656a89dc70,ARCHIVE,ARCHIVE_FILE,Files/archive_unzipped/2026-07-30/ipa.csv,archived.ipa,19,19,0.0,,2026-08-06 15:04:44.823453,
8e9ad3b7-6f21-43df-b0a1-71629190518b,ARCHIVE,ARCHIVE_FILE,Files/archive_unzipped/2026-08-14/ipa.csv,archived.ipa,27,27,0.0,,2026-08-15 00:09:01.869484,
1a484b8a-0967-4aa9-9302-6de8279251eb,ARCHIVE,ARCHIVE_FILE,Files/archive_unzipped/2026-08-13/ipa.csv,archived.ipa,26,26,0.0,,2026-08-14 00:14:22.801362,
c2a3ce17-f3df-4809-a0eb-181fb745139e,SILVER,ARCHIVE,archived.provider_home_gender,silver_archive.slv_provider_provider_home_gender,66137,66137,,,2026-08-03 22:33:00.028210,
6d5b71dc-89d7-4fd2-b33f-6bb79b1845cd,SILVER,ARCHIVE,archived.foster_home,silver.slv_foster_home,6,6,0.0,,2026-08-04 17:41:36.667572,
6d5b71dc-89d7-4fd2-b33f-6bb79b1845cd,SILVER,ARCHIVE,archived.foster_home,silver.slv_foster_home,1,1,0.0,,2026-08-04 17:25:16.579866,
6d5b71dc-89d7-4fd2-b33f-6bb79b1845cd,SILVER,ARCHIVE,archived.foster_home,silver.slv_foster_home,5,5,0.0,,2026-08-04 17:33:24.534480,
ad3955df-1bd4-4ab2-b48c-83b0dfdf54a1,SILVER,ARCHIVE_MONTH_END,archived.offer,silver.slv_offer,1771,1771,0.0,,2026-08-20 09:51:02.449300,
10b2023d-51a0-48c6-828f-9e0fc96c49c6,SILVER,ARCHIVE_MONTH_END,archived.offer,silver.slv_offer,1434,1434,0.0,,2026-08-20 07:39:44.230941,
6b7d4b98-0f12-4efe-8c79-7680ae979f28,SILVER,ARCHIVE_MONTH_END,archived.offer,silver.slv_offer,723,723,0.0,,2026-08-05 15:08:16.175134,
99a4d35f-574f-477e-aaf4-15681100f9ce,SILVER,ARCHIVE_MONTH_END,archived.offer,silver.slv_offer,309,309,0.0,,2026-08-19 15:54:29.458140,
bd45fedb-2ec9-4318-b19b-b63ac5b8d2d3,SILVER,ARCHIVE_MONTH_END,archived.offer,silver.slv_offer,309,309,0.0,,2026-08-19 10:00:26.695342,
91566f2f-f4e5-489f-be9f-dca931de3857,SILVER,ARCHIVE_MONTH_END,archived.offer,silver.slv_offer,723,723,0.0,,2026-08-19 21:25:20.366389,
6b7d4b98-0f12-4efe-8c79-7680ae979f28,SILVER,ARCHIVE_MONTH_END,archived.offer,silver.slv_offer,723,723,0.0,,2026-08-05 15:49:41.859728,
bd45fedb-2ec9-4318-b19b-b63ac5b8d2d3,SILVER,ARCHIVE_MONTH_END,archived.offer,silver.slv_offer,723,723,0.0,,2026-08-19 10:23:16.326464,
b8741d57-b7d4-48ea-be4a-8f820b3ccada,SILVER,ARCHIVE_MONTH_END,archived.offer,silver.slv_offer,723,723,0.0,,2026-08-05 16:36:27.571625,
6c898cf7-9d0d-4c1b-9f39-46a2bf25acd8,SILVER,LATEST,bronze.foster_transport,silver.slv_foster_transport,25,25,0.0,,2026-08-04 13:06:59.892113,
8384f3fd-d320-4530-bc69-530789fba495,SILVER,LATEST,bronze.foster_transport,silver.slv_foster_transport,28,28,0.0,,2026-08-16 11:32:48.319784,
c2a3ce17-f3df-4809-a0eb-181fb745139e,SILVER,ARCHIVE,archived.provider_framework,silver_archive.slv_provider_provider_framework,8701,8701,,,2026-08-03 22:31:54.393409,
6c898cf7-9d0d-4c1b-9f39-46a2bf25acd8,SILVER,LATEST,bronze.referral_person,silver.slv_referral_person,560,560,0.0,,2026-08-04 13:11:02.166662,
8384f3fd-d320-4530-bc69-530789fba495,SILVER,LATEST,bronze.holding_company,silver.slv_holding_company,678,678,0.0,,2026-08-16 11:20:47.542693,
6c898cf7-9d0d-4c1b-9f39-46a2bf25acd8,SILVER,LATEST,bronze.holding_company,silver.slv_holding_company,654,654,0.0,,2026-08-04 13:07:20.138468,
8384f3fd-d320-4530-bc69-530789fba495,SILVER,LATEST,bronze.referral_person,silver.slv_referral_person,650,650,0.0,,2026-08-16 11:23:28.573165,
c2a3ce17-f3df-4809-a0eb-181fb745139e,SILVER,ARCHIVE,archived.referral_provider,silver_archive.slv_referral_referral_provider,918534,918534,,,2026-08-03 22:34:46.724530,
c2a3ce17-f3df-4809-a0eb-181fb745139e,SILVER,ARCHIVE,archived.provider_home_age,silver_archive.slv_provider_provider_home_age,66137,66137,,,2026-08-03 22:32:29.724088,
6d5b71dc-89d7-4fd2-b33f-6bb79b1845cd,SILVER,ARCHIVE,archived.ipa_child,silver.slv_ipa_child,10,10,0.0,,2026-08-04 17:26:30.032358,
c2a3ce17-f3df-4809-a0eb-181fb745139e,SILVER,LATEST,bronze.provider_home_spot_category,silver.slv_provider_provider_home_spot_category,1531,1531,,,2026-08-03 22:26:45.683894,
6d5b71dc-89d7-4fd2-b33f-6bb79b1845cd,SILVER,ARCHIVE,archived.ipa_child,silver.slv_ipa_child,10,10,0.0,,2026-08-04 17:34:42.824778,
6d5b71dc-89d7-4fd2-b33f-6bb79b1845cd,SILVER,ARCHIVE,archived.ipa_child,silver.slv_ipa_child,12,12,0.0,,2026-08-04 17:42:51.848262,
c2a3ce17-f3df-4809-a0eb-181fb745139e,SILVER,ARCHIVE,archived.referral_category,silver_archive.slv_referral_referral_category,9719,9719,,,2026-08-03 22:34:06.714642,
6d5b71dc-89d7-4fd2-b33f-6bb79b1845cd,SILVER,ARCHIVE,archived.ipa_child,silver.slv_ipa_child,9,9,0.0,,2026-08-04 17:18:55.790577,
6d5b71dc-89d7-4fd2-b33f-6bb79b1845cd,SILVER,ARCHIVE,archived.ipa_child,silver.slv_ipa_child,8,8,0.0,,2026-08-04 16:49:31.367780,
6d5b71dc-89d7-4fd2-b33f-6bb79b1845cd,SILVER,ARCHIVE,archived.ipa_child,silver.slv_ipa_child,9,9,0.0,,2026-08-04 17:05:37.112052,
6d5b71dc-89d7-4fd2-b33f-6bb79b1845cd,SILVER,ARCHIVE,archived.ipa_child,silver.slv_ipa_child,9,9,0.0,,2026-08-04 17:12:15.122862,
6d5b71dc-89d7-4fd2-b33f-6bb79b1845cd,SILVER,ARCHIVE,archived.ipa_child,silver.slv_ipa_child,8,8,0.0,,2026-08-04 16:41:08.228313,
6d5b71dc-89d7-4fd2-b33f-6bb79b1845cd,SILVER,ARCHIVE,archived.provider_home_category,silver.slv_provider_home_category,2375,2375,0.0,,2026-08-04 17:14:36.862406,
6d5b71dc-89d7-4fd2-b33f-6bb79b1845cd,SILVER,ARCHIVE,archived.provider_home_category,silver.slv_provider_home_category,2375,2375,0.0,,2026-08-04 17:45:22.658312,
6d5b71dc-89d7-4fd2-b33f-6bb79b1845cd,SILVER,ARCHIVE,archived.provider_home_category,silver.slv_provider_home_category,2327,2327,0.0,,2026-08-04 17:07:58.317952,
6d5b71dc-89d7-4fd2-b33f-6bb79b1845cd,SILVER,ARCHIVE,archived.provider_home_category,silver.slv_provider_home_category,2375,2375,0.0,,2026-08-04 17:21:19.843029,
6d5b71dc-89d7-4fd2-b33f-6bb79b1845cd,SILVER,ARCHIVE,archived.provider_home_category,silver.slv_provider_home_category,2375,2375,0.0,,2026-08-04 17:29:00.643262,
6d5b71dc-89d7-4fd2-b33f-6bb79b1845cd,SILVER,ARCHIVE,archived.provider_home_category,silver.slv_provider_home_category,2327,2327,0.0,,2026-08-04 16:44:11.875298,
6d5b71dc-89d7-4fd2-b33f-6bb79b1845cd,SILVER,ARCHIVE,archived.provider_home_category,silver.slv_provider_home_category,2327,2327,0.0,,2026-08-04 16:52:44.347747,
8384f3fd-d320-4530-bc69-530789fba495,SILVER,LATEST,bronze.provider_education_provision,silver.slv_provider_education_provision,317,317,0.0,,2026-08-16 11:26:48.374214,
6d5b71dc-89d7-4fd2-b33f-6bb79b1845cd,SILVER,ARCHIVE,archived.referral_spot_category,silver.slv_referral_spot_category,115,115,0.0,,2026-08-04 17:17:38.511355,
6d5b71dc-89d7-4fd2-b33f-6bb79b1845cd,SILVER,ARCHIVE,archived.referral_spot_category,silver.slv_referral_spot_category,103,103,0.0,,2026-08-04 17:04:20.053576,
6d5b71dc-89d7-4fd2-b33f-6bb79b1845cd,SILVER,ARCHIVE,archived.referral_spot_category,silver.slv_referral_spot_category,126,126,0.0,,2026-08-04 17:40:23.947351,
6d5b71dc-89d7-4fd2-b33f-6bb79b1845cd,SILVER,ARCHIVE,archived.referral_spot_category,silver.slv_referral_spot_category,121,121,0.0,,2026-08-04 17:32:13.782083,
6d5b71dc-89d7-4fd2-b33f-6bb79b1845cd,SILVER,ARCHIVE,archived.referral_spot_category,silver.slv_referral_spot_category,115,115,0.0,,2026-08-04 17:10:57.238474,
6d5b71dc-89d7-4fd2-b33f-6bb79b1845cd,SILVER,ARCHIVE,archived.referral_spot_category,silver.slv_referral_spot_category,115,115,0.0,,2026-08-04 17:24:25.483253,
6d5b71dc-89d7-4fd2-b33f-6bb79b1845cd,SILVER,ARCHIVE,archived.referral_spot_category,silver.slv_referral_spot_category,98,98,0.0,,2026-08-04 16:56:42.547928,
6d5b71dc-89d7-4fd2-b33f-6bb79b1845cd,SILVER,ARCHIVE,archived.referral_spot_category,silver.slv_referral_spot_category,98,98,0.0,,2026-08-04 16:47:58.698196,
fbbe4d39-8ffc-4453-88ad-29fda3187b10,ARCHIVE,ARCHIVE_FILE,Files/archive_unzipped/2026-08-11/offer.csv,archived.offer,1598,1598,0.0,,2026-08-12 00:10:47.178696,
c5693a5c-6ecc-4bb6-83fb-45656a89dc70,ARCHIVE,ARCHIVE_FILE,Files/archive_unzipped/2026-07-30/offer.csv,archived.offer,1423,1423,0.0,,2026-08-06 14:14:56.613671,
41135375-8ada-45d8-a9bb-fa196b0f5472,ARCHIVE,ARCHIVE_FILE,Files/archive_unzipped/2026-08-07/offer.csv,archived.offer,1532,1532,0.0,,2026-08-08 00:10:51.455860,
c5693a5c-6ecc-4bb6-83fb-45656a89dc70,ARCHIVE,ARCHIVE_FILE,Files/archive_unzipped/2026-08-04/offer.csv,archived.offer,1468,1468,0.0,,2026-08-06 14:32:15.233450,
93ca2362-c310-4c20-97f0-8a2bb72a22d3,ARCHIVE,ARCHIVE_FILE,Files/archive_unzipped/2026-08-17/offer.csv,archived.offer,1702,1702,0.0,,2026-08-18 00:12:12.040962,
3a127efd-272b-4984-8a6f-a5933040572d,ARCHIVE,ARCHIVE_FILE,Files/archive_unzipped/2026-08-16/offer.csv,archived.offer,1685,1685,0.0,,2026-08-17 00:09:48.915758,
c5693a5c-6ecc-4bb6-83fb-45656a89dc70,ARCHIVE,ARCHIVE_FILE,Files/archive_unzipped/2026-08-05/offer.csv,archived.offer,1492,1492,0.0,,2026-08-06 14:29:28.895646,
2fb28764-6a12-49b9-8bdc-b8366aa21fd5,ARCHIVE,ARCHIVE_FILE,Files/archive_unzipped/2026-08-19/offer.csv,archived.offer,1771,1771,0.0,,2026-08-20 00:06:46.716461,
4096e6a2-b8c3-4f52-b538-2f478426abc7,ARCHIVE,ARCHIVE_FILE,Files/archive_unzipped/2026-08-20/offer.csv,archived.offer,1786,1786,0.0,,2026-08-21 00:08:47.086354,
c5693a5c-6ecc-4bb6-83fb-45656a89dc70,ARCHIVE,ARCHIVE_FILE,Files/archive_unzipped/2026-07-31/offer.csv,archived.offer,1434,1434,0.0,,2026-08-06 15:02:45.259489,
c7a29ef4-9841-48cb-adc3-bc465080d157,ARCHIVE,ARCHIVE_FILE,Files/archive_unzipped/2026-08-06/offer.csv,archived.offer,1516,1516,0.0,,2026-08-07 00:13:10.027988,
4d06aeac-915a-4409-a283-4d7b0fbbd16a,ARCHIVE,ARCHIVE_FILE,Files/archive_unzipped/2026-08-08/offer.csv,archived.offer,1532,1532,0.0,,2026-08-09 00:03:58.595773,
c5693a5c-6ecc-4bb6-83fb-45656a89dc70,ARCHIVE,ARCHIVE_FILE,Files/archive_unzipped/2026-08-02/offer.csv,archived.offer,1437,1437,0.0,,2026-08-06 13:28:20.146397,
1a484b8a-0967-4aa9-9302-6de8279251eb,ARCHIVE,ARCHIVE_FILE,Files/archive_unzipped/2026-08-13/offer.csv,archived.offer,1658,1658,0.0,,2026-08-14 00:21:20.285467,
7b7d28bb-9887-46eb-97f3-8c5f747bb4c8,ARCHIVE,ARCHIVE_FILE,Files/archive_unzipped/2026-08-09/offer.csv,archived.offer,1535,1535,0.0,,2026-08-10 00:11:11.040337,
c5693a5c-6ecc-4bb6-83fb-45656a89dc70,ARCHIVE,ARCHIVE_FILE,Files/archive_unzipped/2026-08-01/offer.csv,archived.offer,1434,1434,0.0,,2026-08-06 15:01:31.914246,
c5693a5c-6ecc-4bb6-83fb-45656a89dc70,ARCHIVE,ARCHIVE_FILE,Files/archive_unzipped/2026-08-04/provider_home.csv,archived.provider_home,2315,2315,0.0,,2026-08-06 13:26:22.756756,
c7a29ef4-9841-48cb-adc3-bc465080d157,ARCHIVE,ARCHIVE_FILE,Files/archive_unzipped/2026-08-06/provider_home.csv,archived.provider_home,2345,2345,0.0,,2026-08-07 00:07:03.790829,
c5693a5c-6ecc-4bb6-83fb-45656a89dc70,ARCHIVE,ARCHIVE_FILE,Files/archive_unzipped/2026-08-02/provider_home.csv,archived.provider_home,2315,2315,0.0,,2026-08-06 13:49:10.996604,
fbbe4d39-8ffc-4453-88ad-29fda3187b10,ARCHIVE,ARCHIVE_FILE,Files/archive_unzipped/2026-08-11/provider_home.csv,archived.provider_home,2357,2357,0.0,,2026-08-12 00:14:37.605133,
8e9ad3b7-6f21-43df-b0a1-71629190518b,ARCHIVE,ARCHIVE_FILE,Files/archive_unzipped/2026-08-14/provider_home.csv,archived.provider_home,2379,2379,0.0,,2026-08-15 00:09:36.286588,
c5693a5c-6ecc-4bb6-83fb-45656a89dc70,ARCHIVE,ARCHIVE_FILE,Files/archive_unzipped/2026-07-30/provider_home.csv,archived.provider_home,2315,2315,0.0,,2026-08-06 13:59:57.934778,
82280c66-1889-4504-94e1-7a9cdb65647f,ARCHIVE,ARCHIVE_FILE,Files/archive_unzipped/2026-08-18/provider_home.csv,archived.provider_home,2402,2402,0.0,,2026-08-19 00:16:12.426262,
07fa68f9-302a-43d6-af05-dda30fd994ab,ARCHIVE,ARCHIVE_FILE,Files/archive_unzipped/2026-08-15/provider_home.csv,archived.provider_home,2379,2379,0.0,,2026-08-16 00:04:26.304905,
c5693a5c-6ecc-4bb6-83fb-45656a89dc70,ARCHIVE,ARCHIVE_FILE,Files/archive_unzipped/2026-08-05/provider_home.csv,archived.provider_home,2323,2323,0.0,,2026-08-06 13:32:25.025644,
c5693a5c-6ecc-4bb6-83fb-45656a89dc70,ARCHIVE,ARCHIVE_FILE,Files/archive_unzipped/2026-08-01/provider_home.csv,archived.provider_home,2315,2315,0.0,,2026-08-06 14:07:43.416406,
f7f015a2-e718-4fc7-ab1c-062e743d94c8,ARCHIVE,ARCHIVE_FILE,Files/archive_unzipped/2026-08-10/provider_home.csv,archived.provider_home,2357,2357,0.0,,2026-08-11 00:04:58.006738,
c5693a5c-6ecc-4bb6-83fb-45656a89dc70,ARCHIVE,ARCHIVE_FILE,Files/archive_unzipped/2026-07-31/provider_home.csv,archived.provider_home,2315,2315,0.0,,2026-08-06 14:31:50.752807,
c5693a5c-6ecc-4bb6-83fb-45656a89dc70,ARCHIVE,ARCHIVE_FILE,Files/archive_unzipped/2026-05-30/provider_home.csv,archived.provider_home,1984,1984,0.0,,2026-08-06 13:26:56.526256,
2fb28764-6a12-49b9-8bdc-b8366aa21fd5,ARCHIVE,ARCHIVE_FILE,Files/archive_unzipped/2026-08-19/provider_home.csv,archived.provider_home,2405,2405,0.0,,2026-08-20 00:08:22.394953,
93ca2362-c310-4c20-97f0-8a2bb72a22d3,ARCHIVE,ARCHIVE_FILE,Files/archive_unzipped/2026-08-17/provider_home.csv,archived.provider_home,2395,2395,0.0,,2026-08-18 00:04:07.529493,
41135375-8ada-45d8-a9bb-fa196b0f5472,ARCHIVE,ARCHIVE_FILE,Files/archive_unzipped/2026-08-07/provider_home.csv,archived.provider_home,2348,2348,0.0,,2026-08-08 00:16:44.074418,
dc5834a6-f5e4-433e-aaee-7c9a683ceb73,ARCHIVE,ARCHIVE_FILE,Files/archive_unzipped/2026-08-02/audit/jul26/2026-07-28.csv,archived.audit,1056,1056,0.0,,2026-08-06 03:28:19.510594,
dc5834a6-f5e4-433e-aaee-7c9a683ceb73,ARCHIVE,ARCHIVE_FILE,Files/archive_unzipped/2026-08-04/audit/jul26/2026-07-14.csv,archived.audit,1685,1685,0.0,,2026-08-06 00:18:54.504838,
dc5834a6-f5e4-433e-aaee-7c9a683ceb73,ARCHIVE,ARCHIVE_FILE,Files/archive_unzipped/2026-08-04/audit/jul26/2026-07-16.csv,archived.audit,1032,1032,0.0,,2026-08-06 06:14:21.101783,
dc5834a6-f5e4-433e-aaee-7c9a683ceb73,ARCHIVE,ARCHIVE_FILE,Files/archive_unzipped/2026-08-02/audit/jul26/2026-07-06.csv,archived.audit,1702,1702,0.0,,2026-08-06 02:44:54.119894,
dc5834a6-f5e4-433e-aaee-7c9a683ceb73,ARCHIVE,ARCHIVE_FILE,Files/archive_unzipped/2026-08-04/audit/jul26/2026-07-17.csv,archived.audit,1090,1090,0.0,,2026-08-06 01:27:50.807616,
dc5834a6-f5e4-433e-aaee-7c9a683ceb73,ARCHIVE,ARCHIVE_FILE,Files/archive_unzipped/2026-08-04/audit/jul26/2026-07-13.csv,archived.audit,1836,1836,0.0,,2026-08-06 08:29:25.712263,
dc5834a6-f5e4-433e-aaee-7c9a683ceb73,ARCHIVE,ARCHIVE_FILE,Files/archive_unzipped/2026-08-04/audit/jul26/2026-07-06.csv,archived.audit,1702,1702,0.0,,2026-08-06 01:30:19.643443,
dc5834a6-f5e4-433e-aaee-7c9a683ceb73,ARCHIVE,ARCHIVE_FILE,Files/archive_unzipped/2026-07-01/audit/may26/2026-05-12.csv,archived.audit,1081,1081,0.0,,2026-08-06 04:07:49.747939,
dc5834a6-f5e4-433e-aaee-7c9a683ceb73,ARCHIVE,ARCHIVE_FILE,Files/archive_unzipped/2026-08-04/audit/jul26/2026-07-22.csv,archived.audit,1071,1071,0.0,,2026-08-06 03:02:09.318886,
dc5834a6-f5e4-433e-aaee-7c9a683ceb73,ARCHIVE,ARCHIVE_FILE,Files/archive_unzipped/2026-08-05/audit/jul26/2026-07-22.csv,archived.audit,1071,1071,0.0,,2026-08-06 08:13:53.472730,
dc5834a6-f5e4-433e-aaee-7c9a683ceb73,ARCHIVE,ARCHIVE_FILE,Files/archive_unzipped/2026-08-03/audit/jul26/2026-07-08.csv,archived.audit,1865,1865,0.0,,2026-08-06 05:13:07.125830,
dc5834a6-f5e4-433e-aaee-7c9a683ceb73,ARCHIVE,ARCHIVE_FILE,Files/archive_unzipped/2026-08-03/audit/jul26/2026-07-14.csv,archived.audit,1685,1685,0.0,,2026-08-06 01:31:55.710817,
dc5834a6-f5e4-433e-aaee-7c9a683ceb73,ARCHIVE,ARCHIVE_FILE,Files/archive_unzipped/2026-08-02/audit/jul26/2026-07-14.csv,archived.audit,1685,1685,0.0,,2026-08-06 01:05:55.941686,
dc5834a6-f5e4-433e-aaee-7c9a683ceb73,ARCHIVE,ARCHIVE_FILE,Files/archive_unzipped/2026-08-02/audit/jul26/2026-07-10.csv,archived.audit,1227,1227,0.0,,2026-08-06 02:48:22.537071,
dc5834a6-f5e4-433e-aaee-7c9a683ceb73,ARCHIVE,ARCHIVE_FILE,Files/archive_unzipped/2026-08-02/audit/jul26/2026-07-09.csv,archived.audit,1461,1461,0.0,,2026-08-06 06:02:16.825752,
dc5834a6-f5e4-433e-aaee-7c9a683ceb73,ARCHIVE,ARCHIVE_FILE,Files/archive_unzipped/2026-08-05/audit/jul26/2026-07-13.csv,archived.audit,1836,1836,0.0,,2026-08-06 06:58:08.393812,
6b7d4b98-0f12-4efe-8c79-7680ae979f28,SILVER,ARCHIVE_MONTH_END,archived.offer_view_history,silver.slv_offer_view_history,321,321,0.0,,2026-08-05 15:09:03.150327,
89d91bd3-1b17-4e3b-8868-7eafba79e9e5,SILVER,ARCHIVE_MONTH_END,archived.provider_framework,silver.slv_provider_framework,260,260,0.0,,2026-08-16 14:27:28.732665,
91566f2f-f4e5-489f-be9f-dca931de3857,SILVER,ARCHIVE_MONTH_END,archived.provider_framework,silver.slv_provider_framework,287,287,0.0,,2026-08-19 21:23:29.680615,
bd45fedb-2ec9-4318-b19b-b63ac5b8d2d3,SILVER,ARCHIVE_MONTH_END,archived.provider_framework,silver.slv_provider_framework,280,280,0.0,,2026-08-19 09:58:33.891988,
5493dec2-467d-4993-8ad0-e2930151fd9b,SILVER,ARCHIVE_MONTH_END,archived.provider_framework,silver.slv_provider_framework,260,260,0.0,,2026-08-16 20:29:59.650925,
9e12a2ba-253f-4f84-a662-c39f8ec708f1,SILVER,ARCHIVE_MONTH_END,archived.provider_framework,silver.slv_provider_framework,260,260,0.0,,2026-08-16 14:51:58.112273,
b8741d57-b7d4-48ea-be4a-8f820b3ccada,SILVER,ARCHIVE_MONTH_END,archived.framework_category,silver.slv_framework_category,20,20,0.0,,2026-08-05 16:33:42.258819,
5ed96198-ddf1-49fb-95ea-1521ffd97971,SILVER,ARCHIVE_MONTH_END,archived.framework_category,silver.slv_framework_category,20,20,0.0,,2026-08-16 15:04:15.288736,
8d44d03e-b128-47a7-95b9-1db889b71c93,SILVER,ARCHIVE_MONTH_END,archived.framework_category,silver.slv_framework_category,20,20,0.0,,2026-08-06 21:22:47.831951,
bd45fedb-2ec9-4318-b19b-b63ac5b8d2d3,SILVER,ARCHIVE_MONTH_END,archived.framework_category,silver.slv_framework_category,20,20,0.0,,2026-08-19 09:56:45.504329,
574223db-5a5e-4c8a-8bc4-a2e1f4664151,SILVER,ARCHIVE_MONTH_END,archived.framework_category,silver.slv_framework_category,20,20,0.0,,2026-08-18 10:02:47.624329,
bd45fedb-2ec9-4318-b19b-b63ac5b8d2d3,SILVER,ARCHIVE_MONTH_END,archived.framework_category,silver.slv_framework_category,20,20,0.0,,2026-08-19 10:19:24.583907,
89d91bd3-1b17-4e3b-8868-7eafba79e9e5,SILVER,ARCHIVE_MONTH_END,archived.framework_category,silver.slv_framework_category,20,20,0.0,,2026-08-16 14:25:52.738717,
6b7d4b98-0f12-4efe-8c79-7680ae979f28,SILVER,ARCHIVE_MONTH_END,archived.framework_category,silver.slv_framework_category,20,20,0.0,,2026-08-05 15:47:47.369169,
6b7d4b98-0f12-4efe-8c79-7680ae979f28,SILVER,ARCHIVE_MONTH_END,archived.framework_category,silver.slv_framework_category,20,20,0.0,,2026-08-05 15:05:40.693564,
bd45fedb-2ec9-4318-b19b-b63ac5b8d2d3,SILVER,ARCHIVE_MONTH_END,archived.framework_category,silver.slv_framework_category,20,20,0.0,,2026-08-19 09:42:59.584557,
ad3955df-1bd4-4ab2-b48c-83b0dfdf54a1,SILVER,ARCHIVE_MONTH_END,archived.framework_category,silver.slv_framework_category,20,20,0.0,,2026-08-20 09:47:06.172962,
10b2023d-51a0-48c6-828f-9e0fc96c49c6,SILVER,ARCHIVE_MONTH_END,archived.framework_category,silver.slv_framework_category,20,20,0.0,,2026-08-20 07:34:37.434907,
91566f2f-f4e5-489f-be9f-dca931de3857,SILVER,ARCHIVE_MONTH_END,archived.framework_category,silver.slv_framework_category,20,20,0.0,,2026-08-19 21:21:27.938509,
9e12a2ba-253f-4f84-a662-c39f8ec708f1,SILVER,ARCHIVE_MONTH_END,archived.framework_category,silver.slv_framework_category,20,20,0.0,,2026-08-16 14:50:50.677522,
99a4d35f-574f-477e-aaf4-15681100f9ce,SILVER,ARCHIVE_MONTH_END,archived.framework_category,silver.slv_framework_category,20,20,0.0,,2026-08-19 15:51:09.295079,
32478996-e44a-496f-bbeb-db401fb4962e,SILVER,ARCHIVE_MONTH_END,archived.framework_category,silver.slv_framework_category,20,20,0.0,,2026-08-12 22:30:40.173837,
da5fbf8d-9b8f-4d95-b8f9-f83ae65926c8,SILVER,ARCHIVE_MONTH_END,archived.framework_category,silver.slv_framework_category,20,20,0.0,,2026-08-12 21:11:19.438214,
5493dec2-467d-4993-8ad0-e2930151fd9b,SILVER,ARCHIVE_MONTH_END,archived.framework_category,silver.slv_framework_category,20,20,0.0,,2026-08-16 20:28:38.059300,
b8741d57-b7d4-48ea-be4a-8f820b3ccada,SILVER,ARCHIVE_MONTH_END,archived.referral_provider,silver.slv_referral_provider,16434,16434,0.0,,2026-08-05 16:44:49.315198,
ad3955df-1bd4-4ab2-b48c-83b0dfdf54a1,SILVER,ARCHIVE_MONTH_END,archived.ipa_additional_fee,silver.slv_ipa_additional_fee,2,2,0.0,,2026-08-20 09:59:18.895556,
ad3955df-1bd4-4ab2-b48c-83b0dfdf54a1,SILVER,ARCHIVE_MONTH_END,archived.referral_provider,silver.slv_referral_provider,64403,64403,0.0,,2026-08-20 09:50:25.213130,
6b7d4b98-0f12-4efe-8c79-7680ae979f28,SILVER,ARCHIVE_MONTH_END,archived.referral_provider,silver.slv_referral_provider,16434,16434,0.0,,2026-08-05 15:14:04.980192,
6b7d4b98-0f12-4efe-8c79-7680ae979f28,SILVER,ARCHIVE_MONTH_END,archived.referral_provider,silver.slv_referral_provider,16434,16434,0.0,,2026-08-05 15:55:13.070077,
10b2023d-51a0-48c6-828f-9e0fc96c49c6,SILVER,ARCHIVE_MONTH_END,archived.referral_provider,silver.slv_referral_provider,47295,47295,0.0,,2026-08-20 07:39:06.556399,
10b2023d-51a0-48c6-828f-9e0fc96c49c6,SILVER,ARCHIVE_MONTH_END,archived.ipa_additional_fee,silver.slv_ipa_additional_fee,1,1,0.0,,2026-08-20 07:50:15.278358,
91566f2f-f4e5-489f-be9f-dca931de3857,SILVER,ARCHIVE_MONTH_END,archived.referral_provider,silver.slv_referral_provider,16434,16434,0.0,,2026-08-19 21:24:48.280130,
bd45fedb-2ec9-4318-b19b-b63ac5b8d2d3,SILVER,ARCHIVE_MONTH_END,archived.referral_provider,silver.slv_referral_provider,16434,16434,0.0,,2026-08-19 10:22:45.519179,
6b7d4b98-0f12-4efe-8c79-7680ae979f28,SILVER,ARCHIVE_MONTH_END,archived.provider_home_age,silver.slv_provider_home_age,2092,2092,0.0,,2026-08-05 15:11:08.801423,
da5fbf8d-9b8f-4d95-b8f9-f83ae65926c8,SILVER,ARCHIVE_MONTH_END,archived.provider_home_age,silver.slv_provider_home_age,1667,1667,0.0,,2026-08-12 21:15:46.415226,
32478996-e44a-496f-bbeb-db401fb4962e,SILVER,ARCHIVE_MONTH_END,archived.provider_home_age,silver.slv_provider_home_age,1667,1667,0.0,,2026-08-12 22:33:34.092724,
5ed96198-ddf1-49fb-95ea-1521ffd97971,SILVER,ARCHIVE_MONTH_END,archived.provider_home_age,silver.slv_provider_home_age,1667,1667,0.0,,2026-08-16 15:06:33.264026,
99a4d35f-574f-477e-aaf4-15681100f9ce,SILVER,ARCHIVE_MONTH_END,archived.provider_home_age,silver.slv_provider_home_age,1984,1984,0.0,,2026-08-19 15:55:19.909754,
5493dec2-467d-4993-8ad0-e2930151fd9b,SILVER,ARCHIVE_MONTH_END,archived.provider_home_age,silver.slv_provider_home_age,1667,1667,0.0,,2026-08-16 20:31:19.653643,
99a4d35f-574f-477e-aaf4-15681100f9ce,SILVER,ARCHIVE_MONTH_END,archived.referral_provider,silver.slv_referral_provider,5749,5749,0.0,,2026-08-19 15:54:02.720068,
bd45fedb-2ec9-4318-b19b-b63ac5b8d2d3,SILVER,ARCHIVE_MONTH_END,archived.provider_home_age,silver.slv_provider_home_age,2092,2092,0.0,,2026-08-19 10:24:11.554176,
bd45fedb-2ec9-4318-b19b-b63ac5b8d2d3,SILVER,ARCHIVE_MONTH_END,archived.provider_home_age,silver.slv_provider_home_age,1667,1667,0.0,,2026-08-19 09:45:30.904683,
9e12a2ba-253f-4f84-a662-c39f8ec708f1,SILVER,ARCHIVE_MONTH_END,archived.provider_home_age,silver.slv_provider_home_age,1667,1667,0.0,,2026-08-16 14:53:05.509712,
10b2023d-51a0-48c6-828f-9e0fc96c49c6,SILVER,ARCHIVE_MONTH_END,archived.provider_home_age,silver.slv_provider_home_age,2315,2315,0.0,,2026-08-20 07:40:54.791846,
b8741d57-b7d4-48ea-be4a-8f820b3ccada,SILVER,ARCHIVE_MONTH_END,archived.provider_home_age,silver.slv_provider_home_age,2092,2092,0.0,,2026-08-05 16:40:26.416286,
89d91bd3-1b17-4e3b-8868-7eafba79e9e5,SILVER,ARCHIVE_MONTH_END,archived.provider_home_age,silver.slv_provider_home_age,1667,1667,0.0,,2026-08-16 14:29:01.592355,
6b7d4b98-0f12-4efe-8c79-7680ae979f28,SILVER,ARCHIVE_MONTH_END,archived.provider_home_age,silver.slv_provider_home_age,2092,2092,0.0,,2026-08-05 15:52:24.218710,
bd45fedb-2ec9-4318-b19b-b63ac5b8d2d3,SILVER,ARCHIVE_MONTH_END,archived.provider_home_age,silver.slv_provider_home_age,1984,1984,0.0,,2026-08-19 10:01:23.326939,
bd45fedb-2ec9-4318-b19b-b63ac5b8d2d3,SILVER,ARCHIVE_MONTH_END,archived.referral_provider,silver.slv_referral_provider,5749,5749,0.0,,2026-08-19 09:59:59.407568,
574223db-5a5e-4c8a-8bc4-a2e1f4664151,SILVER,ARCHIVE_MONTH_END,archived.provider_home_age,silver.slv_provider_home_age,1667,1667,0.0,,2026-08-18 10:06:34.080108,
91566f2f-f4e5-489f-be9f-dca931de3857,SILVER,ARCHIVE_MONTH_END,archived.provider_home_age,silver.slv_provider_home_age,2092,2092,0.0,,2026-08-19 21:26:24.080987,
8d44d03e-b128-47a7-95b9-1db889b71c93,SILVER,ARCHIVE_MONTH_END,archived.provider_home_age,silver.slv_provider_home_age,1667,1667,0.0,,2026-08-06 21:25:19.679402,
ad3955df-1bd4-4ab2-b48c-83b0dfdf54a1,SILVER,ARCHIVE_MONTH_END,archived.provider_home_age,silver.slv_provider_home_age,2405,2405,0.0,,2026-08-20 09:52:05.079151,
6b7d4b98-0f12-4efe-8c79-7680ae979f28,SILVER,ARCHIVE_MONTH_END,archived.referral_category,silver.slv_referral_category,179,179,0.0,,2026-08-05 15:13:16.352502,
b8741d57-b7d4-48ea-be4a-8f820b3ccada,SILVER,ARCHIVE_MONTH_END,archived.referral_category,silver.slv_referral_category,179,179,0.0,,2026-08-05 16:43:38.526344,
91566f2f-f4e5-489f-be9f-dca931de3857,SILVER,ARCHIVE_MONTH_END,archived.referral_category,silver.slv_referral_category,179,179,0.0,,2026-08-19 21:24:21.237060,
bd45fedb-2ec9-4318-b19b-b63ac5b8d2d3,SILVER,ARCHIVE_MONTH_END,archived.referral_category,silver.slv_referral_category,179,179,0.0,,2026-08-19 10:22:17.526594,
6b7d4b98-0f12-4efe-8c79-7680ae979f28,SILVER,ARCHIVE_MONTH_END,archived.referral_category,silver.slv_referral_category,179,179,0.0,,2026-08-05 15:54:25.413400,
ad3955df-1bd4-4ab2-b48c-83b0dfdf54a1,SILVER,ARCHIVE_MONTH_END,archived.referral_category,silver.slv_referral_category,637,637,0.0,,2026-08-20 09:49:59.900139,
10b2023d-51a0-48c6-828f-9e0fc96c49c6,SILVER,ARCHIVE_MONTH_END,archived.referral_category,silver.slv_referral_category,478,478,0.0,,2026-08-20 07:38:29.442792,
99a4d35f-574f-477e-aaf4-15681100f9ce,SILVER,ARCHIVE_MONTH_END,archived.referral_category,silver.slv_referral_category,76,76,0.0,,2026-08-19 15:53:37.581651,
bd45fedb-2ec9-4318-b19b-b63ac5b8d2d3,SILVER,ARCHIVE_MONTH_END,archived.referral_category,silver.slv_referral_category,76,76,0.0,,2026-08-19 09:59:32.671261,
6d5b71dc-89d7-4fd2-b33f-6bb79b1845cd,SILVER,ARCHIVE,archived.provider_home_category,silver.slv_provider_home_category,2327,2327,0.0,,2026-08-04 17:01:01.794691,
6d5b71dc-89d7-4fd2-b33f-6bb79b1845cd,SILVER,ARCHIVE,archived.provider_home_category,silver.slv_provider_home_category,2375,2375,0.0,,2026-08-04 17:37:11.189249,
c2a3ce17-f3df-4809-a0eb-181fb745139e,SILVER,ARCHIVE,archived.additional_fee,silver_archive.slv_offer_additional_fee,5182,5182,,,2026-08-03 22:28:58.620099,
4a4bbcc2-6c72-4e33-b176-b324b2fb7719,SILVER,ARCHIVE,archived.offer,silver.slv_offer,723,723,0.0,,2026-08-04 22:07:10.000713,
4a4bbcc2-6c72-4e33-b176-b324b2fb7719,SILVER,ARCHIVE,archived.offer,silver.slv_offer,730,730,0.0,,2026-08-04 22:12:42.503741,
4a4bbcc2-6c72-4e33-b176-b324b2fb7719,SILVER,ARCHIVE,archived.offer,silver.slv_offer,778,778,0.0,,2026-08-04 22:24:33.265764,
4a4bbcc2-6c72-4e33-b176-b324b2fb7719,SILVER,ARCHIVE,archived.offer,silver.slv_offer,761,761,0.0,,2026-08-04 22:18:34.142875,
4a4bbcc2-6c72-4e33-b176-b324b2fb7719,SILVER,ARCHIVE,archived.offer,silver.slv_offer,778,778,0.0,,2026-08-04 22:29:47.133723,
8384f3fd-d320-4530-bc69-530789fba495,SILVER,LATEST,bronze.foster_home,silver.slv_foster_home,28,28,0.0,,2026-08-16 11:32:20.861440,
6c898cf7-9d0d-4c1b-9f39-46a2bf25acd8,SILVER,LATEST,bronze.foster_home,silver.slv_foster_home,25,25,0.0,,2026-08-04 13:06:47.444792,
c2a3ce17-f3df-4809-a0eb-181fb745139e,SILVER,LATEST,bronze.provider_home_category,silver.slv_provider_provider_home_category,2384,2384,,,2026-08-03 22:26:15.393771,
c2a3ce17-f3df-4809-a0eb-181fb745139e,SILVER,ARCHIVE,archived.referral_person,silver_archive.slv_referral_person,11459,11459,,,2026-08-03 22:34:27.457184,
6d7f6d24-3004-4724-9597-82ad84dba6e8,SILVER,LATEST,bronze.supervising_social_worker,silver.slv_supervising_social_worker,25,25,,,2026-08-03 22:54:26.788084,
6d7f6d24-3004-4724-9597-82ad84dba6e8,SILVER,ARCHIVE,archived.additional_fee,silver_archive.slv_additional_fee,5182,5182,,,2026-08-03 22:54:39.793507,
6c898cf7-9d0d-4c1b-9f39-46a2bf25acd8,SILVER,LATEST,bronze.ipa_child,silver.slv_ipa_child,26,26,0.0,,2026-08-04 13:08:15.549626,
8384f3fd-d320-4530-bc69-530789fba495,SILVER,LATEST,bronze.ipa_child,silver.slv_ipa_child,29,29,0.0,,2026-08-16 11:36:09.203768,
4a4bbcc2-6c72-4e33-b176-b324b2fb7719,SILVER,ARCHIVE,archived.ipa,silver.slv_ipa,9,9,0.0,,2026-08-04 22:23:56.293565,
4a4bbcc2-6c72-4e33-b176-b324b2fb7719,SILVER,ARCHIVE,archived.ipa,silver.slv_ipa,9,9,0.0,,2026-08-04 22:29:13.314189,
4a4bbcc2-6c72-4e33-b176-b324b2fb7719,SILVER,ARCHIVE,archived.ipa,silver.slv_ipa,8,8,0.0,,2026-08-04 22:17:56.131500,
4a4bbcc2-6c72-4e33-b176-b324b2fb7719,SILVER,ARCHIVE,archived.ipa,silver.slv_ipa,8,8,0.0,,2026-08-04 22:12:06.805008,
4a4bbcc2-6c72-4e33-b176-b324b2fb7719,SILVER,ARCHIVE,archived.ipa,silver.slv_ipa,8,8,0.0,,2026-08-04 22:06:35.763272,
c2a3ce17-f3df-4809-a0eb-181fb745139e,SILVER,ARCHIVE,archived.foster_home,silver_archive.slv_offer_foster_home,380,380,,,2026-08-03 22:29:28.214129,
6c898cf7-9d0d-4c1b-9f39-46a2bf25acd8,SILVER,LATEST,bronze.referral,silver.slv_referral,520,520,0.0,,2026-08-04 13:10:42.099374,
8384f3fd-d320-4530-bc69-530789fba495,SILVER,LATEST,bronze.provider,silver.slv_provider,674,674,0.0,,2026-08-16 11:22:36.219675,
8384f3fd-d320-4530-bc69-530789fba495,SILVER,LATEST,bronze.referral,silver.slv_referral,599,599,0.0,,2026-08-16 11:21:58.315867,
c2a3ce17-f3df-4809-a0eb-181fb745139e,SILVER,ARCHIVE,archived.referral,silver_archive.slv_referral_referral,10766,10766,,,2026-08-03 22:33:47.973181,
6d7f6d24-3004-4724-9597-82ad84dba6e8,SILVER,LATEST,bronze.provider_home_category,silver.slv_provider_home_category,2384,2384,,,2026-08-03 22:52:46.352138,
c2a3ce17-f3df-4809-a0eb-181fb745139e,SILVER,LATEST,bronze.provider_framework,silver.slv_provider_provider_framework,291,291,,,2026-08-03 22:25:25.532962,
c2a3ce17-f3df-4809-a0eb-181fb745139e,SILVER,LATEST,bronze.provider_home_age,silver.slv_provider_provider_home_age,2315,2315,,,2026-08-03 22:25:58.193104,
c2a3ce17-f3df-4809-a0eb-181fb745139e,SILVER,ARCHIVE,archived.ipa_child,silver_archive.slv_ipa_ipa_child,396,396,,,2026-08-03 22:30:35.081377,
6d7f6d24-3004-4724-9597-82ad84dba6e8,SILVER,ARCHIVE,archived.foster_home,silver_archive.slv_foster_home,380,380,,,2026-08-03 22:54:59.431073,
c2a3ce17-f3df-4809-a0eb-181fb745139e,SILVER,LATEST,bronze.referral_category,silver.slv_referral_referral_category,478,478,,,2026-08-03 22:27:23.900608,
8384f3fd-d320-4530-bc69-530789fba495,SILVER,LATEST,bronze.offer,silver.slv_offer,1683,1683,0.0,,2026-08-16 11:26:19.570063,
c2a3ce17-f3df-4809-a0eb-181fb745139e,SILVER,LATEST,bronze.foster_transport,silver.slv_offer_foster_transport,25,25,,,2026-08-03 22:22:28.840900,
6d5b71dc-89d7-4fd2-b33f-6bb79b1845cd,SILVER,ARCHIVE,archived.referral_provider,silver.slv_referral_provider,18791,18791,0.0,,2026-08-04 17:23:24.635545,
6d5b71dc-89d7-4fd2-b33f-6bb79b1845cd,SILVER,ARCHIVE,archived.referral_provider,silver.slv_referral_provider,16695,16695,0.0,,2026-08-04 16:55:15.402302,
6d5b71dc-89d7-4fd2-b33f-6bb79b1845cd,SILVER,ARCHIVE,archived.referral_provider,silver.slv_referral_provider,22451,22451,0.0,,2026-08-04 17:39:20.909230,
6d5b71dc-89d7-4fd2-b33f-6bb79b1845cd,SILVER,ARCHIVE,archived.provider_home_age,silver.slv_provider_home_age,2153,2153,0.0,,2026-08-04 17:21:02.184535,
6d5b71dc-89d7-4fd2-b33f-6bb79b1845cd,SILVER,ARCHIVE,archived.provider_home_age,silver.slv_provider_home_age,2153,2153,0.0,,2026-08-04 17:14:19.505223,
6d5b71dc-89d7-4fd2-b33f-6bb79b1845cd,SILVER,ARCHIVE,archived.provider_home_age,silver.slv_provider_home_age,2092,2092,0.0,,2026-08-04 16:43:49.778529,
6d5b71dc-89d7-4fd2-b33f-6bb79b1845cd,SILVER,ARCHIVE,archived.provider_home_age,silver.slv_provider_home_age,2108,2108,0.0,,2026-08-04 17:07:36.957578,
6d5b71dc-89d7-4fd2-b33f-6bb79b1845cd,SILVER,ARCHIVE,archived.provider_home_age,silver.slv_provider_home_age,2166,2166,0.0,,2026-08-04 17:36:53.246392,
6d5b71dc-89d7-4fd2-b33f-6bb79b1845cd,SILVER,ARCHIVE,archived.provider_home_age,silver.slv_provider_home_age,2155,2155,0.0,,2026-08-04 17:28:39.575268,
6d5b71dc-89d7-4fd2-b33f-6bb79b1845cd,SILVER,ARCHIVE,archived.provider_home_age,silver.slv_provider_home_age,2168,2168,0.0,,2026-08-04 17:45:04.251690,
6d5b71dc-89d7-4fd2-b33f-6bb79b1845cd,SILVER,ARCHIVE,archived.provider_home_age,silver.slv_provider_home_age,2093,2093,0.0,,2026-08-04 17:00:39.268582,
6d5b71dc-89d7-4fd2-b33f-6bb79b1845cd,SILVER,ARCHIVE,archived.provider_home_age,silver.slv_provider_home_age,2092,2092,0.0,,2026-08-04 16:52:25.237282,
8384f3fd-d320-4530-bc69-530789fba495,SILVER,LATEST,bronze.ipa_child_support_needs,silver.slv_ipa_child_support_needs,54,54,0.0,,2026-08-16 11:36:36.648464,
10b2023d-51a0-48c6-828f-9e0fc96c49c6,SILVER,ARCHIVE_MONTH_END,archived.foster_carer,silver.slv_foster_carer,37,37,0.0,,2026-08-20 07:46:25.156469,
ad3955df-1bd4-4ab2-b48c-83b0dfdf54a1,SILVER,ARCHIVE_MONTH_END,archived.foster_carer,silver.slv_foster_carer,44,44,0.0,,2026-08-20 09:56:07.883500,
6d5b71dc-89d7-4fd2-b33f-6bb79b1845cd,SILVER,ARCHIVE,archived.referral_category,silver.slv_referral_category,209,209,0.0,,2026-08-04 17:09:17.561782,
6d5b71dc-89d7-4fd2-b33f-6bb79b1845cd,SILVER,ARCHIVE,archived.referral_category,silver.slv_referral_category,224,224,0.0,,2026-08-04 17:30:26.103042,
6d5b71dc-89d7-4fd2-b33f-6bb79b1845cd,SILVER,ARCHIVE,archived.referral_category,silver.slv_referral_category,184,184,0.0,,2026-08-04 16:54:24.293972,
6d5b71dc-89d7-4fd2-b33f-6bb79b1845cd,SILVER,ARCHIVE,archived.referral_category,silver.slv_referral_category,209,209,0.0,,2026-08-04 17:22:42.902572,
6d5b71dc-89d7-4fd2-b33f-6bb79b1845cd,SILVER,ARCHIVE,archived.referral_category,silver.slv_referral_category,179,179,0.0,,2026-08-04 16:45:51.387791,
6d5b71dc-89d7-4fd2-b33f-6bb79b1845cd,SILVER,ARCHIVE,archived.referral_category,silver.slv_referral_category,200,200,0.0,,2026-08-04 17:02:32.700055,
6d5b71dc-89d7-4fd2-b33f-6bb79b1845cd,SILVER,ARCHIVE,archived.referral_category,silver.slv_referral_category,209,209,0.0,,2026-08-04 17:15:57.137784,
6d5b71dc-89d7-4fd2-b33f-6bb79b1845cd,SILVER,ARCHIVE,archived.referral_category,silver.slv_referral_category,252,252,0.0,,2026-08-04 17:38:37.133275,
c2a3ce17-f3df-4809-a0eb-181fb745139e,SILVER,ARCHIVE,archived.provider_home_spot_category,silver_archive.slv_provider_provider_home_spot_category,42169,42169,,,2026-08-03 22:33:20.275826,
6c898cf7-9d0d-4c1b-9f39-46a2bf25acd8,SILVER,LATEST,bronze.provider_home_category,silver.slv_provider_home_category,2384,2384,0.0,,2026-08-04 13:09:59.479972,
8384f3fd-d320-4530-bc69-530789fba495,SILVER,LATEST,bronze.provider_home_category,silver.slv_provider_home_category,2448,2448,0.0,,2026-08-16 11:27:43.725487,
6c898cf7-9d0d-4c1b-9f39-46a2bf25acd8,SILVER,LATEST,bronze.referral_spot_category,silver.slv_referral_spot_category,242,242,0.0,,2026-08-04 13:11:53.455990,
8384f3fd-d320-4530-bc69-530789fba495,SILVER,LATEST,bronze.referral_spot_category,silver.slv_referral_spot_category,289,289,0.0,,2026-08-16 11:24:05.601802,
10b2023d-51a0-48c6-828f-9e0fc96c49c6,SILVER,ARCHIVE_MONTH_END,archived.foster_home,silver.slv_foster_home,25,25,0.0,,2026-08-20 07:47:22.922921,
ad3955df-1bd4-4ab2-b48c-83b0dfdf54a1,SILVER,ARCHIVE_MONTH_END,archived.foster_home,silver.slv_foster_home,31,31,0.0,,2026-08-20 09:56:36.407231,
6d5b71dc-89d7-4fd2-b33f-6bb79b1845cd,SILVER,ARCHIVE,archived.foster_transport,silver.slv_foster_transport,5,5,0.0,,2026-08-04 17:33:42.734888,
6d5b71dc-89d7-4fd2-b33f-6bb79b1845cd,SILVER,ARCHIVE,archived.foster_transport,silver.slv_foster_transport,6,6,0.0,,2026-08-04 17:41:54.714671,
6b7d4b98-0f12-4efe-8c79-7680ae979f28,SILVER,ARCHIVE_MONTH_END,archived.provider_home,silver.slv_provider_home,2092,2092,0.0,,2026-08-05 15:52:00.608306,
99a4d35f-574f-477e-aaf4-15681100f9ce,SILVER,ARCHIVE_MONTH_END,archived.provider_home,silver.slv_provider_home,1984,1984,0.0,,2026-08-19 15:53:13.872731,
91566f2f-f4e5-489f-be9f-dca931de3857,SILVER,ARCHIVE_MONTH_END,archived.provider_home,silver.slv_provider_home,2092,2092,0.0,,2026-08-19 21:23:55.927691,
5493dec2-467d-4993-8ad0-e2930151fd9b,SILVER,ARCHIVE_MONTH_END,archived.provider_home,silver.slv_provider_home,1667,1667,0.0,,2026-08-16 20:30:26.544786,
da5fbf8d-9b8f-4d95-b8f9-f83ae65926c8,SILVER,ARCHIVE_MONTH_END,archived.provider_home,silver.slv_provider_home,1667,1667,0.0,,2026-08-12 21:14:19.982292,
ad3955df-1bd4-4ab2-b48c-83b0dfdf54a1,SILVER,ARCHIVE_MONTH_END,archived.offer_updates,silver.slv_offer_updates,10,10,0.0,,2026-08-20 09:57:55.958447,
4a4bbcc2-6c72-4e33-b176-b324b2fb7719,SILVER,ARCHIVE,archived.offer_view_history,silver.slv_offer_view_history,321,321,0.0,,2026-08-04 22:07:53.648131,
6d5b71dc-89d7-4fd2-b33f-6bb79b1845cd,SILVER,ARCHIVE,archived.provider_framework,silver.slv_provider_framework,287,287,0.0,,2026-08-04 16:51:47.330441,
6d5b71dc-89d7-4fd2-b33f-6bb79b1845cd,SILVER,ARCHIVE,archived.provider_framework,silver.slv_provider_framework,287,287,0.0,,2026-08-04 17:07:06.881537,
6d5b71dc-89d7-4fd2-b33f-6bb79b1845cd,SILVER,ARCHIVE,archived.provider_framework,silver.slv_provider_framework,289,289,0.0,,2026-08-04 17:13:46.822103,
6d5b71dc-89d7-4fd2-b33f-6bb79b1845cd,SILVER,ARCHIVE,archived.provider_framework,silver.slv_provider_framework,289,289,0.0,,2026-08-04 17:36:21.226791,
4a4bbcc2-6c72-4e33-b176-b324b2fb7719,SILVER,ARCHIVE,archived.offer_view_history,silver.slv_offer_view_history,327,327,0.0,,2026-08-04 22:13:49.004472,
6d5b71dc-89d7-4fd2-b33f-6bb79b1845cd,SILVER,ARCHIVE,archived.provider_framework,silver.slv_provider_framework,289,289,0.0,,2026-08-04 17:44:31.028818,
6d5b71dc-89d7-4fd2-b33f-6bb79b1845cd,SILVER,ARCHIVE,archived.provider_framework,silver.slv_provider_framework,287,287,0.0,,2026-08-04 17:00:03.846135,
6d5b71dc-89d7-4fd2-b33f-6bb79b1845cd,SILVER,ARCHIVE,archived.provider_framework,silver.slv_provider_framework,289,289,0.0,,2026-08-04 17:20:28.073141,
4a4bbcc2-6c72-4e33-b176-b324b2fb7719,SILVER,ARCHIVE,archived.offer_view_history,silver.slv_offer_view_history,349,349,0.0,,2026-08-04 22:25:23.804225,
6d5b71dc-89d7-4fd2-b33f-6bb79b1845cd,SILVER,ARCHIVE,archived.provider_framework,silver.slv_provider_framework,287,287,0.0,,2026-08-04 16:42:58.428183,
4a4bbcc2-6c72-4e33-b176-b324b2fb7719,SILVER,ARCHIVE,archived.offer_view_history,silver.slv_offer_view_history,336,336,0.0,,2026-08-04 22:19:41.272097,
6d5b71dc-89d7-4fd2-b33f-6bb79b1845cd,SILVER,ARCHIVE,archived.provider_framework,silver.slv_provider_framework,289,289,0.0,,2026-08-04 17:28:04.337174,
6b7d4b98-0f12-4efe-8c79-7680ae979f28,SILVER,ARCHIVE_MONTH_END,archived.offer_updates,silver.slv_offer_updates,2,2,0.0,,2026-08-05 15:08:39.531775,
91566f2f-f4e5-489f-be9f-dca931de3857,SILVER,ARCHIVE_MONTH_END,archived.offer_updates,silver.slv_offer_updates,2,2,0.0,,2026-08-19 21:30:37.461227,
6b7d4b98-0f12-4efe-8c79-7680ae979f28,SILVER,ARCHIVE_MONTH_END,archived.offer_updates,silver.slv_offer_updates,2,2,0.0,,2026-08-05 15:50:02.459953,
bd45fedb-2ec9-4318-b19b-b63ac5b8d2d3,SILVER,ARCHIVE_MONTH_END,archived.offer_updates,silver.slv_offer_updates,2,2,0.0,,2026-08-19 10:05:51.525055,
bd45fedb-2ec9-4318-b19b-b63ac5b8d2d3,SILVER,ARCHIVE_MONTH_END,archived.offer_updates,silver.slv_offer_updates,2,2,0.0,,2026-08-19 10:28:26.158087,
10b2023d-51a0-48c6-828f-9e0fc96c49c6,SILVER,ARCHIVE_MONTH_END,archived.offer_updates,silver.slv_offer_updates,8,8,0.0,,2026-08-20 07:48:54.089276,
b8741d57-b7d4-48ea-be4a-8f820b3ccada,SILVER,ARCHIVE_MONTH_END,archived.offer_updates,silver.slv_offer_updates,2,2,0.0,,2026-08-05 16:36:57.381499,
99a4d35f-574f-477e-aaf4-15681100f9ce,SILVER,ARCHIVE_MONTH_END,archived.offer_updates,silver.slv_offer_updates,2,2,0.0,,2026-08-19 15:59:23.179883,
6d5b71dc-89d7-4fd2-b33f-6bb79b1845cd,SILVER,ARCHIVE,archived.referral_provider,silver.slv_referral_provider,17625,17625,0.0,,2026-08-04 17:03:16.268878,
6d5b71dc-89d7-4fd2-b33f-6bb79b1845cd,SILVER,ARCHIVE,archived.referral_provider,silver.slv_referral_provider,18791,18791,0.0,,2026-08-04 17:16:37.153634,
6d5b71dc-89d7-4fd2-b33f-6bb79b1845cd,SILVER,ARCHIVE,archived.referral_provider,silver.slv_referral_provider,16434,16434,0.0,,2026-08-04 16:46:36.912883,
6d5b71dc-89d7-4fd2-b33f-6bb79b1845cd,SILVER,ARCHIVE,archived.referral_provider,silver.slv_referral_provider,18791,18791,0.0,,2026-08-04 17:09:56.394519,
6d5b71dc-89d7-4fd2-b33f-6bb79b1845cd,SILVER,ARCHIVE,archived.referral_provider,silver.slv_referral_provider,20615,20615,0.0,,2026-08-04 17:31:08.714571,
6d5b71dc-89d7-4fd2-b33f-6bb79b1845cd,SILVER,ARCHIVE,archived.foster_transport,silver.slv_foster_transport,1,1,0.0,,2026-08-04 17:25:33.410576,
6d5b71dc-89d7-4fd2-b33f-6bb79b1845cd,SILVER,ARCHIVE,archived.holding_company,silver.slv_holding_company,614,614,0.0,,2026-08-04 17:18:23.109709,
6d5b71dc-89d7-4fd2-b33f-6bb79b1845cd,SILVER,ARCHIVE,archived.referral_person,silver.slv_referral_person,256,256,0.0,,2026-08-04 17:16:14.617078,
6d5b71dc-89d7-4fd2-b33f-6bb79b1845cd,SILVER,ARCHIVE,archived.holding_company,silver.slv_holding_company,609,609,0.0,,2026-08-04 17:05:03.599133,
6d5b71dc-89d7-4fd2-b33f-6bb79b1845cd,SILVER,ARCHIVE,archived.holding_company,silver.slv_holding_company,607,607,0.0,,2026-08-04 16:57:33.332978,
6d5b71dc-89d7-4fd2-b33f-6bb79b1845cd,SILVER,ARCHIVE,archived.referral_person,silver.slv_referral_person,256,256,0.0,,2026-08-04 17:23:00.978440,
6d5b71dc-89d7-4fd2-b33f-6bb79b1845cd,SILVER,ARCHIVE,archived.referral_person,silver.slv_referral_person,249,249,0.0,,2026-08-04 17:02:52.030424,
6d5b71dc-89d7-4fd2-b33f-6bb79b1845cd,SILVER,ARCHIVE,archived.referral_person,silver.slv_referral_person,278,278,0.0,,2026-08-04 17:30:45.127372,
6d5b71dc-89d7-4fd2-b33f-6bb79b1845cd,SILVER,ARCHIVE,archived.holding_company,silver.slv_holding_company,614,614,0.0,,2026-08-04 17:11:39.205372,
6d5b71dc-89d7-4fd2-b33f-6bb79b1845cd,SILVER,ARCHIVE,archived.holding_company,silver.slv_holding_company,621,621,0.0,,2026-08-04 17:42:16.743067,
6d5b71dc-89d7-4fd2-b33f-6bb79b1845cd,SILVER,ARCHIVE,archived.holding_company,silver.slv_holding_company,606,606,0.0,,2026-08-04 16:40:35.794461,
6d5b71dc-89d7-4fd2-b33f-6bb79b1845cd,SILVER,ARCHIVE,archived.referral_person,silver.slv_referral_person,239,239,0.0,,2026-08-04 16:54:45.115352,
6d5b71dc-89d7-4fd2-b33f-6bb79b1845cd,SILVER,ARCHIVE,archived.holding_company,silver.slv_holding_company,615,615,0.0,,2026-08-04 17:25:55.324422,
6d5b71dc-89d7-4fd2-b33f-6bb79b1845cd,SILVER,ARCHIVE,archived.holding_company,silver.slv_holding_company,606,606,0.0,,2026-08-04 16:48:51.137890,
6d5b71dc-89d7-4fd2-b33f-6bb79b1845cd,SILVER,ARCHIVE,archived.referral_person,silver.slv_referral_person,256,256,0.0,,2026-08-04 17:09:34.454717,
6d5b71dc-89d7-4fd2-b33f-6bb79b1845cd,SILVER,ARCHIVE,archived.holding_company,silver.slv_holding_company,619,619,0.0,,2026-08-04 17:34:08.597086,
6d5b71dc-89d7-4fd2-b33f-6bb79b1845cd,SILVER,ARCHIVE,archived.referral_person,silver.slv_referral_person,229,229,0.0,,2026-08-04 16:46:13.201120,
6d5b71dc-89d7-4fd2-b33f-6bb79b1845cd,SILVER,ARCHIVE,archived.referral_person,silver.slv_referral_person,312,312,0.0,,2026-08-04 17:38:57.263020,
8384f3fd-d320-4530-bc69-530789fba495,SILVER,LATEST,bronze.provider_home_gender,silver.slv_provider_home_gender,2379,2379,0.0,,2026-08-16 11:28:12.024975,
6c898cf7-9d0d-4c1b-9f39-46a2bf25acd8,SILVER,LATEST,bronze.provider_home_gender,silver.slv_provider_home_gender,2315,2315,0.0,,2026-08-04 13:10:09.303831,
6d5b71dc-89d7-4fd2-b33f-6bb79b1845cd,SILVER,ARCHIVE,archived.additional_fee,silver.slv_additional_fee,129,129,0.0,,2026-08-04 17:24:43.490208,
6d5b71dc-89d7-4fd2-b33f-6bb79b1845cd,SILVER,ARCHIVE,archived.additional_fee,silver.slv_additional_fee,126,126,0.0,,2026-08-04 17:17:56.924707,
6d5b71dc-89d7-4fd2-b33f-6bb79b1845cd,SILVER,ARCHIVE,archived.additional_fee,silver.slv_additional_fee,125,125,0.0,,2026-08-04 16:57:07.169121,
6d5b71dc-89d7-4fd2-b33f-6bb79b1845cd,SILVER,ARCHIVE,archived.additional_fee,silver.slv_additional_fee,120,120,0.0,,2026-08-04 16:40:10.037793,
6d5b71dc-89d7-4fd2-b33f-6bb79b1845cd,SILVER,ARCHIVE,archived.additional_fee,silver.slv_additional_fee,138,138,0.0,,2026-08-04 17:32:51.223072,
6d5b71dc-89d7-4fd2-b33f-6bb79b1845cd,SILVER,ARCHIVE,archived.additional_fee,silver.slv_additional_fee,126,126,0.0,,2026-08-04 17:04:38.279351,
6d5b71dc-89d7-4fd2-b33f-6bb79b1845cd,SILVER,ARCHIVE,archived.additional_fee,silver.slv_additional_fee,126,126,0.0,,2026-08-04 17:11:15.883840,
6d5b71dc-89d7-4fd2-b33f-6bb79b1845cd,SILVER,ARCHIVE,archived.additional_fee,silver.slv_additional_fee,149,149,0.0,,2026-08-04 17:41:03.792428,
6d5b71dc-89d7-4fd2-b33f-6bb79b1845cd,SILVER,ARCHIVE,archived.additional_fee,silver.slv_additional_fee,120,120,0.0,,2026-08-04 16:48:24.032572,
c2a3ce17-f3df-4809-a0eb-181fb745139e,SILVER,ARCHIVE,archived.supervising_social_worker,silver_archive.slv_offer_supervising_social_worker,380,380,,,2026-08-03 22:36:06.005140,
10b2023d-51a0-48c6-828f-9e0fc96c49c6,SILVER,ARCHIVE_MONTH_END,archived.ipa_child,silver.slv_ipa_child,20,20,0.0,,2026-08-20 07:50:45.458392,
ad3955df-1bd4-4ab2-b48c-83b0dfdf54a1,SILVER,ARCHIVE_MONTH_END,archived.ipa_child,silver.slv_ipa_child,33,33,0.0,,2026-08-20 09:59:45.908127,
f500acd5-ceed-482d-8a90-6af3cd75d312,SILVER,ARCHIVE_MONTH_END,archived.referral_provider_decline_reason,silver.referral_provider_decline_reason,16469,16469,0.0,,2026-08-21 09:59:01.130028,78a97d6e-b4bb-4909-9c22-e6a69f27f6ac
f500acd5-ceed-482d-8a90-6af3cd75d312,SILVER,ARCHIVE_MONTH_END,archived.referral_provider_cancel_reason,silver.referral_provider_cancel_reason,31402,31402,0.0,,2026-08-21 09:58:38.800857,78a97d6e-b4bb-4909-9c22-e6a69f27f6ac
dc5834a6-f5e4-433e-aaee-7c9a683ceb73,ARCHIVE,ARCHIVE_FILE,Files/archive_unzipped/2026-07-15/audit/jun26/2026-06-24.csv,archived.audit,392,392,0.0,,2026-08-06 03:32:06.517109,
dc5834a6-f5e4-433e-aaee-7c9a683ceb73,ARCHIVE,ARCHIVE_FILE,Files/archive_unzipped/2026-07-15/audit/jun26/2026-06-16.csv,archived.audit,329,329,0.0,,2026-08-06 00:10:14.834103,
dc5834a6-f5e4-433e-aaee-7c9a683ceb73,ARCHIVE,ARCHIVE_FILE,Files/archive_unzipped/2026-07-24/audit/jun26/2026-06-02.csv,archived.audit,114,114,0.0,,2026-08-06 01:17:27.137507,
dc5834a6-f5e4-433e-aaee-7c9a683ceb73,ARCHIVE,ARCHIVE_FILE,Files/archive_unzipped/2026-07-03/audit/jun26/2026-06-30.csv,archived.audit,183,183,0.0,,2026-08-06 00:06:04.827502,
7ae9b485-8c03-4c6e-a944-8b465d4d509d,ARCHIVE,ARCHIVE_FILE,Files/archive_unzipped/2026-07-14/audit/jun26/2026-06-12.csv,archived.audit,446,446,0.0,,2026-08-05 23:35:58.300515,
dc5834a6-f5e4-433e-aaee-7c9a683ceb73,ARCHIVE,ARCHIVE_FILE,Files/archive_unzipped/2026-08-03/audit/jul26/2026-07-02.csv,archived.audit,548,548,0.0,,2026-08-06 05:16:56.881053,
dc5834a6-f5e4-433e-aaee-7c9a683ceb73,ARCHIVE,ARCHIVE_FILE,Files/archive_unzipped/2026-07-02/audit/jun26/2026-06-16.csv,archived.audit,329,329,0.0,,2026-08-06 06:28:28.307364,
dc5834a6-f5e4-433e-aaee-7c9a683ceb73,ARCHIVE,ARCHIVE_FILE,Files/archive_unzipped/2026-07-04/audit/jun26/2026-06-17.csv,archived.audit,705,705,0.0,,2026-08-06 05:26:37.212948,
dc5834a6-f5e4-433e-aaee-7c9a683ceb73,ARCHIVE,ARCHIVE_FILE,Files/archive_unzipped/2026-07-24/audit/jun26/2026-06-10.csv,archived.audit,309,309,0.0,,2026-08-06 06:42:18.489949,
dc5834a6-f5e4-433e-aaee-7c9a683ceb73,ARCHIVE,ARCHIVE_FILE,Files/archive_unzipped/2026-07-10/audit/jun26/2026-06-01.csv,archived.audit,178,178,0.0,,2026-08-06 07:14:51.065306,
dc5834a6-f5e4-433e-aaee-7c9a683ceb73,ARCHIVE,ARCHIVE_FILE,Files/archive_unzipped/2026-06-30/audit/may26/2026-05-07.csv,archived.audit,100,100,0.0,,2026-08-06 05:19:39.389835,
dc5834a6-f5e4-433e-aaee-7c9a683ceb73,ARCHIVE,ARCHIVE_FILE,Files/archive_unzipped/2026-07-30/audit/jun26/2026-06-09.csv,archived.audit,573,573,0.0,,2026-08-06 03:27:35.867423,
dc5834a6-f5e4-433e-aaee-7c9a683ceb73,ARCHIVE,ARCHIVE_FILE,Files/archive_unzipped/2026-07-28/audit/jun26/2026-06-18.csv,archived.audit,329,329,0.0,,2026-08-06 00:22:49.188813,
dc5834a6-f5e4-433e-aaee-7c9a683ceb73,ARCHIVE,ARCHIVE_FILE,Files/archive_unzipped/2026-07-04/audit/jun26/2026-06-18.csv,archived.audit,329,329,0.0,,2026-08-06 03:26:22.428432,
dc5834a6-f5e4-433e-aaee-7c9a683ceb73,ARCHIVE,ARCHIVE_FILE,Files/archive_unzipped/2026-07-31/audit/jun26/2026-06-22.csv,archived.audit,904,904,0.0,,2026-08-06 00:35:17.114138,
dc5834a6-f5e4-433e-aaee-7c9a683ceb73,ARCHIVE,ARCHIVE_FILE,Files/archive_unzipped/2026-07-26/audit/jun26/2026-06-08.csv,archived.audit,661,661,0.0,,2026-08-06 01:02:07.574275,
dc5834a6-f5e4-433e-aaee-7c9a683ceb73,ARCHIVE,ARCHIVE_FILE,Files/archive_unzipped/2026-07-13/audit/jun26/2026-06-12.csv,archived.audit,446,446,0.0,,2026-08-06 04:32:41.296715,
dc5834a6-f5e4-433e-aaee-7c9a683ceb73,ARCHIVE,ARCHIVE_FILE,Files/archive_unzipped/2026-07-09/audit/jun26/2026-06-23.csv,archived.audit,348,348,0.0,,2026-08-06 01:46:09.091681,
dc5834a6-f5e4-433e-aaee-7c9a683ceb73,ARCHIVE,ARCHIVE_FILE,Files/archive_unzipped/2026-08-04/audit/jul26/2026-07-31.csv,archived.audit,639,639,0.0,,2026-08-06 00:36:16.099500,
dc5834a6-f5e4-433e-aaee-7c9a683ceb73,ARCHIVE,ARCHIVE_FILE,Files/archive_unzipped/2026-08-03/audit/jul26/2026-07-31.csv,archived.audit,639,639,0.0,,2026-08-06 03:14:21.857698,
dc5834a6-f5e4-433e-aaee-7c9a683ceb73,ARCHIVE,ARCHIVE_FILE,Files/archive_unzipped/2026-07-12/audit/jun26/2026-06-10.csv,archived.audit,309,309,0.0,,2026-08-06 03:13:24.697402,
dc5834a6-f5e4-433e-aaee-7c9a683ceb73,ARCHIVE,ARCHIVE_FILE,Files/archive_unzipped/2026-07-02/audit/jun26/2026-06-22.csv,archived.audit,904,904,0.0,,2026-08-06 01:34:04.581251,
7ae9b485-8c03-4c6e-a944-8b465d4d509d,ARCHIVE,ARCHIVE_FILE,Files/archive_unzipped/2026-07-05/audit/jun26/2026-06-11.csv,archived.audit,405,405,0.0,,2026-08-05 23:35:36.131884,
dc5834a6-f5e4-433e-aaee-7c9a683ceb73,ARCHIVE,ARCHIVE_FILE,Files/archive_unzipped/2026-07-18/audit/jun26/2026-06-24.csv,archived.audit,392,392,0.0,,2026-08-06 02:21:32.538260,
dc5834a6-f5e4-433e-aaee-7c9a683ceb73,ARCHIVE,ARCHIVE_FILE,Files/archive_unzipped/2026-07-31/audit/jun26/2026-06-02.csv,archived.audit,114,114,0.0,,2026-08-06 02:14:26.754617,
dc5834a6-f5e4-433e-aaee-7c9a683ceb73,ARCHIVE,ARCHIVE_FILE,Files/archive_unzipped/2026-07-13/audit/jun26/2026-06-04.csv,archived.audit,678,678,0.0,,2026-08-06 06:52:29.734616,
dc5834a6-f5e4-433e-aaee-7c9a683ceb73,ARCHIVE,ARCHIVE_FILE,Files/archive_unzipped/2026-07-19/audit/jun26/2026-06-09.csv,archived.audit,573,573,0.0,,2026-08-06 06:18:23.634510,
dc5834a6-f5e4-433e-aaee-7c9a683ceb73,ARCHIVE,ARCHIVE_FILE,Files/archive_unzipped/2026-07-13/audit/jun26/2026-06-19.csv,archived.audit,506,506,0.0,,2026-08-06 07:05:56.915921,
dc5834a6-f5e4-433e-aaee-7c9a683ceb73,ARCHIVE,ARCHIVE_FILE,Files/archive_unzipped/2026-07-22/audit/jun26/2026-06-30.csv,archived.audit,183,183,0.0,,2026-08-06 07:12:18.505894,
dc5834a6-f5e4-433e-aaee-7c9a683ceb73,ARCHIVE,ARCHIVE_FILE,Files/archive_unzipped/2026-07-27/audit/jun26/2026-06-26.csv,archived.audit,107,107,0.0,,2026-08-06 06:27:27.458047,
dc5834a6-f5e4-433e-aaee-7c9a683ceb73,ARCHIVE,ARCHIVE_FILE,Files/archive_unzipped/2026-07-14/audit/jun26/2026-06-17.csv,archived.audit,705,705,0.0,,2026-08-06 03:35:13.063542,
dc5834a6-f5e4-433e-aaee-7c9a683ceb73,ARCHIVE,ARCHIVE_FILE,Files/archive_unzipped/2026-07-28/audit/jun26/2026-06-22.csv,archived.audit,904,904,0.0,,2026-08-06 00:16:53.328420,
dc5834a6-f5e4-433e-aaee-7c9a683ceb73,ARCHIVE,ARCHIVE_FILE,Files/archive_unzipped/2026-08-04/audit/jul26/2026-07-08.csv,archived.audit,1865,1865,0.0,,2026-08-06 00:50:05.283233,
dc5834a6-f5e4-433e-aaee-7c9a683ceb73,ARCHIVE,ARCHIVE_FILE,Files/archive_unzipped/2026-08-02/audit/jul26/2026-07-29.csv,archived.audit,1420,1420,0.0,,2026-08-06 05:45:23.822091,
dc5834a6-f5e4-433e-aaee-7c9a683ceb73,ARCHIVE,ARCHIVE_FILE,Files/archive_unzipped/2026-08-01/audit/jul26/2026-07-07.csv,archived.audit,1786,1786,0.0,,2026-08-06 07:42:43.184433,
dc5834a6-f5e4-433e-aaee-7c9a683ceb73,ARCHIVE,ARCHIVE_FILE,Files/archive_unzipped/2026-08-04/audit/jul26/2026-07-29.csv,archived.audit,1420,1420,0.0,,2026-08-06 04:07:05.113194,
dc5834a6-f5e4-433e-aaee-7c9a683ceb73,ARCHIVE,ARCHIVE_FILE,Files/archive_unzipped/2026-08-01/audit/jul26/2026-07-22.csv,archived.audit,1071,1071,0.0,,2026-08-06 07:53:04.184070,
dc5834a6-f5e4-433e-aaee-7c9a683ceb73,ARCHIVE,ARCHIVE_FILE,Files/archive_unzipped/2026-08-01/audit/jul26/2026-07-06.csv,archived.audit,1702,1702,0.0,,2026-08-06 01:23:51.752572,
dc5834a6-f5e4-433e-aaee-7c9a683ceb73,ARCHIVE,ARCHIVE_FILE,Files/archive_unzipped/2026-08-05/audit/jul26/2026-07-09.csv,archived.audit,1461,1461,0.0,,2026-08-06 05:08:58.834693,
dc5834a6-f5e4-433e-aaee-7c9a683ceb73,ARCHIVE,ARCHIVE_FILE,Files/archive_unzipped/2026-08-05/audit/jul26/2026-07-07.csv,archived.audit,1786,1786,0.0,,2026-08-06 05:04:09.826208,
dc5834a6-f5e4-433e-aaee-7c9a683ceb73,ARCHIVE,ARCHIVE_FILE,Files/archive_unzipped/2026-08-01/audit/jul26/2026-07-28.csv,archived.audit,1056,1056,0.0,,2026-08-06 05:44:53.805678,
dc5834a6-f5e4-433e-aaee-7c9a683ceb73,ARCHIVE,ARCHIVE_FILE,Files/archive_unzipped/2026-08-04/audit/jul26/2026-07-09.csv,archived.audit,1461,1461,0.0,,2026-08-06 02:05:43.995592,
dc5834a6-f5e4-433e-aaee-7c9a683ceb73,ARCHIVE,ARCHIVE_FILE,Files/archive_unzipped/2026-08-03/audit/jul26/2026-07-17.csv,archived.audit,1090,1090,0.0,,2026-08-06 01:24:14.108690,
dc5834a6-f5e4-433e-aaee-7c9a683ceb73,ARCHIVE,ARCHIVE_FILE,Files/archive_unzipped/2026-08-05/audit/jul26/2026-07-16.csv,archived.audit,1032,1032,0.0,,2026-08-06 00:08:16.656594,
dc5834a6-f5e4-433e-aaee-7c9a683ceb73,ARCHIVE,ARCHIVE_FILE,Files/archive_unzipped/2026-08-03/audit/jul26/2026-07-16.csv,archived.audit,1032,1032,0.0,,2026-08-06 03:53:56.676620,
dc5834a6-f5e4-433e-aaee-7c9a683ceb73,ARCHIVE,ARCHIVE_FILE,Files/archive_unzipped/2026-07-01/audit/may26/2026-05-11.csv,archived.audit,1005,1005,0.0,,2026-08-06 03:09:52.737647,
dc5834a6-f5e4-433e-aaee-7c9a683ceb73,ARCHIVE,ARCHIVE_FILE,Files/archive_unzipped/2026-07-15/audit/jun26/2026-06-05.csv,archived.audit,284,284,0.0,,2026-08-06 03:47:25.778156,
dc5834a6-f5e4-433e-aaee-7c9a683ceb73,ARCHIVE,ARCHIVE_FILE,Files/archive_unzipped/2026-07-09/audit/jun26/2026-06-24.csv,archived.audit,392,392,0.0,,2026-08-06 02:12:48.233441,
dc5834a6-f5e4-433e-aaee-7c9a683ceb73,ARCHIVE,ARCHIVE_FILE,Files/archive_unzipped/2026-07-17/audit/jun26/2026-06-10.csv,archived.audit,309,309,0.0,,2026-08-06 01:16:24.535434,
dc5834a6-f5e4-433e-aaee-7c9a683ceb73,ARCHIVE,ARCHIVE_FILE,Files/archive_unzipped/2026-07-29/audit/jun26/2026-06-09.csv,archived.audit,573,573,0.0,,2026-08-06 02:08:52.069706,
dc5834a6-f5e4-433e-aaee-7c9a683ceb73,ARCHIVE,ARCHIVE_FILE,Files/archive_unzipped/2026-07-31/audit/jun26/2026-06-26.csv,archived.audit,107,107,0.0,,2026-08-06 02:14:48.745085,
dc5834a6-f5e4-433e-aaee-7c9a683ceb73,ARCHIVE,ARCHIVE_FILE,Files/archive_unzipped/2026-07-16/audit/jun26/2026-06-30.csv,archived.audit,183,183,0.0,,2026-08-06 02:57:06.460957,
dc5834a6-f5e4-433e-aaee-7c9a683ceb73,ARCHIVE,ARCHIVE_FILE,Files/archive_unzipped/2026-07-18/audit/jun26/2026-06-09.csv,archived.audit,573,573,0.0,,2026-08-06 02:06:56.082787,
dc5834a6-f5e4-433e-aaee-7c9a683ceb73,ARCHIVE,ARCHIVE_FILE,Files/archive_unzipped/2026-08-05/audit/jul26/2026-07-31.csv,archived.audit,639,639,0.0,,2026-08-06 00:43:33.541643,
dc5834a6-f5e4-433e-aaee-7c9a683ceb73,ARCHIVE,ARCHIVE_FILE,Files/archive_unzipped/2026-07-18/audit/jun26/2026-06-15.csv,archived.audit,345,345,0.0,,2026-08-06 02:29:22.206940,
dc5834a6-f5e4-433e-aaee-7c9a683ceb73,ARCHIVE,ARCHIVE_FILE,Files/archive_unzipped/2026-07-02/audit/jun26/2026-06-26.csv,archived.audit,107,107,0.0,,2026-08-06 00:15:21.570537,
dc5834a6-f5e4-433e-aaee-7c9a683ceb73,ARCHIVE,ARCHIVE_FILE,Files/archive_unzipped/2026-07-21/audit/jun26/2026-06-12.csv,archived.audit,446,446,0.0,,2026-08-06 03:18:15.369874,
dc5834a6-f5e4-433e-aaee-7c9a683ceb73,ARCHIVE,ARCHIVE_FILE,Files/archive_unzipped/2026-07-28/audit/jun26/2026-06-23.csv,archived.audit,348,348,0.0,,2026-08-06 01:05:31.782624,
dc5834a6-f5e4-433e-aaee-7c9a683ceb73,ARCHIVE,ARCHIVE_FILE,Files/archive_unzipped/2026-07-05/audit/jun26/2026-06-12.csv,archived.audit,446,446,0.0,,2026-08-06 00:15:46.733789,
dc5834a6-f5e4-433e-aaee-7c9a683ceb73,ARCHIVE,ARCHIVE_FILE,Files/archive_unzipped/2026-07-06/audit/jun26/2026-06-29.csv,archived.audit,561,561,0.0,,2026-08-06 05:35:56.203500,
dc5834a6-f5e4-433e-aaee-7c9a683ceb73,ARCHIVE,ARCHIVE_FILE,Files/archive_unzipped/2026-07-14/audit/jun26/2026-06-11.csv,archived.audit,405,405,0.0,,2026-08-06 07:58:06.746958,
dc5834a6-f5e4-433e-aaee-7c9a683ceb73,ARCHIVE,ARCHIVE_FILE,Files/archive_unzipped/2026-07-12/audit/jun26/2026-06-05.csv,archived.audit,284,284,0.0,,2026-08-06 07:46:36.437668,
dc5834a6-f5e4-433e-aaee-7c9a683ceb73,ARCHIVE,ARCHIVE_FILE,Files/archive_unzipped/2026-07-07/audit/jun26/2026-06-10.csv,archived.audit,309,309,0.0,,2026-08-06 06:06:59.507062,
dc5834a6-f5e4-433e-aaee-7c9a683ceb73,ARCHIVE,ARCHIVE_FILE,Files/archive_unzipped/2026-07-18/audit/jun26/2026-06-08.csv,archived.audit,661,661,0.0,,2026-08-06 03:45:21.545151,
f500acd5-ceed-482d-8a90-6af3cd75d312,SILVER,ARCHIVE_MONTH_END,archived.provider_education_provision,silver.provider_education_provision,311,311,0.0,,2026-08-21 09:56:42.074687,78a97d6e-b4bb-4909-9c22-e6a69f27f6ac
b97006cc-a045-41e7-9298-bbb73ae73cdb,SILVER,ARCHIVE_MONTH_END,archived.provider_education_provision,silver.provider_education_provision,789,789,0.0,,2026-08-23 09:02:24.204066,7619fd90-8c9b-40b7-896b-a9d8a7053876
dc5834a6-f5e4-433e-aaee-7c9a683ceb73,ARCHIVE,ARCHIVE_FILE,Files/archive_unzipped/2026-07-22/audit/jun26/2026-06-05.csv,archived.audit,284,284,0.0,,2026-08-06 05:44:25.188548,
dc5834a6-f5e4-433e-aaee-7c9a683ceb73,ARCHIVE,ARCHIVE_FILE,Files/archive_unzipped/2026-08-04/audit/jul26/2026-07-02.csv,archived.audit,548,548,0.0,,2026-08-06 07:04:23.501885,
dc5834a6-f5e4-433e-aaee-7c9a683ceb73,ARCHIVE,ARCHIVE_FILE,Files/archive_unzipped/2026-07-14/audit/jun26/2026-06-01.csv,archived.audit,178,178,0.0,,2026-08-06 06:52:58.663130,
dc5834a6-f5e4-433e-aaee-7c9a683ceb73,ARCHIVE,ARCHIVE_FILE,Files/archive_unzipped/2026-07-25/audit/jun26/2026-06-09.csv,archived.audit,573,573,0.0,,2026-08-06 08:16:44.808297,
dc5834a6-f5e4-433e-aaee-7c9a683ceb73,ARCHIVE,ARCHIVE_FILE,Files/archive_unzipped/2026-07-27/audit/jun26/2026-06-04.csv,archived.audit,678,678,0.0,,2026-08-06 01:59:39.626951,
dc5834a6-f5e4-433e-aaee-7c9a683ceb73,ARCHIVE,ARCHIVE_FILE,Files/archive_unzipped/2026-07-01/audit/jun26/2026-06-03.csv,archived.audit,189,189,0.0,,2026-08-06 04:28:32.658823,
dc5834a6-f5e4-433e-aaee-7c9a683ceb73,ARCHIVE,ARCHIVE_FILE,Files/archive_unzipped/2026-07-18/audit/jun26/2026-06-02.csv,archived.audit,114,114,0.0,,2026-08-06 01:48:16.122657,
dc5834a6-f5e4-433e-aaee-7c9a683ceb73,ARCHIVE,ARCHIVE_FILE,Files/archive_unzipped/2026-08-05/audit/jul26/2026-07-20.csv,archived.audit,862,862,0.0,,2026-08-06 02:10:34.336352,
dc5834a6-f5e4-433e-aaee-7c9a683ceb73,ARCHIVE,ARCHIVE_FILE,Files/archive_unzipped/2026-07-07/audit/jun26/2026-06-03.csv,archived.audit,189,189,0.0,,2026-08-06 02:25:33.774678,
dc5834a6-f5e4-433e-aaee-7c9a683ceb73,ARCHIVE,ARCHIVE_FILE,Files/archive_unzipped/2026-06-30/audit/may26/2026-05-15.csv,archived.audit,688,688,0.0,,2026-08-06 02:30:21.692688,
dc5834a6-f5e4-433e-aaee-7c9a683ceb73,ARCHIVE,ARCHIVE_FILE,Files/archive_unzipped/2026-07-27/audit/jun26/2026-06-02.csv,archived.audit,114,114,0.0,,2026-08-06 03:21:06.110232,
dc5834a6-f5e4-433e-aaee-7c9a683ceb73,ARCHIVE,ARCHIVE_FILE,Files/archive_unzipped/2026-07-25/audit/jun26/2026-06-25.csv,archived.audit,563,563,0.0,,2026-08-06 06:01:04.033641,
dc5834a6-f5e4-433e-aaee-7c9a683ceb73,ARCHIVE,ARCHIVE_FILE,Files/archive_unzipped/2026-07-28/audit/jun26/2026-06-26.csv,archived.audit,107,107,0.0,,2026-08-06 07:42:09.837643,
dc5834a6-f5e4-433e-aaee-7c9a683ceb73,ARCHIVE,ARCHIVE_FILE,Files/archive_unzipped/2026-07-14/audit/jun26/2026-06-18.csv,archived.audit,329,329,0.0,,2026-08-06 07:24:58.274418,
dc5834a6-f5e4-433e-aaee-7c9a683ceb73,ARCHIVE,ARCHIVE_FILE,Files/archive_unzipped/2026-08-01/audit/jul26/2026-07-20.csv,archived.audit,862,862,0.0,,2026-08-06 07:01:40.203251,
dc5834a6-f5e4-433e-aaee-7c9a683ceb73,ARCHIVE,ARCHIVE_FILE,Files/archive_unzipped/2026-07-29/audit/jun26/2026-06-03.csv,archived.audit,189,189,0.0,,2026-08-06 01:02:27.364303,
dc5834a6-f5e4-433e-aaee-7c9a683ceb73,ARCHIVE,ARCHIVE_FILE,Files/archive_unzipped/2026-07-03/audit/jun26/2026-06-05.csv,archived.audit,284,284,0.0,,2026-08-06 00:09:46.591901,
dc5834a6-f5e4-433e-aaee-7c9a683ceb73,ARCHIVE,ARCHIVE_FILE,Files/archive_unzipped/2026-07-01/audit/may26/2026-05-14.csv,archived.audit,352,352,0.0,,2026-08-06 04:22:32.831901,
dc5834a6-f5e4-433e-aaee-7c9a683ceb73,ARCHIVE,ARCHIVE_FILE,Files/archive_unzipped/2026-07-04/audit/jun26/2026-06-23.csv,archived.audit,348,348,0.0,,2026-08-06 00:51:14.379781,
dc5834a6-f5e4-433e-aaee-7c9a683ceb73,ARCHIVE,ARCHIVE_FILE,Files/archive_unzipped/2026-07-27/audit/jun26/2026-06-18.csv,archived.audit,329,329,0.0,,2026-08-06 04:09:43.690451,
dc5834a6-f5e4-433e-aaee-7c9a683ceb73,ARCHIVE,ARCHIVE_FILE,Files/archive_unzipped/2026-07-19/audit/jun26/2026-06-17.csv,archived.audit,705,705,0.0,,2026-08-06 04:52:38.941505,
dc5834a6-f5e4-433e-aaee-7c9a683ceb73,ARCHIVE,ARCHIVE_FILE,Files/archive_unzipped/2026-07-30/audit/jun26/2026-06-24.csv,archived.audit,392,392,0.0,,2026-08-06 05:55:10.038689,
dc5834a6-f5e4-433e-aaee-7c9a683ceb73,ARCHIVE,ARCHIVE_FILE,Files/archive_unzipped/2026-07-16/audit/jun26/2026-06-09.csv,archived.audit,573,573,0.0,,2026-08-06 05:28:31.511883,
dc5834a6-f5e4-433e-aaee-7c9a683ceb73,ARCHIVE,ARCHIVE_FILE,Files/archive_unzipped/2026-07-11/audit/jun26/2026-06-26.csv,archived.audit,107,107,0.0,,2026-08-06 06:08:02.136967,
dc5834a6-f5e4-433e-aaee-7c9a683ceb73,ARCHIVE,ARCHIVE_FILE,Files/archive_unzipped/2026-07-19/audit/jun26/2026-06-30.csv,archived.audit,183,183,0.0,,2026-08-06 06:59:35.233189,
dc5834a6-f5e4-433e-aaee-7c9a683ceb73,ARCHIVE,ARCHIVE_FILE,Files/archive_unzipped/2026-07-11/audit/jun26/2026-06-12.csv,archived.audit,446,446,0.0,,2026-08-06 05:05:57.853961,
dc5834a6-f5e4-433e-aaee-7c9a683ceb73,ARCHIVE,ARCHIVE_FILE,Files/archive_unzipped/2026-07-16/audit/jun26/2026-06-15.csv,archived.audit,345,345,0.0,,2026-08-06 05:08:15.011320,
dc5834a6-f5e4-433e-aaee-7c9a683ceb73,ARCHIVE,ARCHIVE_FILE,Files/archive_unzipped/2026-07-29/audit/jun26/2026-06-16.csv,archived.audit,329,329,0.0,,2026-08-06 08:01:30.351948,
dc5834a6-f5e4-433e-aaee-7c9a683ceb73,ARCHIVE,ARCHIVE_FILE,Files/archive_unzipped/2026-07-20/audit/jun26/2026-06-19.csv,archived.audit,506,506,0.0,,2026-08-06 08:27:26.457914,
dc5834a6-f5e4-433e-aaee-7c9a683ceb73,ARCHIVE,ARCHIVE_FILE,Files/archive_unzipped/2026-07-20/audit/jun26/2026-06-23.csv,archived.audit,348,348,0.0,,2026-08-06 01:58:56.124672,
dc5834a6-f5e4-433e-aaee-7c9a683ceb73,ARCHIVE,ARCHIVE_FILE,Files/archive_unzipped/2026-07-15/audit/jun26/2026-06-30.csv,archived.audit,183,183,0.0,,2026-08-06 02:49:11.675768,
dc5834a6-f5e4-433e-aaee-7c9a683ceb73,ARCHIVE,ARCHIVE_FILE,Files/archive_unzipped/2026-07-22/audit/jun26/2026-06-10.csv,archived.audit,309,309,0.0,,2026-08-06 01:14:43.216672,
bd45fedb-2ec9-4318-b19b-b63ac5b8d2d3,SILVER,ARCHIVE_MONTH_END,archived.ipa_child,silver.slv_ipa_child,8,8,0.0,,2026-08-19 10:29:21.910003,
99a4d35f-574f-477e-aaf4-15681100f9ce,SILVER,ARCHIVE_MONTH_END,archived.ipa_child,silver.slv_ipa_child,3,3,0.0,,2026-08-19 16:00:14.532135,
99a4d35f-574f-477e-aaf4-15681100f9ce,SILVER,ARCHIVE_MONTH_END,archived.framework,silver.slv_framework,3,3,0.0,,2026-08-19 15:49:51.674568,
10b2023d-51a0-48c6-828f-9e0fc96c49c6,SILVER,ARCHIVE_MONTH_END,archived.framework,silver.slv_framework,3,3,0.0,,2026-08-20 07:32:48.682374,
6b7d4b98-0f12-4efe-8c79-7680ae979f28,SILVER,ARCHIVE_MONTH_END,archived.ipa_child,silver.slv_ipa_child,8,8,0.0,,2026-08-05 15:07:18.545757,
bd45fedb-2ec9-4318-b19b-b63ac5b8d2d3,SILVER,ARCHIVE_MONTH_END,archived.framework,silver.slv_framework,3,3,0.0,,2026-08-19 09:55:21.586975,
91566f2f-f4e5-489f-be9f-dca931de3857,SILVER,ARCHIVE_MONTH_END,archived.ipa_child,silver.slv_ipa_child,8,8,0.0,,2026-08-19 21:31:39.834740,
ad3955df-1bd4-4ab2-b48c-83b0dfdf54a1,SILVER,ARCHIVE_MONTH_END,archived.framework,silver.slv_framework,3,3,0.0,,2026-08-20 09:45:15.296752,
bd45fedb-2ec9-4318-b19b-b63ac5b8d2d3,SILVER,ARCHIVE_MONTH_END,archived.framework,silver.slv_framework,3,3,0.0,,2026-08-19 10:17:50.709821,
b8741d57-b7d4-48ea-be4a-8f820b3ccada,SILVER,ARCHIVE_MONTH_END,archived.ipa_child,silver.slv_ipa_child,8,8,0.0,,2026-08-05 16:35:21.133655,
574223db-5a5e-4c8a-8bc4-a2e1f4664151,SILVER,ARCHIVE_MONTH_END,archived.framework,silver.slv_framework,3,3,0.0,,2026-08-18 10:02:16.317491,
5493dec2-467d-4993-8ad0-e2930151fd9b,SILVER,ARCHIVE_MONTH_END,archived.framework,silver.slv_framework,3,3,0.0,,2026-08-16 20:28:10.110207,
bd45fedb-2ec9-4318-b19b-b63ac5b8d2d3,SILVER,ARCHIVE_MONTH_END,archived.framework,silver.slv_framework,3,3,0.0,,2026-08-19 09:41:59.556490,
bd45fedb-2ec9-4318-b19b-b63ac5b8d2d3,SILVER,ARCHIVE_MONTH_END,archived.ipa_child,silver.slv_ipa_child,3,3,0.0,,2026-08-19 10:06:51.819611,
91566f2f-f4e5-489f-be9f-dca931de3857,SILVER,ARCHIVE_MONTH_END,archived.framework,silver.slv_framework,3,3,0.0,,2026-08-19 21:20:11.501190,
6b7d4b98-0f12-4efe-8c79-7680ae979f28,SILVER,ARCHIVE_MONTH_END,archived.ipa_child,silver.slv_ipa_child,8,8,0.0,,2026-08-05 15:48:53.927019,
4a4bbcc2-6c72-4e33-b176-b324b2fb7719,SILVER,ARCHIVE,archived.provider_home,silver.slv_provider_home,2108,2108,0.0,,2026-08-04 22:26:40.160084,
4a4bbcc2-6c72-4e33-b176-b324b2fb7719,SILVER,ARCHIVE,archived.provider_home,silver.slv_provider_home,2092,2092,0.0,,2026-08-04 22:15:09.905523,
4a4bbcc2-6c72-4e33-b176-b324b2fb7719,SILVER,ARCHIVE,archived.provider_home,silver.slv_provider_home,2093,2093,0.0,,2026-08-04 22:21:05.527712,
4a4bbcc2-6c72-4e33-b176-b324b2fb7719,SILVER,ARCHIVE,archived.provider_home,silver.slv_provider_home,2092,2092,0.0,,2026-08-04 22:09:09.842126,
6b7d4b98-0f12-4efe-8c79-7680ae979f28,SILVER,ARCHIVE_MONTH_END,archived.provider,silver.slv_provider,602,602,0.0,,2026-08-05 15:09:27.841246,
9e12a2ba-253f-4f84-a662-c39f8ec708f1,SILVER,ARCHIVE_MONTH_END,archived.provider,silver.slv_provider,472,472,0.0,,2026-08-16 14:51:37.295351,
5493dec2-467d-4993-8ad0-e2930151fd9b,SILVER,ARCHIVE_MONTH_END,archived.provider,silver.slv_provider,472,472,0.0,,2026-08-16 20:29:34.225694,
91566f2f-f4e5-489f-be9f-dca931de3857,SILVER,ARCHIVE_MONTH_END,archived.referral,silver.slv_referral,223,223,0.0,,2026-08-19 21:21:05.223813,
ad3955df-1bd4-4ab2-b48c-83b0dfdf54a1,SILVER,ARCHIVE_MONTH_END,archived.provider,silver.slv_provider,678,678,0.0,,2026-08-20 09:47:30.904961,
10b2023d-51a0-48c6-828f-9e0fc96c49c6,SILVER,ARCHIVE_MONTH_END,archived.provider,silver.slv_provider,650,650,0.0,,2026-08-20 07:35:13.579801,
8d44d03e-b128-47a7-95b9-1db889b71c93,SILVER,ARCHIVE_MONTH_END,archived.provider,silver.slv_provider,472,472,0.0,,2026-08-06 21:23:42.710833,
99a4d35f-574f-477e-aaf4-15681100f9ce,SILVER,ARCHIVE_MONTH_END,archived.provider,silver.slv_provider,549,549,0.0,,2026-08-19 15:51:33.768901,
b8741d57-b7d4-48ea-be4a-8f820b3ccada,SILVER,ARCHIVE_MONTH_END,archived.referral,silver.slv_referral,223,223,0.0,,2026-08-05 16:42:58.776752,
bd45fedb-2ec9-4318-b19b-b63ac5b8d2d3,SILVER,ARCHIVE_MONTH_END,archived.provider,silver.slv_provider,602,602,0.0,,2026-08-19 10:19:52.999636,
32478996-e44a-496f-bbeb-db401fb4962e,SILVER,ARCHIVE_MONTH_END,archived.provider,silver.slv_provider,472,472,0.0,,2026-08-12 22:31:43.322882,
10b2023d-51a0-48c6-828f-9e0fc96c49c6,SILVER,ARCHIVE_MONTH_END,archived.referral,silver.slv_referral,507,507,0.0,,2026-08-20 07:34:09.911861,
f500acd5-ceed-482d-8a90-6af3cd75d312,SILVER,ARCHIVE_MONTH_END,archived.provider_home_spot_category,silver.provider_home_spot_category,1692,1692,0.0,,2026-08-21 09:58:15.688246,78a97d6e-b4bb-4909-9c22-e6a69f27f6ac
b97006cc-a045-41e7-9298-bbb73ae73cdb,SILVER,ARCHIVE_MONTH_END,archived.provider_home_spot_category,silver.provider_home_spot_category,1032,1032,0.0,,2026-08-23 09:04:43.758912,7619fd90-8c9b-40b7-896b-a9d8a7053876
dc5834a6-f5e4-433e-aaee-7c9a683ceb73,ARCHIVE,ARCHIVE_FILE,Files/archive_unzipped/2026-07-15/audit/jun26/2026-06-26.csv,archived.audit,107,107,0.0,,2026-08-06 04:25:03.856858,
dc5834a6-f5e4-433e-aaee-7c9a683ceb73,ARCHIVE,ARCHIVE_FILE,Files/archive_unzipped/2026-07-08/audit/jun26/2026-06-16.csv,archived.audit,329,329,0.0,,2026-08-06 00:24:03.051272,
dc5834a6-f5e4-433e-aaee-7c9a683ceb73,ARCHIVE,ARCHIVE_FILE,Files/archive_unzipped/2026-07-03/audit/jun26/2026-06-24.csv,archived.audit,392,392,0.0,,2026-08-06 01:00:43.381017,
dc5834a6-f5e4-433e-aaee-7c9a683ceb73,ARCHIVE,ARCHIVE_FILE,Files/archive_unzipped/2026-07-01/audit/jun26/2026-06-23.csv,archived.audit,348,348,0.0,,2026-08-06 03:24:01.626180,
dc5834a6-f5e4-433e-aaee-7c9a683ceb73,ARCHIVE,ARCHIVE_FILE,Files/archive_unzipped/2026-07-05/audit/jun26/2026-06-18.csv,archived.audit,329,329,0.0,,2026-08-06 02:58:49.859406,
dc5834a6-f5e4-433e-aaee-7c9a683ceb73,ARCHIVE,ARCHIVE_FILE,Files/archive_unzipped/2026-07-23/audit/jun26/2026-06-29.csv,archived.audit,561,561,0.0,,2026-08-06 01:29:36.314561,
dc5834a6-f5e4-433e-aaee-7c9a683ceb73,ARCHIVE,ARCHIVE_FILE,Files/archive_unzipped/2026-07-16/audit/jun26/2026-06-16.csv,archived.audit,329,329,0.0,,2026-08-06 00:44:34.149466,
dc5834a6-f5e4-433e-aaee-7c9a683ceb73,ARCHIVE,ARCHIVE_FILE,Files/archive_unzipped/2026-07-16/audit/jun26/2026-06-19.csv,archived.audit,506,506,0.0,,2026-08-06 07:51:31.482872,
dc5834a6-f5e4-433e-aaee-7c9a683ceb73,ARCHIVE,ARCHIVE_FILE,Files/archive_unzipped/2026-07-09/audit/jun26/2026-06-18.csv,archived.audit,329,329,0.0,,2026-08-06 05:27:31.583722,
dc5834a6-f5e4-433e-aaee-7c9a683ceb73,ARCHIVE,ARCHIVE_FILE,Files/archive_unzipped/2026-07-18/audit/jun26/2026-06-03.csv,archived.audit,189,189,0.0,,2026-08-06 06:17:53.530780,
dc5834a6-f5e4-433e-aaee-7c9a683ceb73,ARCHIVE,ARCHIVE_FILE,Files/archive_unzipped/2026-07-10/audit/jun26/2026-06-18.csv,archived.audit,329,329,0.0,,2026-08-06 08:25:51.164384,
dc5834a6-f5e4-433e-aaee-7c9a683ceb73,ARCHIVE,ARCHIVE_FILE,Files/archive_unzipped/2026-07-18/audit/jun26/2026-06-05.csv,archived.audit,284,284,0.0,,2026-08-06 01:09:19.675415,
dc5834a6-f5e4-433e-aaee-7c9a683ceb73,ARCHIVE,ARCHIVE_FILE,Files/archive_unzipped/2026-07-31/audit/jun26/2026-06-10.csv,archived.audit,309,309,0.0,,2026-08-06 02:04:32.723063,
dc5834a6-f5e4-433e-aaee-7c9a683ceb73,ARCHIVE,ARCHIVE_FILE,Files/archive_unzipped/2026-07-30/audit/jun26/2026-06-08.csv,archived.audit,661,661,0.0,,2026-08-06 02:09:14.773445,
dc5834a6-f5e4-433e-aaee-7c9a683ceb73,ARCHIVE,ARCHIVE_FILE,Files/archive_unzipped/2026-07-03/audit/jun26/2026-06-04.csv,archived.audit,678,678,0.0,,2026-08-06 01:28:31.869968,
dc5834a6-f5e4-433e-aaee-7c9a683ceb73,ARCHIVE,ARCHIVE_FILE,Files/archive_unzipped/2026-07-20/audit/jun26/2026-06-04.csv,archived.audit,678,678,0.0,,2026-08-06 03:40:01.852785,
dc5834a6-f5e4-433e-aaee-7c9a683ceb73,ARCHIVE,ARCHIVE_FILE,Files/archive_unzipped/2026-08-04/audit/jul26/2026-07-20.csv,archived.audit,862,862,0.0,,2026-08-06 00:35:56.117634,
dc5834a6-f5e4-433e-aaee-7c9a683ceb73,ARCHIVE,ARCHIVE_FILE,Files/archive_unzipped/2026-08-01/audit/jul26/2026-07-02.csv,archived.audit,548,548,0.0,,2026-08-06 02:17:38.725255,
dc5834a6-f5e4-433e-aaee-7c9a683ceb73,ARCHIVE,ARCHIVE_FILE,Files/archive_unzipped/2026-07-08/audit/jun26/2026-06-15.csv,archived.audit,345,345,0.0,,2026-08-06 02:23:18.804813,
dc5834a6-f5e4-433e-aaee-7c9a683ceb73,ARCHIVE,ARCHIVE_FILE,Files/archive_unzipped/2026-07-10/audit/jun26/2026-06-04.csv,archived.audit,678,678,0.0,,2026-08-06 05:53:42.514146,
dc5834a6-f5e4-433e-aaee-7c9a683ceb73,ARCHIVE,ARCHIVE_FILE,Files/archive_unzipped/2026-07-30/audit/jun26/2026-06-22.csv,archived.audit,904,904,0.0,,2026-08-06 07:26:00.650113,
dc5834a6-f5e4-433e-aaee-7c9a683ceb73,ARCHIVE,ARCHIVE_FILE,Files/archive_unzipped/2026-08-03/audit/jul26/2026-07-20.csv,archived.audit,862,862,0.0,,2026-08-06 06:12:21.935608,
dc5834a6-f5e4-433e-aaee-7c9a683ceb73,ARCHIVE,ARCHIVE_FILE,Files/archive_unzipped/2026-07-01/audit/may26/2026-05-07.csv,archived.audit,100,100,0.0,,2026-08-06 07:28:31.538668,
dc5834a6-f5e4-433e-aaee-7c9a683ceb73,ARCHIVE,ARCHIVE_FILE,Files/archive_unzipped/2026-07-31/audit/jun26/2026-06-01.csv,archived.audit,178,178,0.0,,2026-08-06 00:34:57.671854,
dc5834a6-f5e4-433e-aaee-7c9a683ceb73,ARCHIVE,ARCHIVE_FILE,Files/archive_unzipped/2026-08-02/audit/jul26/2026-07-04.csv,archived.audit,227,227,0.0,,2026-08-06 01:27:30.565700,
dc5834a6-f5e4-433e-aaee-7c9a683ceb73,ARCHIVE,ARCHIVE_FILE,Files/archive_unzipped/2026-07-06/audit/jun26/2026-06-26.csv,archived.audit,107,107,0.0,,2026-08-06 03:37:55.657698,
dc5834a6-f5e4-433e-aaee-7c9a683ceb73,ARCHIVE,ARCHIVE_FILE,Files/archive_unzipped/2026-07-23/audit/jun26/2026-06-25.csv,archived.audit,563,563,0.0,,2026-08-06 04:20:05.663572,
dc5834a6-f5e4-433e-aaee-7c9a683ceb73,ARCHIVE,ARCHIVE_FILE,Files/archive_unzipped/2026-07-12/audit/jun26/2026-06-02.csv,archived.audit,114,114,0.0,,2026-08-06 01:35:28.655757,
dc5834a6-f5e4-433e-aaee-7c9a683ceb73,ARCHIVE,ARCHIVE_FILE,Files/archive_unzipped/2026-07-30/audit/jun26/2026-06-11.csv,archived.audit,405,405,0.0,,2026-08-06 02:50:33.610684,
dc5834a6-f5e4-433e-aaee-7c9a683ceb73,ARCHIVE,ARCHIVE_FILE,Files/archive_unzipped/2026-07-26/audit/jun26/2026-06-24.csv,archived.audit,392,392,0.0,,2026-08-06 03:01:00.284133,
dc5834a6-f5e4-433e-aaee-7c9a683ceb73,ARCHIVE,ARCHIVE_FILE,Files/archive_unzipped/2026-07-06/audit/jun26/2026-06-24.csv,archived.audit,392,392,0.0,,2026-08-06 03:37:30.369430,
dc5834a6-f5e4-433e-aaee-7c9a683ceb73,ARCHIVE,ARCHIVE_FILE,Files/archive_unzipped/2026-07-26/audit/jun26/2026-06-25.csv,archived.audit,563,563,0.0,,2026-08-06 01:55:39.975097,
dc5834a6-f5e4-433e-aaee-7c9a683ceb73,ARCHIVE,ARCHIVE_FILE,Files/archive_unzipped/2026-07-17/audit/jun26/2026-06-26.csv,archived.audit,107,107,0.0,,2026-08-06 02:10:57.369771,
dc5834a6-f5e4-433e-aaee-7c9a683ceb73,ARCHIVE,ARCHIVE_FILE,Files/archive_unzipped/2026-07-01/audit/may26/2026-05-21.csv,archived.audit,396,396,0.0,,2026-08-06 00:23:38.862927,
dc5834a6-f5e4-433e-aaee-7c9a683ceb73,ARCHIVE,ARCHIVE_FILE,Files/archive_unzipped/2026-07-10/audit/jun26/2026-06-02.csv,archived.audit,114,114,0.0,,2026-08-06 01:26:46.758209,
dc5834a6-f5e4-433e-aaee-7c9a683ceb73,ARCHIVE,ARCHIVE_FILE,Files/archive_unzipped/2026-07-26/audit/jun26/2026-06-19.csv,archived.audit,506,506,0.0,,2026-08-06 01:44:23.196092,
dc5834a6-f5e4-433e-aaee-7c9a683ceb73,ARCHIVE,ARCHIVE_FILE,Files/archive_unzipped/2026-07-31/audit/jun26/2026-06-23.csv,archived.audit,348,348,0.0,,2026-08-06 00:23:16.121448,
dc5834a6-f5e4-433e-aaee-7c9a683ceb73,ARCHIVE,ARCHIVE_FILE,Files/archive_unzipped/2026-07-06/audit/jun26/2026-06-10.csv,archived.audit,309,309,0.0,,2026-08-06 04:30:53.615246,
dc5834a6-f5e4-433e-aaee-7c9a683ceb73,ARCHIVE,ARCHIVE_FILE,Files/archive_unzipped/2026-08-02/audit/jul26/2026-07-02.csv,archived.audit,548,548,0.0,,2026-08-06 04:06:39.352377,
dc5834a6-f5e4-433e-aaee-7c9a683ceb73,ARCHIVE,ARCHIVE_FILE,Files/archive_unzipped/2026-07-28/audit/jun26/2026-06-30.csv,archived.audit,183,183,0.0,,2026-08-06 02:08:27.695563,
dc5834a6-f5e4-433e-aaee-7c9a683ceb73,ARCHIVE,ARCHIVE_FILE,Files/archive_unzipped/2026-07-17/audit/jun26/2026-06-16.csv,archived.audit,329,329,0.0,,2026-08-06 08:00:19.773498,
dc5834a6-f5e4-433e-aaee-7c9a683ceb73,ARCHIVE,ARCHIVE_FILE,Files/archive_unzipped/2026-07-25/audit/jun26/2026-06-11.csv,archived.audit,405,405,0.0,,2026-08-06 07:18:56.064070,
dc5834a6-f5e4-433e-aaee-7c9a683ceb73,ARCHIVE,ARCHIVE_FILE,Files/archive_unzipped/2026-07-05/audit/jun26/2026-06-01.csv,archived.audit,178,178,0.0,,2026-08-06 05:33:11.011528,
dc5834a6-f5e4-433e-aaee-7c9a683ceb73,ARCHIVE,ARCHIVE_FILE,Files/archive_unzipped/2026-07-03/audit/jun26/2026-06-02.csv,archived.audit,114,114,0.0,,2026-08-06 07:43:37.243870,
dc5834a6-f5e4-433e-aaee-7c9a683ceb73,ARCHIVE,ARCHIVE_FILE,Files/archive_unzipped/2026-07-15/audit/jun26/2026-06-29.csv,archived.audit,561,561,0.0,,2026-08-06 05:40:31.947674,
dc5834a6-f5e4-433e-aaee-7c9a683ceb73,ARCHIVE,ARCHIVE_FILE,Files/archive_unzipped/2026-08-05/audit/jul26/2026-07-03.csv,archived.audit,580,580,0.0,,2026-08-06 01:25:19.706583,
dc5834a6-f5e4-433e-aaee-7c9a683ceb73,ARCHIVE,ARCHIVE_FILE,Files/archive_unzipped/2026-07-11/audit/jun26/2026-06-17.csv,archived.audit,705,705,0.0,,2026-08-06 02:23:41.690010,
dc5834a6-f5e4-433e-aaee-7c9a683ceb73,ARCHIVE,ARCHIVE_FILE,Files/archive_unzipped/2026-07-10/audit/jun26/2026-06-05.csv,archived.audit,284,284,0.0,,2026-08-06 01:42:56.647434,
dc5834a6-f5e4-433e-aaee-7c9a683ceb73,ARCHIVE,ARCHIVE_FILE,Files/archive_unzipped/2026-07-23/audit/jun26/2026-06-17.csv,archived.audit,705,705,0.0,,2026-08-06 02:01:58.647721,
dc5834a6-f5e4-433e-aaee-7c9a683ceb73,ARCHIVE,ARCHIVE_FILE,Files/archive_unzipped/2026-07-09/audit/jun26/2026-06-19.csv,archived.audit,506,506,0.0,,2026-08-06 00:41:57.535534,
dc5834a6-f5e4-433e-aaee-7c9a683ceb73,ARCHIVE,ARCHIVE_FILE,Files/archive_unzipped/2026-07-09/audit/jun26/2026-06-25.csv,archived.audit,563,563,0.0,,2026-08-06 00:37:28.713601,
dc5834a6-f5e4-433e-aaee-7c9a683ceb73,ARCHIVE,ARCHIVE_FILE,Files/archive_unzipped/2026-07-22/audit/jun26/2026-06-23.csv,archived.audit,348,348,0.0,,2026-08-06 00:21:40.838757,
dc5834a6-f5e4-433e-aaee-7c9a683ceb73,ARCHIVE,ARCHIVE_FILE,Files/archive_unzipped/2026-07-31/audit/jun26/2026-06-11.csv,archived.audit,405,405,0.0,,2026-08-06 04:38:33.767401,
dc5834a6-f5e4-433e-aaee-7c9a683ceb73,ARCHIVE,ARCHIVE_FILE,Files/archive_unzipped/2026-07-16/audit/jun26/2026-06-29.csv,archived.audit,561,561,0.0,,2026-08-06 00:21:19.641618,
dc5834a6-f5e4-433e-aaee-7c9a683ceb73,ARCHIVE,ARCHIVE_FILE,Files/archive_unzipped/2026-07-02/audit/jun26/2026-06-08.csv,archived.audit,661,661,0.0,,2026-08-06 06:51:23.473781,
dc5834a6-f5e4-433e-aaee-7c9a683ceb73,ARCHIVE,ARCHIVE_FILE,Files/archive_unzipped/2026-07-17/audit/jun26/2026-06-04.csv,archived.audit,678,678,0.0,,2026-08-06 08:16:04.936754,
dc5834a6-f5e4-433e-aaee-7c9a683ceb73,ARCHIVE,ARCHIVE_FILE,Files/archive_unzipped/2026-07-27/audit/jun26/2026-06-11.csv,archived.audit,405,405,0.0,,2026-08-06 02:36:50.190424,
dc5834a6-f5e4-433e-aaee-7c9a683ceb73,ARCHIVE,ARCHIVE_FILE,Files/archive_unzipped/2026-07-05/audit/jun26/2026-06-04.csv,archived.audit,678,678,0.0,,2026-08-06 00:44:52.785116,
dc5834a6-f5e4-433e-aaee-7c9a683ceb73,ARCHIVE,ARCHIVE_FILE,Files/archive_unzipped/2026-07-05/audit/jun26/2026-06-16.csv,archived.audit,329,329,0.0,,2026-08-06 02:06:30.438066,
dc5834a6-f5e4-433e-aaee-7c9a683ceb73,ARCHIVE,ARCHIVE_FILE,Files/archive_unzipped/2026-07-13/audit/jun26/2026-06-09.csv,archived.audit,573,573,0.0,,2026-08-06 00:55:23.729005,
dc5834a6-f5e4-433e-aaee-7c9a683ceb73,ARCHIVE,ARCHIVE_FILE,Files/archive_unzipped/2026-07-22/audit/jun26/2026-06-24.csv,archived.audit,392,392,0.0,,2026-08-06 00:59:31.420270,
dc5834a6-f5e4-433e-aaee-7c9a683ceb73,ARCHIVE,ARCHIVE_FILE,Files/archive_unzipped/2026-07-16/audit/jun26/2026-06-05.csv,archived.audit,284,284,0.0,,2026-08-06 01:03:49.334035,
dc5834a6-f5e4-433e-aaee-7c9a683ceb73,ARCHIVE,ARCHIVE_FILE,Files/archive_unzipped/2026-07-02/audit/jun26/2026-06-12.csv,archived.audit,446,446,0.0,,2026-08-06 03:29:04.000231,
dc5834a6-f5e4-433e-aaee-7c9a683ceb73,ARCHIVE,ARCHIVE_FILE,Files/archive_unzipped/2026-07-07/audit/jun26/2026-06-11.csv,archived.audit,405,405,0.0,,2026-08-06 00:06:29.170076,
dc5834a6-f5e4-433e-aaee-7c9a683ceb73,ARCHIVE,ARCHIVE_FILE,Files/archive_unzipped/2026-07-05/audit/jun26/2026-06-29.csv,archived.audit,561,561,0.0,,2026-08-06 02:18:50.265654,
dc5834a6-f5e4-433e-aaee-7c9a683ceb73,ARCHIVE,ARCHIVE_FILE,Files/archive_unzipped/2026-07-18/audit/jun26/2026-06-26.csv,archived.audit,107,107,0.0,,2026-08-06 01:01:02.467125,
dc5834a6-f5e4-433e-aaee-7c9a683ceb73,ARCHIVE,ARCHIVE_FILE,Files/archive_unzipped/2026-07-22/audit/jun26/2026-06-17.csv,archived.audit,705,705,0.0,,2026-08-06 00:16:32.172711,
dc5834a6-f5e4-433e-aaee-7c9a683ceb73,ARCHIVE,ARCHIVE_FILE,Files/archive_unzipped/2026-07-07/audit/jun26/2026-06-24.csv,archived.audit,392,392,0.0,,2026-08-06 01:26:24.994352,
dc5834a6-f5e4-433e-aaee-7c9a683ceb73,ARCHIVE,ARCHIVE_FILE,Files/archive_unzipped/2026-07-31/audit/jun26/2026-06-30.csv,archived.audit,183,183,0.0,,2026-08-06 05:51:46.141594,
dc5834a6-f5e4-433e-aaee-7c9a683ceb73,ARCHIVE,ARCHIVE_FILE,Files/archive_unzipped/2026-07-01/audit/may26/2026-05-28.csv,archived.audit,226,226,0.0,,2026-08-06 06:39:42.832965,
dc5834a6-f5e4-433e-aaee-7c9a683ceb73,ARCHIVE,ARCHIVE_FILE,Files/archive_unzipped/2026-07-25/audit/jun26/2026-06-17.csv,archived.audit,705,705,0.0,,2026-08-06 08:04:18.652267,
dc5834a6-f5e4-433e-aaee-7c9a683ceb73,ARCHIVE,ARCHIVE_FILE,Files/archive_unzipped/2026-08-01/audit/jul26/2026-07-04.csv,archived.audit,227,227,0.0,,2026-08-06 07:49:48.199564,
dc5834a6-f5e4-433e-aaee-7c9a683ceb73,ARCHIVE,ARCHIVE_FILE,Files/archive_unzipped/2026-07-22/audit/jun26/2026-06-15.csv,archived.audit,345,345,0.0,,2026-08-06 06:30:28.147156,
dc5834a6-f5e4-433e-aaee-7c9a683ceb73,ARCHIVE,ARCHIVE_FILE,Files/archive_unzipped/2026-07-12/audit/jun26/2026-06-18.csv,archived.audit,329,329,0.0,,2026-08-06 07:57:30.869906,
dc5834a6-f5e4-433e-aaee-7c9a683ceb73,ARCHIVE,ARCHIVE_FILE,Files/archive_unzipped/2026-07-24/audit/jun26/2026-06-05.csv,archived.audit,284,284,0.0,,2026-08-06 06:30:57.454856,
dc5834a6-f5e4-433e-aaee-7c9a683ceb73,ARCHIVE,ARCHIVE_FILE,Files/archive_unzipped/2026-07-30/audit/jun26/2026-06-12.csv,archived.audit,446,446,0.0,,2026-08-06 01:18:11.006103,
dc5834a6-f5e4-433e-aaee-7c9a683ceb73,ARCHIVE,ARCHIVE_FILE,Files/archive_unzipped/2026-07-18/audit/jun26/2026-06-25.csv,archived.audit,563,563,0.0,,2026-08-06 01:17:07.524542,
dc5834a6-f5e4-433e-aaee-7c9a683ceb73,ARCHIVE,ARCHIVE_FILE,Files/archive_unzipped/2026-07-22/audit/jun26/2026-06-18.csv,archived.audit,329,329,0.0,,2026-08-06 04:25:34.257851,
dc5834a6-f5e4-433e-aaee-7c9a683ceb73,ARCHIVE,ARCHIVE_FILE,Files/archive_unzipped/2026-07-19/audit/jun26/2026-06-29.csv,archived.audit,561,561,0.0,,2026-08-06 02:50:07.888091,
dc5834a6-f5e4-433e-aaee-7c9a683ceb73,ARCHIVE,ARCHIVE_FILE,Files/archive_unzipped/2026-07-30/audit/jun26/2026-06-19.csv,archived.audit,506,506,0.0,,2026-08-06 01:29:56.538764,
dc5834a6-f5e4-433e-aaee-7c9a683ceb73,ARCHIVE,ARCHIVE_FILE,Files/archive_unzipped/2026-07-06/audit/jun26/2026-06-16.csv,archived.audit,329,329,0.0,,2026-08-06 02:30:46.719223,
dc5834a6-f5e4-433e-aaee-7c9a683ceb73,ARCHIVE,ARCHIVE_FILE,Files/archive_unzipped/2026-07-08/audit/jun26/2026-06-12.csv,archived.audit,446,446,0.0,,2026-08-06 00:45:10.927606,
dc5834a6-f5e4-433e-aaee-7c9a683ceb73,ARCHIVE,ARCHIVE_FILE,Files/archive_unzipped/2026-07-28/audit/jun26/2026-06-29.csv,archived.audit,561,561,0.0,,2026-08-06 02:32:22.979815,
dc5834a6-f5e4-433e-aaee-7c9a683ceb73,ARCHIVE,ARCHIVE_FILE,Files/archive_unzipped/2026-07-02/audit/jun26/2026-06-02.csv,archived.audit,114,114,0.0,,2026-08-06 04:29:25.760935,
dc5834a6-f5e4-433e-aaee-7c9a683ceb73,ARCHIVE,ARCHIVE_FILE,Files/archive_unzipped/2026-06-30/audit/may26/2026-05-27.csv,archived.audit,463,463,0.0,,2026-08-06 05:31:15.302182,
dc5834a6-f5e4-433e-aaee-7c9a683ceb73,ARCHIVE,ARCHIVE_FILE,Files/archive_unzipped/2026-08-01/audit/jul26/2026-07-31.csv,archived.audit,639,639,0.0,,2026-08-06 07:23:53.035256,
dc5834a6-f5e4-433e-aaee-7c9a683ceb73,ARCHIVE,ARCHIVE_FILE,Files/archive_unzipped/2026-07-24/audit/jun26/2026-06-03.csv,archived.audit,189,189,0.0,,2026-08-06 05:18:41.315581,
dc5834a6-f5e4-433e-aaee-7c9a683ceb73,ARCHIVE,ARCHIVE_FILE,Files/archive_unzipped/2026-07-30/audit/jun26/2026-06-10.csv,archived.audit,309,309,0.0,,2026-08-06 05:02:40.633387,
dc5834a6-f5e4-433e-aaee-7c9a683ceb73,ARCHIVE,ARCHIVE_FILE,Files/archive_unzipped/2026-07-01/audit/jun26/2026-06-05.csv,archived.audit,284,284,0.0,,2026-08-06 07:02:15.230115,
dc5834a6-f5e4-433e-aaee-7c9a683ceb73,ARCHIVE,ARCHIVE_FILE,Files/archive_unzipped/2026-07-07/audit/jun26/2026-06-23.csv,archived.audit,348,348,0.0,,2026-08-06 05:20:07.059365,
dc5834a6-f5e4-433e-aaee-7c9a683ceb73,ARCHIVE,ARCHIVE_FILE,Files/archive_unzipped/2026-07-13/audit/jun26/2026-06-08.csv,archived.audit,661,661,0.0,,2026-08-06 05:01:47.125671,
dc5834a6-f5e4-433e-aaee-7c9a683ceb73,ARCHIVE,ARCHIVE_FILE,Files/archive_unzipped/2026-07-26/audit/jun26/2026-06-22.csv,archived.audit,904,904,0.0,,2026-08-06 06:26:22.562379,
dc5834a6-f5e4-433e-aaee-7c9a683ceb73,ARCHIVE,ARCHIVE_FILE,Files/archive_unzipped/2026-07-05/audit/jun26/2026-06-24.csv,archived.audit,392,392,0.0,,2026-08-06 08:23:19.572425,
dc5834a6-f5e4-433e-aaee-7c9a683ceb73,ARCHIVE,ARCHIVE_FILE,Files/archive_unzipped/2026-07-25/audit/jun26/2026-06-29.csv,archived.audit,561,561,0.0,,2026-08-06 02:57:33.279802,
dc5834a6-f5e4-433e-aaee-7c9a683ceb73,ARCHIVE,ARCHIVE_FILE,Files/archive_unzipped/2026-07-08/audit/jun26/2026-06-01.csv,archived.audit,178,178,0.0,,2026-08-06 02:59:18.690263,
dc5834a6-f5e4-433e-aaee-7c9a683ceb73,ARCHIVE,ARCHIVE_FILE,Files/archive_unzipped/2026-07-31/audit/jun26/2026-06-08.csv,archived.audit,661,661,0.0,,2026-08-06 01:56:03.633688,
f500acd5-ceed-482d-8a90-6af3cd75d312,SILVER,ARCHIVE_MONTH_END,archived.referral_provider_message,silver.referral_provider_message,4922,4922,0.0,,2026-08-21 09:59:22.992176,78a97d6e-b4bb-4909-9c22-e6a69f27f6ac
dc5834a6-f5e4-433e-aaee-7c9a683ceb73,ARCHIVE,ARCHIVE_FILE,Files/archive_unzipped/2026-07-01/audit/jun26/2026-06-15.csv,archived.audit,345,345,0.0,,2026-08-06 06:19:21.935712,
dc5834a6-f5e4-433e-aaee-7c9a683ceb73,ARCHIVE,ARCHIVE_FILE,Files/archive_unzipped/2026-07-09/audit/jun26/2026-06-09.csv,archived.audit,573,573,0.0,,2026-08-06 05:15:13.120020,
dc5834a6-f5e4-433e-aaee-7c9a683ceb73,ARCHIVE,ARCHIVE_FILE,Files/archive_unzipped/2026-07-24/audit/jun26/2026-06-23.csv,archived.audit,348,348,0.0,,2026-08-06 01:41:50.173199,
dc5834a6-f5e4-433e-aaee-7c9a683ceb73,ARCHIVE,ARCHIVE_FILE,Files/archive_unzipped/2026-07-05/audit/jun26/2026-06-23.csv,archived.audit,348,348,0.0,,2026-08-06 01:08:39.714290,
7ae9b485-8c03-4c6e-a944-8b465d4d509d,ARCHIVE,ARCHIVE_FILE,Files/archive_unzipped/2026-07-18/audit/jun26/2026-06-23.csv,archived.audit,348,348,0.0,,2026-08-05 23:36:44.729628,
dc5834a6-f5e4-433e-aaee-7c9a683ceb73,ARCHIVE,ARCHIVE_FILE,Files/archive_unzipped/2026-07-24/audit/jun26/2026-06-22.csv,archived.audit,904,904,0.0,,2026-08-06 02:40:31.409022,
dc5834a6-f5e4-433e-aaee-7c9a683ceb73,ARCHIVE,ARCHIVE_FILE,Files/archive_unzipped/2026-07-08/audit/jun26/2026-06-25.csv,archived.audit,563,563,0.0,,2026-08-06 02:53:43.292920,
dc5834a6-f5e4-433e-aaee-7c9a683ceb73,ARCHIVE,ARCHIVE_FILE,Files/archive_unzipped/2026-07-25/audit/jun26/2026-06-02.csv,archived.audit,114,114,0.0,,2026-08-06 02:07:40.797393,
dc5834a6-f5e4-433e-aaee-7c9a683ceb73,ARCHIVE,ARCHIVE_FILE,Files/archive_unzipped/2026-07-25/audit/jun26/2026-06-12.csv,archived.audit,446,446,0.0,,2026-08-06 02:02:20.446394,
dc5834a6-f5e4-433e-aaee-7c9a683ceb73,ARCHIVE,ARCHIVE_FILE,Files/archive_unzipped/2026-07-29/audit/jun26/2026-06-04.csv,archived.audit,678,678,0.0,,2026-08-06 00:17:14.167528,
dc5834a6-f5e4-433e-aaee-7c9a683ceb73,ARCHIVE,ARCHIVE_FILE,Files/archive_unzipped/2026-07-08/audit/jun26/2026-06-30.csv,archived.audit,183,183,0.0,,2026-08-06 00:37:10.380440,
dc5834a6-f5e4-433e-aaee-7c9a683ceb73,ARCHIVE,ARCHIVE_FILE,Files/archive_unzipped/2026-07-06/audit/jun26/2026-06-22.csv,archived.audit,904,904,0.0,,2026-08-06 05:48:54.118196,
dc5834a6-f5e4-433e-aaee-7c9a683ceb73,ARCHIVE,ARCHIVE_FILE,Files/archive_unzipped/2026-07-22/audit/jun26/2026-06-12.csv,archived.audit,446,446,0.0,,2026-08-06 04:53:10.175482,
dc5834a6-f5e4-433e-aaee-7c9a683ceb73,ARCHIVE,ARCHIVE_FILE,Files/archive_unzipped/2026-07-21/audit/jun26/2026-06-26.csv,archived.audit,107,107,0.0,,2026-08-06 05:12:22.729876,
dc5834a6-f5e4-433e-aaee-7c9a683ceb73,ARCHIVE,ARCHIVE_FILE,Files/archive_unzipped/2026-07-05/audit/jun26/2026-06-15.csv,archived.audit,345,345,0.0,,2026-08-06 03:24:29.050369,
dc5834a6-f5e4-433e-aaee-7c9a683ceb73,ARCHIVE,ARCHIVE_FILE,Files/archive_unzipped/2026-07-20/audit/jun26/2026-06-05.csv,archived.audit,284,284,0.0,,2026-08-06 00:13:30.576345,
dc5834a6-f5e4-433e-aaee-7c9a683ceb73,ARCHIVE,ARCHIVE_FILE,Files/archive_unzipped/2026-07-27/audit/jun26/2026-06-03.csv,archived.audit,189,189,0.0,,2026-08-06 03:01:27.978515,
dc5834a6-f5e4-433e-aaee-7c9a683ceb73,ARCHIVE,ARCHIVE_FILE,Files/archive_unzipped/2026-07-17/audit/jun26/2026-06-22.csv,archived.audit,904,904,0.0,,2026-08-06 01:16:44.656138,
dc5834a6-f5e4-433e-aaee-7c9a683ceb73,ARCHIVE,ARCHIVE_FILE,Files/archive_unzipped/2026-07-29/audit/jun26/2026-06-01.csv,archived.audit,178,178,0.0,,2026-08-06 02:24:27.881450,
dc5834a6-f5e4-433e-aaee-7c9a683ceb73,ARCHIVE,ARCHIVE_FILE,Files/archive_unzipped/2026-07-14/audit/jun26/2026-06-25.csv,archived.audit,563,563,0.0,,2026-08-06 07:17:48.868670,
dc5834a6-f5e4-433e-aaee-7c9a683ceb73,ARCHIVE,ARCHIVE_FILE,Files/archive_unzipped/2026-07-15/audit/jun26/2026-06-02.csv,archived.audit,114,114,0.0,,2026-08-06 05:28:04.894728,
dc5834a6-f5e4-433e-aaee-7c9a683ceb73,ARCHIVE,ARCHIVE_FILE,Files/archive_unzipped/2026-07-08/audit/jun26/2026-06-03.csv,archived.audit,189,189,0.0,,2026-08-06 05:11:52.111717,
dc5834a6-f5e4-433e-aaee-7c9a683ceb73,ARCHIVE,ARCHIVE_FILE,Files/archive_unzipped/2026-07-11/audit/jun26/2026-06-18.csv,archived.audit,329,329,0.0,,2026-08-06 05:58:15.391328,
dc5834a6-f5e4-433e-aaee-7c9a683ceb73,ARCHIVE,ARCHIVE_FILE,Files/archive_unzipped/2026-07-26/audit/jun26/2026-06-18.csv,archived.audit,329,329,0.0,,2026-08-06 05:41:02.991905,
dc5834a6-f5e4-433e-aaee-7c9a683ceb73,ARCHIVE,ARCHIVE_FILE,Files/archive_unzipped/2026-07-18/audit/jun26/2026-06-01.csv,archived.audit,178,178,0.0,,2026-08-06 07:37:49.005497,
dc5834a6-f5e4-433e-aaee-7c9a683ceb73,ARCHIVE,ARCHIVE_FILE,Files/archive_unzipped/2026-07-21/audit/jun26/2026-06-30.csv,archived.audit,183,183,0.0,,2026-08-06 01:43:59.477279,
dc5834a6-f5e4-433e-aaee-7c9a683ceb73,ARCHIVE,ARCHIVE_FILE,Files/archive_unzipped/2026-06-30/audit/may26/2026-05-19.csv,archived.audit,291,291,0.0,,2026-08-06 01:54:31.923945,
dc5834a6-f5e4-433e-aaee-7c9a683ceb73,ARCHIVE,ARCHIVE_FILE,Files/archive_unzipped/2026-06-30/audit/may26/2026-05-14.csv,archived.audit,352,352,0.0,,2026-08-06 04:50:31.828201,
dc5834a6-f5e4-433e-aaee-7c9a683ceb73,ARCHIVE,ARCHIVE_FILE,Files/archive_unzipped/2026-08-03/audit/jul26/2026-07-24.csv,archived.audit,685,685,0.0,,2026-08-06 00:35:36.575302,
dc5834a6-f5e4-433e-aaee-7c9a683ceb73,ARCHIVE,ARCHIVE_FILE,Files/archive_unzipped/2026-07-23/audit/jun26/2026-06-02.csv,archived.audit,114,114,0.0,,2026-08-06 01:04:28.262446,
dc5834a6-f5e4-433e-aaee-7c9a683ceb73,ARCHIVE,ARCHIVE_FILE,Files/archive_unzipped/2026-07-27/audit/jun26/2026-06-25.csv,archived.audit,563,563,0.0,,2026-08-06 01:21:29.839465,
dc5834a6-f5e4-433e-aaee-7c9a683ceb73,ARCHIVE,ARCHIVE_FILE,Files/archive_unzipped/2026-07-12/audit/jun26/2026-06-25.csv,archived.audit,563,563,0.0,,2026-08-06 04:32:14.165324,
dc5834a6-f5e4-433e-aaee-7c9a683ceb73,ARCHIVE,ARCHIVE_FILE,Files/archive_unzipped/2026-07-26/audit/jun26/2026-06-04.csv,archived.audit,678,678,0.0,,2026-08-06 00:03:31.177653,
dc5834a6-f5e4-433e-aaee-7c9a683ceb73,ARCHIVE,ARCHIVE_FILE,Files/archive_unzipped/2026-07-26/audit/jun26/2026-06-02.csv,archived.audit,114,114,0.0,,2026-08-06 00:52:35.613701,
dc5834a6-f5e4-433e-aaee-7c9a683ceb73,ARCHIVE,ARCHIVE_FILE,Files/archive_unzipped/2026-07-10/audit/jun26/2026-06-10.csv,archived.audit,309,309,0.0,,2026-08-06 02:59:43.458908,
dc5834a6-f5e4-433e-aaee-7c9a683ceb73,ARCHIVE,ARCHIVE_FILE,Files/archive_unzipped/2026-07-25/audit/jun26/2026-06-23.csv,archived.audit,348,348,0.0,,2026-08-06 02:08:03.005259,
dc5834a6-f5e4-433e-aaee-7c9a683ceb73,ARCHIVE,ARCHIVE_FILE,Files/archive_unzipped/2026-07-28/audit/jun26/2026-06-08.csv,archived.audit,661,661,0.0,,2026-08-06 03:49:39.783224,
dc5834a6-f5e4-433e-aaee-7c9a683ceb73,ARCHIVE,ARCHIVE_FILE,Files/archive_unzipped/2026-07-01/audit/may26/2026-05-27.csv,archived.audit,463,463,0.0,,2026-08-06 03:15:30.889134,
dc5834a6-f5e4-433e-aaee-7c9a683ceb73,ARCHIVE,ARCHIVE_FILE,Files/archive_unzipped/2026-07-20/audit/jun26/2026-06-10.csv,archived.audit,309,309,0.0,,2026-08-06 04:13:22.151255,
dc5834a6-f5e4-433e-aaee-7c9a683ceb73,ARCHIVE,ARCHIVE_FILE,Files/archive_unzipped/2026-07-27/audit/jun26/2026-06-12.csv,archived.audit,446,446,0.0,,2026-08-06 06:26:52.677290,
dc5834a6-f5e4-433e-aaee-7c9a683ceb73,ARCHIVE,ARCHIVE_FILE,Files/archive_unzipped/2026-07-08/audit/jun26/2026-06-10.csv,archived.audit,309,309,0.0,,2026-08-06 08:12:24.896620,
dc5834a6-f5e4-433e-aaee-7c9a683ceb73,ARCHIVE,ARCHIVE_FILE,Files/archive_unzipped/2026-07-29/audit/jun26/2026-06-29.csv,archived.audit,561,561,0.0,,2026-08-06 05:16:07.909597,
dc5834a6-f5e4-433e-aaee-7c9a683ceb73,ARCHIVE,ARCHIVE_FILE,Files/archive_unzipped/2026-07-31/audit/jun26/2026-06-16.csv,archived.audit,329,329,0.0,,2026-08-06 05:56:11.344654,
dc5834a6-f5e4-433e-aaee-7c9a683ceb73,ARCHIVE,ARCHIVE_FILE,Files/archive_unzipped/2026-07-11/audit/jun26/2026-06-04.csv,archived.audit,678,678,0.0,,2026-08-06 03:44:53.801335,
dc5834a6-f5e4-433e-aaee-7c9a683ceb73,ARCHIVE,ARCHIVE_FILE,Files/archive_unzipped/2026-07-06/audit/jun26/2026-06-08.csv,archived.audit,661,661,0.0,,2026-08-06 02:19:12.908670,
dc5834a6-f5e4-433e-aaee-7c9a683ceb73,ARCHIVE,ARCHIVE_FILE,Files/archive_unzipped/2026-06-30/audit/may26/2026-05-22.csv,archived.audit,211,211,0.0,,2026-08-06 00:14:32.660189,
dc5834a6-f5e4-433e-aaee-7c9a683ceb73,ARCHIVE,ARCHIVE_FILE,Files/archive_unzipped/2026-07-24/audit/jun26/2026-06-12.csv,archived.audit,446,446,0.0,,2026-08-06 03:00:10.348197,
dc5834a6-f5e4-433e-aaee-7c9a683ceb73,ARCHIVE,ARCHIVE_FILE,Files/archive_unzipped/2026-07-23/audit/jun26/2026-06-26.csv,archived.audit,107,107,0.0,,2026-08-06 01:10:03.779210,
dc5834a6-f5e4-433e-aaee-7c9a683ceb73,ARCHIVE,ARCHIVE_FILE,Files/archive_unzipped/2026-08-02/audit/jul26/2026-07-20.csv,archived.audit,862,862,0.0,,2026-08-06 03:58:26.246312,
dc5834a6-f5e4-433e-aaee-7c9a683ceb73,ARCHIVE,ARCHIVE_FILE,Files/archive_unzipped/2026-07-29/audit/jun26/2026-06-15.csv,archived.audit,345,345,0.0,,2026-08-06 03:27:11.971418,
dc5834a6-f5e4-433e-aaee-7c9a683ceb73,ARCHIVE,ARCHIVE_FILE,Files/archive_unzipped/2026-07-11/audit/jun26/2026-06-02.csv,archived.audit,114,114,0.0,,2026-08-06 02:15:52.264054,
dc5834a6-f5e4-433e-aaee-7c9a683ceb73,ARCHIVE,ARCHIVE_FILE,Files/archive_unzipped/2026-07-03/audit/jun26/2026-06-17.csv,archived.audit,705,705,0.0,,2026-08-06 07:37:18.481316,
dc5834a6-f5e4-433e-aaee-7c9a683ceb73,ARCHIVE,ARCHIVE_FILE,Files/archive_unzipped/2026-07-16/audit/jun26/2026-06-25.csv,archived.audit,563,563,0.0,,2026-08-06 05:36:28.573042,
dc5834a6-f5e4-433e-aaee-7c9a683ceb73,ARCHIVE,ARCHIVE_FILE,Files/archive_unzipped/2026-07-09/audit/jun26/2026-06-04.csv,archived.audit,678,678,0.0,,2026-08-06 07:10:03.770961,
dc5834a6-f5e4-433e-aaee-7c9a683ceb73,ARCHIVE,ARCHIVE_FILE,Files/archive_unzipped/2026-07-17/audit/jun26/2026-06-23.csv,archived.audit,348,348,0.0,,2026-08-06 02:26:18.921019,
dc5834a6-f5e4-433e-aaee-7c9a683ceb73,ARCHIVE,ARCHIVE_FILE,Files/archive_unzipped/2026-07-05/audit/jun26/2026-06-25.csv,archived.audit,563,563,0.0,,2026-08-06 04:15:53.225886,
dc5834a6-f5e4-433e-aaee-7c9a683ceb73,ARCHIVE,ARCHIVE_FILE,Files/archive_unzipped/2026-07-19/audit/jun26/2026-06-04.csv,archived.audit,678,678,0.0,,2026-08-06 01:11:05.813854,
dc5834a6-f5e4-433e-aaee-7c9a683ceb73,ARCHIVE,ARCHIVE_FILE,Files/archive_unzipped/2026-07-23/audit/jun26/2026-06-05.csv,archived.audit,284,284,0.0,,2026-08-06 05:50:54.028651,
dc5834a6-f5e4-433e-aaee-7c9a683ceb73,ARCHIVE,ARCHIVE_FILE,Files/archive_unzipped/2026-07-09/audit/jun26/2026-06-16.csv,archived.audit,329,329,0.0,,2026-08-06 06:47:34.305609,
dc5834a6-f5e4-433e-aaee-7c9a683ceb73,ARCHIVE,ARCHIVE_FILE,Files/archive_unzipped/2026-07-07/audit/jun26/2026-06-09.csv,archived.audit,573,573,0.0,,2026-08-06 04:58:02.731294,
dc5834a6-f5e4-433e-aaee-7c9a683ceb73,ARCHIVE,ARCHIVE_FILE,Files/archive_unzipped/2026-07-14/audit/jun26/2026-06-03.csv,archived.audit,189,189,0.0,,2026-08-06 05:20:35.602172,
dc5834a6-f5e4-433e-aaee-7c9a683ceb73,ARCHIVE,ARCHIVE_FILE,Files/archive_unzipped/2026-07-22/audit/jun26/2026-06-26.csv,archived.audit,107,107,0.0,,2026-08-06 05:15:41.093958,
dc5834a6-f5e4-433e-aaee-7c9a683ceb73,ARCHIVE,ARCHIVE_FILE,Files/archive_unzipped/2026-07-20/audit/jun26/2026-06-12.csv,archived.audit,446,446,0.0,,2026-08-06 05:43:56.838970,
dc5834a6-f5e4-433e-aaee-7c9a683ceb73,ARCHIVE,ARCHIVE_FILE,Files/archive_unzipped/2026-07-13/audit/jun26/2026-06-03.csv,archived.audit,189,189,0.0,,2026-08-06 08:15:29.861667,
f500acd5-ceed-482d-8a90-6af3cd75d312,SILVER,ARCHIVE_MONTH_END,archived.supervising_social_worker,silver.supervising_social_worker,31,31,0.0,,2026-08-21 10:02:37.018992,78a97d6e-b4bb-4909-9c22-e6a69f27f6ac
dc5834a6-f5e4-433e-aaee-7c9a683ceb73,ARCHIVE,ARCHIVE_FILE,Files/archive_unzipped/2026-07-02/audit/jun26/2026-06-23.csv,archived.audit,348,348,0.0,,2026-08-06 07:54:55.709943,
dc5834a6-f5e4-433e-aaee-7c9a683ceb73,ARCHIVE,ARCHIVE_FILE,Files/archive_unzipped/2026-07-01/audit/may26/2026-05-29.csv,archived.audit,171,171,0.0,,2026-08-06 08:11:54.512292,
dc5834a6-f5e4-433e-aaee-7c9a683ceb73,ARCHIVE,ARCHIVE_FILE,Files/archive_unzipped/2026-07-20/audit/jun26/2026-06-22.csv,archived.audit,904,904,0.0,,2026-08-06 06:18:52.412804,
dc5834a6-f5e4-433e-aaee-7c9a683ceb73,ARCHIVE,ARCHIVE_FILE,Files/archive_unzipped/2026-07-10/audit/jun26/2026-06-29.csv,archived.audit,561,561,0.0,,2026-08-06 06:44:37.510519,
dc5834a6-f5e4-433e-aaee-7c9a683ceb73,ARCHIVE,ARCHIVE_FILE,Files/archive_unzipped/2026-07-28/audit/jun26/2026-06-16.csv,archived.audit,329,329,0.0,,2026-08-06 08:24:53.857420,
dc5834a6-f5e4-433e-aaee-7c9a683ceb73,ARCHIVE,ARCHIVE_FILE,Files/archive_unzipped/2026-07-30/audit/jun26/2026-06-29.csv,archived.audit,561,561,0.0,,2026-08-06 04:34:33.488125,
dc5834a6-f5e4-433e-aaee-7c9a683ceb73,ARCHIVE,ARCHIVE_FILE,Files/archive_unzipped/2026-07-10/audit/jun26/2026-06-15.csv,archived.audit,345,345,0.0,,2026-08-06 01:20:25.851405,
dc5834a6-f5e4-433e-aaee-7c9a683ceb73,ARCHIVE,ARCHIVE_FILE,Files/archive_unzipped/2026-07-09/audit/jun26/2026-06-15.csv,archived.audit,345,345,0.0,,2026-08-06 02:31:11.722484,
dc5834a6-f5e4-433e-aaee-7c9a683ceb73,ARCHIVE,ARCHIVE_FILE,Files/archive_unzipped/2026-07-01/audit/jun26/2026-06-29.csv,archived.audit,561,561,0.0,,2026-08-06 02:52:51.484893,
dc5834a6-f5e4-433e-aaee-7c9a683ceb73,ARCHIVE,ARCHIVE_FILE,Files/archive_unzipped/2026-08-05/audit/jul26/2026-07-24.csv,archived.audit,685,685,0.0,,2026-08-06 03:15:05.234649,
dc5834a6-f5e4-433e-aaee-7c9a683ceb73,ARCHIVE,ARCHIVE_FILE,Files/archive_unzipped/2026-07-19/audit/jun26/2026-06-25.csv,archived.audit,563,563,0.0,,2026-08-06 04:18:38.315888,
dc5834a6-f5e4-433e-aaee-7c9a683ceb73,ARCHIVE,ARCHIVE_FILE,Files/archive_unzipped/2026-07-19/audit/jun26/2026-06-01.csv,archived.audit,178,178,0.0,,2026-08-06 01:07:26.232499,
dc5834a6-f5e4-433e-aaee-7c9a683ceb73,ARCHIVE,ARCHIVE_FILE,Files/archive_unzipped/2026-07-04/audit/jun26/2026-06-10.csv,archived.audit,309,309,0.0,,2026-08-06 02:55:28.056766,
dc5834a6-f5e4-433e-aaee-7c9a683ceb73,ARCHIVE,ARCHIVE_FILE,Files/archive_unzipped/2026-07-26/audit/jun26/2026-06-05.csv,archived.audit,284,284,0.0,,2026-08-06 04:33:38.158018,
dc5834a6-f5e4-433e-aaee-7c9a683ceb73,ARCHIVE,ARCHIVE_FILE,Files/archive_unzipped/2026-07-16/audit/jun26/2026-06-26.csv,archived.audit,107,107,0.0,,2026-08-06 00:24:29.364458,
dc5834a6-f5e4-433e-aaee-7c9a683ceb73,ARCHIVE,ARCHIVE_FILE,Files/archive_unzipped/2026-07-21/audit/jun26/2026-06-18.csv,archived.audit,329,329,0.0,,2026-08-06 04:37:12.084990,
dc5834a6-f5e4-433e-aaee-7c9a683ceb73,ARCHIVE,ARCHIVE_FILE,Files/archive_unzipped/2026-07-19/audit/jun26/2026-06-24.csv,archived.audit,392,392,0.0,,2026-08-06 05:43:28.769446,
dc5834a6-f5e4-433e-aaee-7c9a683ceb73,ARCHIVE,ARCHIVE_FILE,Files/archive_unzipped/2026-07-12/audit/jun26/2026-06-08.csv,archived.audit,661,661,0.0,,2026-08-06 07:21:40.505929,
dc5834a6-f5e4-433e-aaee-7c9a683ceb73,ARCHIVE,ARCHIVE_FILE,Files/archive_unzipped/2026-07-31/audit/jun26/2026-06-18.csv,archived.audit,329,329,0.0,,2026-08-06 07:45:42.127237,
dc5834a6-f5e4-433e-aaee-7c9a683ceb73,ARCHIVE,ARCHIVE_FILE,Files/archive_unzipped/2026-07-16/audit/jun26/2026-06-24.csv,archived.audit,392,392,0.0,,2026-08-06 07:35:19.595713,
dc5834a6-f5e4-433e-aaee-7c9a683ceb73,ARCHIVE,ARCHIVE_FILE,Files/archive_unzipped/2026-07-18/audit/jun26/2026-06-18.csv,archived.audit,329,329,0.0,,2026-08-06 07:41:04.773657,
dc5834a6-f5e4-433e-aaee-7c9a683ceb73,ARCHIVE,ARCHIVE_FILE,Files/archive_unzipped/2026-07-20/audit/jun26/2026-06-01.csv,archived.audit,178,178,0.0,,2026-08-06 08:08:17.195541,
dc5834a6-f5e4-433e-aaee-7c9a683ceb73,ARCHIVE,ARCHIVE_FILE,Files/archive_unzipped/2026-07-01/audit/may26/2026-05-18.csv,archived.audit,298,298,0.0,,2026-08-06 05:25:09.396202,
dc5834a6-f5e4-433e-aaee-7c9a683ceb73,ARCHIVE,ARCHIVE_FILE,Files/archive_unzipped/2026-07-07/audit/jun26/2026-06-12.csv,archived.audit,446,446,0.0,,2026-08-06 02:19:36.830138,
dc5834a6-f5e4-433e-aaee-7c9a683ceb73,ARCHIVE,ARCHIVE_FILE,Files/archive_unzipped/2026-07-09/audit/jun26/2026-06-17.csv,archived.audit,705,705,0.0,,2026-08-06 02:15:27.242214,
dc5834a6-f5e4-433e-aaee-7c9a683ceb73,ARCHIVE,ARCHIVE_FILE,Files/archive_unzipped/2026-07-25/audit/jun26/2026-06-22.csv,archived.audit,904,904,0.0,,2026-08-06 00:57:54.557591,
dc5834a6-f5e4-433e-aaee-7c9a683ceb73,ARCHIVE,ARCHIVE_FILE,Files/archive_unzipped/2026-07-04/audit/jun26/2026-06-12.csv,archived.audit,446,446,0.0,,2026-08-06 00:41:00.007447,
dc5834a6-f5e4-433e-aaee-7c9a683ceb73,ARCHIVE,ARCHIVE_FILE,Files/archive_unzipped/2026-07-13/audit/jun26/2026-06-05.csv,archived.audit,284,284,0.0,,2026-08-06 02:25:56.259080,
dc5834a6-f5e4-433e-aaee-7c9a683ceb73,ARCHIVE,ARCHIVE_FILE,Files/archive_unzipped/2026-07-11/audit/jun26/2026-06-10.csv,archived.audit,309,309,0.0,,2026-08-06 04:11:59.198709,
dc5834a6-f5e4-433e-aaee-7c9a683ceb73,ARCHIVE,ARCHIVE_FILE,Files/archive_unzipped/2026-07-21/audit/jun26/2026-06-22.csv,archived.audit,904,904,0.0,,2026-08-06 01:41:29.480420,
dc5834a6-f5e4-433e-aaee-7c9a683ceb73,ARCHIVE,ARCHIVE_FILE,Files/archive_unzipped/2026-07-17/audit/jun26/2026-06-30.csv,archived.audit,183,183,0.0,,2026-08-06 07:07:00.865761,
dc5834a6-f5e4-433e-aaee-7c9a683ceb73,ARCHIVE,ARCHIVE_FILE,Files/archive_unzipped/2026-07-31/audit/jun26/2026-06-09.csv,archived.audit,573,573,0.0,,2026-08-06 04:54:03.754998,
dc5834a6-f5e4-433e-aaee-7c9a683ceb73,ARCHIVE,ARCHIVE_FILE,Files/archive_unzipped/2026-07-14/audit/jun26/2026-06-19.csv,archived.audit,506,506,0.0,,2026-08-06 03:43:14.633052,
dc5834a6-f5e4-433e-aaee-7c9a683ceb73,ARCHIVE,ARCHIVE_FILE,Files/archive_unzipped/2026-06-30/audit/may26/2026-05-18.csv,archived.audit,298,298,0.0,,2026-08-06 03:33:53.697839,
dc5834a6-f5e4-433e-aaee-7c9a683ceb73,ARCHIVE,ARCHIVE_FILE,Files/archive_unzipped/2026-07-07/audit/jun26/2026-06-19.csv,archived.audit,506,506,0.0,,2026-08-06 03:19:17.444244,
dc5834a6-f5e4-433e-aaee-7c9a683ceb73,ARCHIVE,ARCHIVE_FILE,Files/archive_unzipped/2026-07-06/audit/jun26/2026-06-30.csv,archived.audit,183,183,0.0,,2026-08-06 01:39:20.622911,
dc5834a6-f5e4-433e-aaee-7c9a683ceb73,ARCHIVE,ARCHIVE_FILE,Files/archive_unzipped/2026-07-21/audit/jun26/2026-06-24.csv,archived.audit,392,392,0.0,,2026-08-06 00:52:16.776958,
dc5834a6-f5e4-433e-aaee-7c9a683ceb73,ARCHIVE,ARCHIVE_FILE,Files/archive_unzipped/2026-07-22/audit/jun26/2026-06-11.csv,archived.audit,405,405,0.0,,2026-08-06 07:29:36.317127,
dc5834a6-f5e4-433e-aaee-7c9a683ceb73,ARCHIVE,ARCHIVE_FILE,Files/archive_unzipped/2026-08-05/audit/jul26/2026-07-02.csv,archived.audit,548,548,0.0,,2026-08-06 06:12:51.272070,
dc5834a6-f5e4-433e-aaee-7c9a683ceb73,ARCHIVE,ARCHIVE_FILE,Files/archive_unzipped/2026-07-01/audit/may26/2026-05-13.csv,archived.audit,353,353,0.0,,2026-08-06 08:14:25.844293,
dc5834a6-f5e4-433e-aaee-7c9a683ceb73,ARCHIVE,ARCHIVE_FILE,Files/archive_unzipped/2026-07-14/audit/jun26/2026-06-04.csv,archived.audit,678,678,0.0,,2026-08-06 02:56:42.583844,
dc5834a6-f5e4-433e-aaee-7c9a683ceb73,ARCHIVE,ARCHIVE_FILE,Files/archive_unzipped/2026-07-03/audit/jun26/2026-06-25.csv,archived.audit,563,563,0.0,,2026-08-06 00:40:39.403659,
dc5834a6-f5e4-433e-aaee-7c9a683ceb73,ARCHIVE,ARCHIVE_FILE,Files/archive_unzipped/2026-07-09/audit/jun26/2026-06-22.csv,archived.audit,904,904,0.0,,2026-08-06 02:00:23.394865,
dc5834a6-f5e4-433e-aaee-7c9a683ceb73,ARCHIVE,ARCHIVE_FILE,Files/archive_unzipped/2026-07-26/audit/jun26/2026-06-23.csv,archived.audit,348,348,0.0,,2026-08-06 04:34:05.146468,
dc5834a6-f5e4-433e-aaee-7c9a683ceb73,ARCHIVE,ARCHIVE_FILE,Files/archive_unzipped/2026-07-09/audit/jun26/2026-06-05.csv,archived.audit,284,284,0.0,,2026-08-06 04:31:47.281178,
dc5834a6-f5e4-433e-aaee-7c9a683ceb73,ARCHIVE,ARCHIVE_FILE,Files/archive_unzipped/2026-07-22/audit/jun26/2026-06-29.csv,archived.audit,561,561,0.0,,2026-08-06 00:39:20.893986,
dc5834a6-f5e4-433e-aaee-7c9a683ceb73,ARCHIVE,ARCHIVE_FILE,Files/archive_unzipped/2026-07-07/audit/jun26/2026-06-05.csv,archived.audit,284,284,0.0,,2026-08-06 06:35:02.506336,
dc5834a6-f5e4-433e-aaee-7c9a683ceb73,ARCHIVE,ARCHIVE_FILE,Files/archive_unzipped/2026-07-30/audit/jun26/2026-06-18.csv,archived.audit,329,329,0.0,,2026-08-06 05:41:31.777982,
dc5834a6-f5e4-433e-aaee-7c9a683ceb73,ARCHIVE,ARCHIVE_FILE,Files/archive_unzipped/2026-07-08/audit/jun26/2026-06-22.csv,archived.audit,904,904,0.0,,2026-08-06 05:05:29.151385,
dc5834a6-f5e4-433e-aaee-7c9a683ceb73,ARCHIVE,ARCHIVE_FILE,Files/archive_unzipped/2026-07-27/audit/jun26/2026-06-22.csv,archived.audit,904,904,0.0,,2026-08-06 08:09:57.527051,
dc5834a6-f5e4-433e-aaee-7c9a683ceb73,ARCHIVE,ARCHIVE_FILE,Files/archive_unzipped/2026-07-26/audit/jun26/2026-06-09.csv,archived.audit,573,573,0.0,,2026-08-06 07:30:07.461454,
dc5834a6-f5e4-433e-aaee-7c9a683ceb73,ARCHIVE,ARCHIVE_FILE,Files/archive_unzipped/2026-07-30/audit/jun26/2026-06-15.csv,archived.audit,345,345,0.0,,2026-08-06 06:37:38.432120,
dc5834a6-f5e4-433e-aaee-7c9a683ceb73,ARCHIVE,ARCHIVE_FILE,Files/archive_unzipped/2026-07-31/audit/jun26/2026-06-12.csv,archived.audit,446,446,0.0,,2026-08-06 00:13:53.620482,
dc5834a6-f5e4-433e-aaee-7c9a683ceb73,ARCHIVE,ARCHIVE_FILE,Files/archive_unzipped/2026-07-07/audit/jun26/2026-06-04.csv,archived.audit,678,678,0.0,,2026-08-06 03:29:31.571222,
dc5834a6-f5e4-433e-aaee-7c9a683ceb73,ARCHIVE,ARCHIVE_FILE,Files/archive_unzipped/2026-07-12/audit/jun26/2026-06-22.csv,archived.audit,904,904,0.0,,2026-08-06 02:13:36.772155,
dc5834a6-f5e4-433e-aaee-7c9a683ceb73,ARCHIVE,ARCHIVE_FILE,Files/archive_unzipped/2026-07-28/audit/jun26/2026-06-25.csv,archived.audit,563,563,0.0,,2026-08-06 04:14:19.099809,
dc5834a6-f5e4-433e-aaee-7c9a683ceb73,ARCHIVE,ARCHIVE_FILE,Files/archive_unzipped/2026-07-20/audit/jun26/2026-06-24.csv,archived.audit,392,392,0.0,,2026-08-06 00:28:46.014331,
dc5834a6-f5e4-433e-aaee-7c9a683ceb73,ARCHIVE,ARCHIVE_FILE,Files/archive_unzipped/2026-07-27/audit/jun26/2026-06-15.csv,archived.audit,345,345,0.0,,2026-08-06 00:11:39.494527,
dc5834a6-f5e4-433e-aaee-7c9a683ceb73,ARCHIVE,ARCHIVE_FILE,Files/archive_unzipped/2026-07-31/audit/jun26/2026-06-03.csv,archived.audit,189,189,0.0,,2026-08-06 00:25:08.428258,
dc5834a6-f5e4-433e-aaee-7c9a683ceb73,ARCHIVE,ARCHIVE_FILE,Files/archive_unzipped/2026-07-26/audit/jun26/2026-06-11.csv,archived.audit,405,405,0.0,,2026-08-06 03:20:40.249991,
dc5834a6-f5e4-433e-aaee-7c9a683ceb73,ARCHIVE,ARCHIVE_FILE,Files/archive_unzipped/2026-06-30/audit/may26/2026-05-13.csv,archived.audit,353,353,0.0,,2026-08-06 01:33:40.288312,
dc5834a6-f5e4-433e-aaee-7c9a683ceb73,ARCHIVE,ARCHIVE_FILE,Files/archive_unzipped/2026-07-13/audit/jun26/2026-06-30.csv,archived.audit,183,183,0.0,,2026-08-06 04:18:08.925770,
dc5834a6-f5e4-433e-aaee-7c9a683ceb73,ARCHIVE,ARCHIVE_FILE,Files/archive_unzipped/2026-07-27/audit/jun26/2026-06-10.csv,archived.audit,309,309,0.0,,2026-08-06 00:22:24.633327,
dc5834a6-f5e4-433e-aaee-7c9a683ceb73,ARCHIVE,ARCHIVE_FILE,Files/archive_unzipped/2026-07-25/audit/jun26/2026-06-04.csv,archived.audit,678,678,0.0,,2026-08-06 06:37:04.866109,
dc5834a6-f5e4-433e-aaee-7c9a683ceb73,ARCHIVE,ARCHIVE_FILE,Files/archive_unzipped/2026-07-11/audit/jun26/2026-06-22.csv,archived.audit,904,904,0.0,,2026-08-06 00:31:35.532613,
dc5834a6-f5e4-433e-aaee-7c9a683ceb73,ARCHIVE,ARCHIVE_FILE,Files/archive_unzipped/2026-08-01/audit/jul26/2026-07-23.csv,archived.audit,694,694,0.0,,2026-08-06 02:04:56.973554,
dc5834a6-f5e4-433e-aaee-7c9a683ceb73,ARCHIVE,ARCHIVE_FILE,Files/archive_unzipped/2026-07-12/audit/jun26/2026-06-04.csv,archived.audit,678,678,0.0,,2026-08-06 03:03:56.475386,
dc5834a6-f5e4-433e-aaee-7c9a683ceb73,ARCHIVE,ARCHIVE_FILE,Files/archive_unzipped/2026-07-14/audit/jun26/2026-06-30.csv,archived.audit,183,183,0.0,,2026-08-06 02:31:35.358690,
dc5834a6-f5e4-433e-aaee-7c9a683ceb73,ARCHIVE,ARCHIVE_FILE,Files/archive_unzipped/2026-07-23/audit/jun26/2026-06-04.csv,archived.audit,678,678,0.0,,2026-08-06 03:23:08.541879,
dc5834a6-f5e4-433e-aaee-7c9a683ceb73,ARCHIVE,ARCHIVE_FILE,Files/archive_unzipped/2026-07-17/audit/jun26/2026-06-09.csv,archived.audit,573,573,0.0,,2026-08-06 01:47:53.998751,
dc5834a6-f5e4-433e-aaee-7c9a683ceb73,ARCHIVE,ARCHIVE_FILE,Files/archive_unzipped/2026-07-24/audit/jun26/2026-06-29.csv,archived.audit,561,561,0.0,,2026-08-06 00:56:05.352488,
dc5834a6-f5e4-433e-aaee-7c9a683ceb73,ARCHIVE,ARCHIVE_FILE,Files/archive_unzipped/2026-07-17/audit/jun26/2026-06-08.csv,archived.audit,661,661,0.0,,2026-08-06 07:06:29.757285,
dc5834a6-f5e4-433e-aaee-7c9a683ceb73,ARCHIVE,ARCHIVE_FILE,Files/archive_unzipped/2026-07-24/audit/jun26/2026-06-04.csv,archived.audit,678,678,0.0,,2026-08-06 06:00:34.062937,
dc5834a6-f5e4-433e-aaee-7c9a683ceb73,ARCHIVE,ARCHIVE_FILE,Files/archive_unzipped/2026-07-15/audit/jun26/2026-06-01.csv,archived.audit,178,178,0.0,,2026-08-06 04:55:50.564214,
dc5834a6-f5e4-433e-aaee-7c9a683ceb73,ARCHIVE,ARCHIVE_FILE,Files/archive_unzipped/2026-07-28/audit/jun26/2026-06-03.csv,archived.audit,189,189,0.0,,2026-08-06 04:40:48.438658,
dc5834a6-f5e4-433e-aaee-7c9a683ceb73,ARCHIVE,ARCHIVE_FILE,Files/archive_unzipped/2026-07-21/audit/jun26/2026-06-01.csv,archived.audit,178,178,0.0,,2026-08-06 04:43:02.062076,
dc5834a6-f5e4-433e-aaee-7c9a683ceb73,ARCHIVE,ARCHIVE_FILE,Files/archive_unzipped/2026-07-09/audit/jun26/2026-06-26.csv,archived.audit,107,107,0.0,,2026-08-06 03:55:17.956892,
dc5834a6-f5e4-433e-aaee-7c9a683ceb73,ARCHIVE,ARCHIVE_FILE,Files/archive_unzipped/2026-07-04/audit/jun26/2026-06-15.csv,archived.audit,345,345,0.0,,2026-08-06 03:08:29.436545,
dc5834a6-f5e4-433e-aaee-7c9a683ceb73,ARCHIVE,ARCHIVE_FILE,Files/archive_unzipped/2026-07-18/audit/jun26/2026-06-12.csv,archived.audit,446,446,0.0,,2026-08-06 01:14:20.799887,
dc5834a6-f5e4-433e-aaee-7c9a683ceb73,ARCHIVE,ARCHIVE_FILE,Files/archive_unzipped/2026-07-21/audit/jun26/2026-06-23.csv,archived.audit,348,348,0.0,,2026-08-06 01:04:08.812844,
dc5834a6-f5e4-433e-aaee-7c9a683ceb73,ARCHIVE,ARCHIVE_FILE,Files/archive_unzipped/2026-07-22/audit/jun26/2026-06-09.csv,archived.audit,573,573,0.0,,2026-08-06 00:38:07.478395,
dc5834a6-f5e4-433e-aaee-7c9a683ceb73,ARCHIVE,ARCHIVE_FILE,Files/archive_unzipped/2026-07-07/audit/jun26/2026-06-30.csv,archived.audit,183,183,0.0,,2026-08-06 05:14:46.899114,
dc5834a6-f5e4-433e-aaee-7c9a683ceb73,ARCHIVE,ARCHIVE_FILE,Files/archive_unzipped/2026-07-05/audit/jun26/2026-06-02.csv,archived.audit,114,114,0.0,,2026-08-06 08:06:47.280802,
dc5834a6-f5e4-433e-aaee-7c9a683ceb73,ARCHIVE,ARCHIVE_FILE,Files/archive_unzipped/2026-07-28/audit/jun26/2026-06-05.csv,archived.audit,284,284,0.0,,2026-08-06 05:37:23.489640,
dc5834a6-f5e4-433e-aaee-7c9a683ceb73,ARCHIVE,ARCHIVE_FILE,Files/archive_unzipped/2026-07-04/audit/jun26/2026-06-04.csv,archived.audit,678,678,0.0,,2026-08-06 08:34:43.711352,
dc5834a6-f5e4-433e-aaee-7c9a683ceb73,ARCHIVE,ARCHIVE_FILE,Files/archive_unzipped/2026-07-04/audit/jun26/2026-06-11.csv,archived.audit,405,405,0.0,,2026-08-06 03:34:18.595411,
dc5834a6-f5e4-433e-aaee-7c9a683ceb73,ARCHIVE,ARCHIVE_FILE,Files/archive_unzipped/2026-07-12/audit/jun26/2026-06-17.csv,archived.audit,705,705,0.0,,2026-08-06 01:51:37.497182,
dc5834a6-f5e4-433e-aaee-7c9a683ceb73,ARCHIVE,ARCHIVE_FILE,Files/archive_unzipped/2026-07-19/audit/jun26/2026-06-02.csv,archived.audit,114,114,0.0,,2026-08-06 06:56:18.519982,
dc5834a6-f5e4-433e-aaee-7c9a683ceb73,ARCHIVE,ARCHIVE_FILE,Files/archive_unzipped/2026-07-06/audit/jun26/2026-06-25.csv,archived.audit,563,563,0.0,,2026-08-06 07:14:17.274438,
dc5834a6-f5e4-433e-aaee-7c9a683ceb73,ARCHIVE,ARCHIVE_FILE,Files/archive_unzipped/2026-07-01/audit/jun26/2026-06-01.csv,archived.audit,178,178,0.0,,2026-08-06 06:38:40.421754,
dc5834a6-f5e4-433e-aaee-7c9a683ceb73,ARCHIVE,ARCHIVE_FILE,Files/archive_unzipped/2026-07-31/audit/jun26/2026-06-05.csv,archived.audit,284,284,0.0,,2026-08-06 06:54:27.888362,
dc5834a6-f5e4-433e-aaee-7c9a683ceb73,ARCHIVE,ARCHIVE_FILE,Files/archive_unzipped/2026-07-09/audit/jun26/2026-06-01.csv,archived.audit,178,178,0.0,,2026-08-06 04:55:23.628194,
dc5834a6-f5e4-433e-aaee-7c9a683ceb73,ARCHIVE,ARCHIVE_FILE,Files/archive_unzipped/2026-07-18/audit/jun26/2026-06-19.csv,archived.audit,506,506,0.0,,2026-08-06 03:17:22.273330,
dc5834a6-f5e4-433e-aaee-7c9a683ceb73,ARCHIVE,ARCHIVE_FILE,Files/archive_unzipped/2026-07-23/audit/jun26/2026-06-09.csv,archived.audit,573,573,0.0,,2026-08-06 03:08:57.123450,
dc5834a6-f5e4-433e-aaee-7c9a683ceb73,ARCHIVE,ARCHIVE_FILE,Files/archive_unzipped/2026-07-01/audit/may26/2026-05-15.csv,archived.audit,688,688,0.0,,2026-08-06 00:56:57.483731,
dc5834a6-f5e4-433e-aaee-7c9a683ceb73,ARCHIVE,ARCHIVE_FILE,Files/archive_unzipped/2026-07-27/audit/jun26/2026-06-09.csv,archived.audit,573,573,0.0,,2026-08-06 00:54:39.406242,
dc5834a6-f5e4-433e-aaee-7c9a683ceb73,ARCHIVE,ARCHIVE_FILE,Files/archive_unzipped/2026-07-10/audit/jun26/2026-06-17.csv,archived.audit,705,705,0.0,,2026-08-06 08:20:13.930422,
dc5834a6-f5e4-433e-aaee-7c9a683ceb73,ARCHIVE,ARCHIVE_FILE,Files/archive_unzipped/2026-07-14/audit/jun26/2026-06-08.csv,archived.audit,661,661,0.0,,2026-08-06 02:16:14.819787,
dc5834a6-f5e4-433e-aaee-7c9a683ceb73,ARCHIVE,ARCHIVE_FILE,Files/archive_unzipped/2026-07-21/audit/jun26/2026-06-16.csv,archived.audit,329,329,0.0,,2026-08-06 01:43:39.018659,
dc5834a6-f5e4-433e-aaee-7c9a683ceb73,ARCHIVE,ARCHIVE_FILE,Files/archive_unzipped/2026-07-10/audit/jun26/2026-06-11.csv,archived.audit,405,405,0.0,,2026-08-06 00:12:17.782297,
dc5834a6-f5e4-433e-aaee-7c9a683ceb73,ARCHIVE,ARCHIVE_FILE,Files/archive_unzipped/2026-07-15/audit/jun26/2026-06-12.csv,archived.audit,446,446,0.0,,2026-08-06 00:06:59.763229,
dc5834a6-f5e4-433e-aaee-7c9a683ceb73,ARCHIVE,ARCHIVE_FILE,Files/archive_unzipped/2026-07-25/audit/jun26/2026-06-03.csv,archived.audit,189,189,0.0,,2026-08-06 03:06:51.877298,
dc5834a6-f5e4-433e-aaee-7c9a683ceb73,ARCHIVE,ARCHIVE_FILE,Files/archive_unzipped/2026-07-01/audit/may26/2026-05-19.csv,archived.audit,291,291,0.0,,2026-08-06 02:39:17.496811,
dc5834a6-f5e4-433e-aaee-7c9a683ceb73,ARCHIVE,ARCHIVE_FILE,Files/archive_unzipped/2026-07-03/audit/jun26/2026-06-09.csv,archived.audit,573,573,0.0,,2026-08-06 07:50:58.061021,
dc5834a6-f5e4-433e-aaee-7c9a683ceb73,ARCHIVE,ARCHIVE_FILE,Files/archive_unzipped/2026-07-16/audit/jun26/2026-06-12.csv,archived.audit,446,446,0.0,,2026-08-06 07:40:31.896165,
dc5834a6-f5e4-433e-aaee-7c9a683ceb73,ARCHIVE,ARCHIVE_FILE,Files/archive_unzipped/2026-07-31/audit/jun26/2026-06-19.csv,archived.audit,506,506,0.0,,2026-08-06 07:26:31.224221,
dc5834a6-f5e4-433e-aaee-7c9a683ceb73,ARCHIVE,ARCHIVE_FILE,Files/archive_unzipped/2026-07-14/audit/jun26/2026-06-26.csv,archived.audit,107,107,0.0,,2026-08-06 06:22:22.270748,
dc5834a6-f5e4-433e-aaee-7c9a683ceb73,ARCHIVE,ARCHIVE_FILE,Files/archive_unzipped/2026-07-26/audit/jun26/2026-06-16.csv,archived.audit,329,329,0.0,,2026-08-06 06:53:58.653778,
dc5834a6-f5e4-433e-aaee-7c9a683ceb73,ARCHIVE,ARCHIVE_FILE,Files/archive_unzipped/2026-07-25/audit/jun26/2026-06-24.csv,archived.audit,392,392,0.0,,2026-08-06 07:48:16.990046,
dc5834a6-f5e4-433e-aaee-7c9a683ceb73,ARCHIVE,ARCHIVE_FILE,Files/archive_unzipped/2026-06-30/audit/may26/2026-05-20.csv,archived.audit,293,293,0.0,,2026-08-06 01:30:39.864026,
dc5834a6-f5e4-433e-aaee-7c9a683ceb73,ARCHIVE,ARCHIVE_FILE,Files/archive_unzipped/2026-07-18/audit/jun26/2026-06-11.csv,archived.audit,405,405,0.0,,2026-08-06 00:11:15.764296,
dc5834a6-f5e4-433e-aaee-7c9a683ceb73,ARCHIVE,ARCHIVE_FILE,Files/archive_unzipped/2026-07-28/audit/jun26/2026-06-01.csv,archived.audit,178,178,0.0,,2026-08-06 03:45:48.155588,
dc5834a6-f5e4-433e-aaee-7c9a683ceb73,ARCHIVE,ARCHIVE_FILE,Files/archive_unzipped/2026-07-05/audit/jun26/2026-06-05.csv,archived.audit,284,284,0.0,,2026-08-06 04:24:35.424632,
dc5834a6-f5e4-433e-aaee-7c9a683ceb73,ARCHIVE,ARCHIVE_FILE,Files/archive_unzipped/2026-07-02/audit/jun26/2026-06-15.csv,archived.audit,345,345,0.0,,2026-08-06 04:11:05.535161,
dc5834a6-f5e4-433e-aaee-7c9a683ceb73,ARCHIVE,ARCHIVE_FILE,Files/archive_unzipped/2026-07-08/audit/jun26/2026-06-18.csv,archived.audit,329,329,0.0,,2026-08-06 02:39:40.635058,
dc5834a6-f5e4-433e-aaee-7c9a683ceb73,ARCHIVE,ARCHIVE_FILE,Files/archive_unzipped/2026-07-19/audit/jun26/2026-06-12.csv,archived.audit,446,446,0.0,,2026-08-06 03:17:48.069394,
dc5834a6-f5e4-433e-aaee-7c9a683ceb73,ARCHIVE,ARCHIVE_FILE,Files/archive_unzipped/2026-07-15/audit/jun26/2026-06-11.csv,archived.audit,405,405,0.0,,2026-08-06 05:09:50.498419,
dc5834a6-f5e4-433e-aaee-7c9a683ceb73,ARCHIVE,ARCHIVE_FILE,Files/archive_unzipped/2026-07-10/audit/jun26/2026-06-25.csv,archived.audit,563,563,0.0,,2026-08-06 08:07:17.193878,
dc5834a6-f5e4-433e-aaee-7c9a683ceb73,ARCHIVE,ARCHIVE_FILE,Files/archive_unzipped/2026-07-28/audit/jun26/2026-06-09.csv,archived.audit,573,573,0.0,,2026-08-06 05:37:50.447745,
dc5834a6-f5e4-433e-aaee-7c9a683ceb73,ARCHIVE,ARCHIVE_FILE,Files/archive_unzipped/2026-07-26/audit/jun26/2026-06-29.csv,archived.audit,561,561,0.0,,2026-08-06 08:24:23.907269,
dc5834a6-f5e4-433e-aaee-7c9a683ceb73,ARCHIVE,ARCHIVE_FILE,Files/archive_unzipped/2026-07-01/audit/jun26/2026-06-30.csv,archived.audit,183,183,0.0,,2026-08-06 00:19:14.789455,
dc5834a6-f5e4-433e-aaee-7c9a683ceb73,ARCHIVE,ARCHIVE_FILE,Files/archive_unzipped/2026-07-31/audit/jun26/2026-06-24.csv,archived.audit,392,392,0.0,,2026-08-06 01:44:57.058721,
dc5834a6-f5e4-433e-aaee-7c9a683ceb73,ARCHIVE,ARCHIVE_FILE,Files/archive_unzipped/2026-07-22/audit/jun26/2026-06-01.csv,archived.audit,178,178,0.0,,2026-08-06 03:11:08.740364,
dc5834a6-f5e4-433e-aaee-7c9a683ceb73,ARCHIVE,ARCHIVE_FILE,Files/archive_unzipped/2026-07-12/audit/jun26/2026-06-15.csv,archived.audit,345,345,0.0,,2026-08-06 02:00:49.991737,
dc5834a6-f5e4-433e-aaee-7c9a683ceb73,ARCHIVE,ARCHIVE_FILE,Files/archive_unzipped/2026-07-17/audit/jun26/2026-06-15.csv,archived.audit,345,345,0.0,,2026-08-06 03:38:20.378371,
dc5834a6-f5e4-433e-aaee-7c9a683ceb73,ARCHIVE,ARCHIVE_FILE,Files/archive_unzipped/2026-07-18/audit/jun26/2026-06-16.csv,archived.audit,329,329,0.0,,2026-08-06 03:39:34.181018,
dc5834a6-f5e4-433e-aaee-7c9a683ceb73,ARCHIVE,ARCHIVE_FILE,Files/archive_unzipped/2026-07-17/audit/jun26/2026-06-01.csv,archived.audit,178,178,0.0,,2026-08-06 02:54:34.373326,
dc5834a6-f5e4-433e-aaee-7c9a683ceb73,ARCHIVE,ARCHIVE_FILE,Files/archive_unzipped/2026-07-29/audit/jun26/2026-06-11.csv,archived.audit,405,405,0.0,,2026-08-06 03:46:13.860756,
dc5834a6-f5e4-433e-aaee-7c9a683ceb73,ARCHIVE,ARCHIVE_FILE,Files/archive_unzipped/2026-07-10/audit/jun26/2026-06-14.csv,archived.audit,13,13,0.0,,2026-08-06 04:42:33.308471,
dc5834a6-f5e4-433e-aaee-7c9a683ceb73,ARCHIVE,ARCHIVE_FILE,Files/archive_unzipped/2026-07-01/audit/jun26/2026-06-06.csv,archived.audit,43,43,0.0,,2026-08-06 04:35:50.972790,
dc5834a6-f5e4-433e-aaee-7c9a683ceb73,ARCHIVE,ARCHIVE_FILE,Files/archive_unzipped/2026-07-13/audit/jun26/2026-06-21.csv,archived.audit,14,14,0.0,,2026-08-06 01:10:45.926359,
dc5834a6-f5e4-433e-aaee-7c9a683ceb73,ARCHIVE,ARCHIVE_FILE,Files/archive_unzipped/2026-07-14/audit/jun26/2026-07-01.csv,archived.audit,38,38,0.0,,2026-08-06 01:37:06.400378,
dc5834a6-f5e4-433e-aaee-7c9a683ceb73,ARCHIVE,ARCHIVE_FILE,Files/archive_unzipped/2026-07-14/audit/jun26/2026-06-14.csv,archived.audit,13,13,0.0,,2026-08-06 08:07:47.169989,
dc5834a6-f5e4-433e-aaee-7c9a683ceb73,ARCHIVE,ARCHIVE_FILE,Files/archive_unzipped/2026-08-03/audit/jul26/2026-07-11.csv,archived.audit,16,16,0.0,,2026-08-06 04:45:20.273880,
dc5834a6-f5e4-433e-aaee-7c9a683ceb73,ARCHIVE,ARCHIVE_FILE,Files/archive_unzipped/2026-07-03/audit/jun26/2026-06-13.csv,archived.audit,13,13,0.0,,2026-08-06 03:41:30.232889,
dc5834a6-f5e4-433e-aaee-7c9a683ceb73,ARCHIVE,ARCHIVE_FILE,Files/archive_unzipped/2026-07-06/audit/jun26/2026-07-01.csv,archived.audit,38,38,0.0,,2026-08-06 03:16:04.627953,
dc5834a6-f5e4-433e-aaee-7c9a683ceb73,ARCHIVE,ARCHIVE_FILE,Files/archive_unzipped/2026-07-06/audit/jun26/2026-06-06.csv,archived.audit,43,43,0.0,,2026-08-06 04:11:33.016345,
dc5834a6-f5e4-433e-aaee-7c9a683ceb73,ARCHIVE,ARCHIVE_FILE,Files/archive_unzipped/2026-07-28/audit/jun26/2026-06-14.csv,archived.audit,13,13,0.0,,2026-08-06 02:11:43.328583,
dc5834a6-f5e4-433e-aaee-7c9a683ceb73,ARCHIVE,ARCHIVE_FILE,Files/archive_unzipped/2026-08-03/audit/jul26/2026-07-05.csv,archived.audit,17,17,0.0,,2026-08-06 02:05:19.426939,
dc5834a6-f5e4-433e-aaee-7c9a683ceb73,ARCHIVE,ARCHIVE_FILE,Files/archive_unzipped/2026-07-06/audit/jun26/2026-06-07.csv,archived.audit,20,20,0.0,,2026-08-06 00:57:16.982199,
dc5834a6-f5e4-433e-aaee-7c9a683ceb73,ARCHIVE,ARCHIVE_FILE,Files/archive_unzipped/2026-08-01/audit/jul26/2026-07-18.csv,archived.audit,61,61,0.0,,2026-08-06 05:29:45.965339,
dc5834a6-f5e4-433e-aaee-7c9a683ceb73,ARCHIVE,ARCHIVE_FILE,Files/archive_unzipped/2026-07-17/audit/jun26/2026-06-14.csv,archived.audit,13,13,0.0,,2026-08-06 06:53:28.581798,
dc5834a6-f5e4-433e-aaee-7c9a683ceb73,ARCHIVE,ARCHIVE_FILE,Files/archive_unzipped/2026-07-04/audit/jun26/2026-06-14.csv,archived.audit,13,13,0.0,,2026-08-06 00:55:03.496486,
dc5834a6-f5e4-433e-aaee-7c9a683ceb73,ARCHIVE,ARCHIVE_FILE,Files/archive_unzipped/2026-07-19/audit/jun26/2026-06-13.csv,archived.audit,13,13,0.0,,2026-08-06 01:09:43.347973,
dc5834a6-f5e4-433e-aaee-7c9a683ceb73,ARCHIVE,ARCHIVE_FILE,Files/archive_unzipped/2026-08-01/audit/jul26/2026-07-11.csv,archived.audit,16,16,0.0,,2026-08-06 02:38:24.234523,
dc5834a6-f5e4-433e-aaee-7c9a683ceb73,ARCHIVE,ARCHIVE_FILE,Files/archive_unzipped/2026-07-23/audit/jun26/2026-06-07.csv,archived.audit,20,20,0.0,,2026-08-06 00:42:36.362206,
dc5834a6-f5e4-433e-aaee-7c9a683ceb73,ARCHIVE,ARCHIVE_FILE,Files/archive_unzipped/2026-07-14/audit/jun26/2026-06-21.csv,archived.audit,14,14,0.0,,2026-08-06 01:03:10.556799,
dc5834a6-f5e4-433e-aaee-7c9a683ceb73,ARCHIVE,ARCHIVE_FILE,Files/archive_unzipped/2026-07-29/audit/jun26/2026-06-21.csv,archived.audit,14,14,0.0,,2026-08-06 06:45:44.999679,
dc5834a6-f5e4-433e-aaee-7c9a683ceb73,ARCHIVE,ARCHIVE_FILE,Files/archive_unzipped/2026-07-22/audit/jun26/2026-06-13.csv,archived.audit,13,13,0.0,,2026-08-06 08:27:57.097660,
dc5834a6-f5e4-433e-aaee-7c9a683ceb73,ARCHIVE,ARCHIVE_FILE,Files/archive_unzipped/2026-07-05/audit/jun26/2026-06-06.csv,archived.audit,43,43,0.0,,2026-08-06 00:41:18.923933,
dc5834a6-f5e4-433e-aaee-7c9a683ceb73,ARCHIVE,ARCHIVE_FILE,Files/archive_unzipped/2026-07-27/audit/jun26/2026-06-13.csv,archived.audit,13,13,0.0,,2026-08-06 08:09:25.356972,
dc5834a6-f5e4-433e-aaee-7c9a683ceb73,ARCHIVE,ARCHIVE_FILE,Files/archive_unzipped/2026-07-19/audit/jun26/2026-06-06.csv,archived.audit,43,43,0.0,,2026-08-06 06:13:51.735589,
dc5834a6-f5e4-433e-aaee-7c9a683ceb73,ARCHIVE,ARCHIVE_FILE,Files/archive_unzipped/2026-07-01/audit/jun26/2026-06-13.csv,archived.audit,13,13,0.0,,2026-08-06 05:13:52.887310,
dc5834a6-f5e4-433e-aaee-7c9a683ceb73,ARCHIVE,ARCHIVE_FILE,Files/archive_unzipped/2026-07-06/audit/jun26/2026-06-13.csv,archived.audit,13,13,0.0,,2026-08-06 04:16:19.694578,
dc5834a6-f5e4-433e-aaee-7c9a683ceb73,ARCHIVE,ARCHIVE_FILE,Files/archive_unzipped/2026-07-04/audit/jun26/2026-07-01.csv,archived.audit,38,38,0.0,,2026-08-06 02:28:11.801811,
dc5834a6-f5e4-433e-aaee-7c9a683ceb73,ARCHIVE,ARCHIVE_FILE,Files/archive_unzipped/2026-08-03/audit/jul26/2026-07-18.csv,archived.audit,61,61,0.0,,2026-08-06 01:22:12.998401,
dc5834a6-f5e4-433e-aaee-7c9a683ceb73,ARCHIVE,ARCHIVE_FILE,Files/archive_unzipped/2026-08-04/audit/jul26/2026-07-05.csv,archived.audit,17,17,0.0,,2026-08-06 08:02:03.137658,
dc5834a6-f5e4-433e-aaee-7c9a683ceb73,ARCHIVE,ARCHIVE_FILE,Files/archive_unzipped/2026-07-18/audit/jun26/2026-06-06.csv,archived.audit,43,43,0.0,,2026-08-06 04:59:20.335313,
c5693a5c-6ecc-4bb6-83fb-45656a89dc70,ARCHIVE,ARCHIVE_FILE,Files/archive_unzipped/2026-07-30/offer_updates.csv,archived.offer_updates,8,8,0.0,,2026-08-06 14:41:03.507092,
c5693a5c-6ecc-4bb6-83fb-45656a89dc70,ARCHIVE,ARCHIVE_FILE,Files/archive_unzipped/2026-08-01/offer_updates.csv,archived.offer_updates,8,8,0.0,,2026-08-06 14:06:29.092314,
dc5834a6-f5e4-433e-aaee-7c9a683ceb73,ARCHIVE,ARCHIVE_FILE,Files/archive_unzipped/2026-07-18/audit/jun26/2026-06-04.csv,archived.audit,678,678,0.0,,2026-08-06 03:32:34.891146,
dc5834a6-f5e4-433e-aaee-7c9a683ceb73,ARCHIVE,ARCHIVE_FILE,Files/archive_unzipped/2026-07-21/audit/jun26/2026-06-10.csv,archived.audit,309,309,0.0,,2026-08-06 03:43:40.445561,
dc5834a6-f5e4-433e-aaee-7c9a683ceb73,ARCHIVE,ARCHIVE_FILE,Files/archive_unzipped/2026-07-07/audit/jun26/2026-06-15.csv,archived.audit,345,345,0.0,,2026-08-06 04:49:59.975156,
dc5834a6-f5e4-433e-aaee-7c9a683ceb73,ARCHIVE,ARCHIVE_FILE,Files/archive_unzipped/2026-07-04/audit/jun26/2026-06-05.csv,archived.audit,284,284,0.0,,2026-08-06 00:53:22.961080,
dc5834a6-f5e4-433e-aaee-7c9a683ceb73,ARCHIVE,ARCHIVE_FILE,Files/archive_unzipped/2026-07-04/audit/jun26/2026-06-25.csv,archived.audit,563,563,0.0,,2026-08-06 03:37:05.282735,
dc5834a6-f5e4-433e-aaee-7c9a683ceb73,ARCHIVE,ARCHIVE_FILE,Files/archive_unzipped/2026-07-26/audit/jun26/2026-06-01.csv,archived.audit,178,178,0.0,,2026-08-06 07:00:37.437654,
dc5834a6-f5e4-433e-aaee-7c9a683ceb73,ARCHIVE,ARCHIVE_FILE,Files/archive_unzipped/2026-07-24/audit/jun26/2026-06-24.csv,archived.audit,392,392,0.0,,2026-08-06 05:21:05.589861,
dc5834a6-f5e4-433e-aaee-7c9a683ceb73,ARCHIVE,ARCHIVE_FILE,Files/archive_unzipped/2026-07-04/audit/jun26/2026-06-09.csv,archived.audit,573,573,0.0,,2026-08-06 05:14:20.869824,
dc5834a6-f5e4-433e-aaee-7c9a683ceb73,ARCHIVE,ARCHIVE_FILE,Files/archive_unzipped/2026-07-31/audit/jun26/2026-06-17.csv,archived.audit,705,705,0.0,,2026-08-06 03:53:09.998113,
dc5834a6-f5e4-433e-aaee-7c9a683ceb73,ARCHIVE,ARCHIVE_FILE,Files/archive_unzipped/2026-07-21/audit/jun26/2026-06-05.csv,archived.audit,284,284,0.0,,2026-08-06 02:41:42.754273,
dc5834a6-f5e4-433e-aaee-7c9a683ceb73,ARCHIVE,ARCHIVE_FILE,Files/archive_unzipped/2026-07-20/audit/jun26/2026-06-09.csv,archived.audit,573,573,0.0,,2026-08-06 00:20:22.363322,
dc5834a6-f5e4-433e-aaee-7c9a683ceb73,ARCHIVE,ARCHIVE_FILE,Files/archive_unzipped/2026-07-24/audit/jun26/2026-06-17.csv,archived.audit,705,705,0.0,,2026-08-06 01:52:45.714696,
dc5834a6-f5e4-433e-aaee-7c9a683ceb73,ARCHIVE,ARCHIVE_FILE,Files/archive_unzipped/2026-06-30/audit/may26/2026-05-29.csv,archived.audit,171,171,0.0,,2026-08-06 01:12:59.410345,
dc5834a6-f5e4-433e-aaee-7c9a683ceb73,ARCHIVE,ARCHIVE_FILE,Files/archive_unzipped/2026-07-22/audit/jun26/2026-06-08.csv,archived.audit,661,661,0.0,,2026-08-06 00:29:08.174154,
dc5834a6-f5e4-433e-aaee-7c9a683ceb73,ARCHIVE,ARCHIVE_FILE,Files/archive_unzipped/2026-07-23/audit/jun26/2026-06-08.csv,archived.audit,661,661,0.0,,2026-08-06 01:11:48.024163,
dc5834a6-f5e4-433e-aaee-7c9a683ceb73,ARCHIVE,ARCHIVE_FILE,Files/archive_unzipped/2026-07-21/audit/jun26/2026-06-03.csv,archived.audit,189,189,0.0,,2026-08-06 03:30:51.785343,
dc5834a6-f5e4-433e-aaee-7c9a683ceb73,ARCHIVE,ARCHIVE_FILE,Files/archive_unzipped/2026-07-10/audit/jun26/2026-06-19.csv,archived.audit,506,506,0.0,,2026-08-06 01:47:07.074225,
dc5834a6-f5e4-433e-aaee-7c9a683ceb73,ARCHIVE,ARCHIVE_FILE,Files/archive_unzipped/2026-07-12/audit/jun26/2026-06-12.csv,archived.audit,446,446,0.0,,2026-08-06 02:55:53.753299,
dc5834a6-f5e4-433e-aaee-7c9a683ceb73,ARCHIVE,ARCHIVE_FILE,Files/archive_unzipped/2026-07-16/audit/jun26/2026-06-08.csv,archived.audit,661,661,0.0,,2026-08-06 04:48:26.599160,
dc5834a6-f5e4-433e-aaee-7c9a683ceb73,ARCHIVE,ARCHIVE_FILE,Files/archive_unzipped/2026-07-10/audit/jun26/2026-06-24.csv,archived.audit,392,392,0.0,,2026-08-06 02:35:13.229664,
dc5834a6-f5e4-433e-aaee-7c9a683ceb73,ARCHIVE,ARCHIVE_FILE,Files/archive_unzipped/2026-07-20/audit/jun26/2026-06-02.csv,archived.audit,114,114,0.0,,2026-08-06 07:29:02.765619,
dc5834a6-f5e4-433e-aaee-7c9a683ceb73,ARCHIVE,ARCHIVE_FILE,Files/archive_unzipped/2026-07-08/audit/jun26/2026-06-19.csv,archived.audit,506,506,0.0,,2026-08-06 06:00:00.700553,
dc5834a6-f5e4-433e-aaee-7c9a683ceb73,ARCHIVE,ARCHIVE_FILE,Files/archive_unzipped/2026-07-21/audit/jun26/2026-06-11.csv,archived.audit,405,405,0.0,,2026-08-06 08:08:51.249817,
dc5834a6-f5e4-433e-aaee-7c9a683ceb73,ARCHIVE,ARCHIVE_FILE,Files/archive_unzipped/2026-07-14/audit/jun26/2026-06-02.csv,archived.audit,114,114,0.0,,2026-08-06 05:58:43.131960,
dc5834a6-f5e4-433e-aaee-7c9a683ceb73,ARCHIVE,ARCHIVE_FILE,Files/archive_unzipped/2026-07-11/audit/jun26/2026-06-19.csv,archived.audit,506,506,0.0,,2026-08-06 08:14:57.699727,
dc5834a6-f5e4-433e-aaee-7c9a683ceb73,ARCHIVE,ARCHIVE_FILE,Files/archive_unzipped/2026-07-28/audit/jun26/2026-06-12.csv,archived.audit,446,446,0.0,,2026-08-06 06:49:33.306622,
dc5834a6-f5e4-433e-aaee-7c9a683ceb73,ARCHIVE,ARCHIVE_FILE,Files/archive_unzipped/2026-08-02/audit/jul26/2026-07-03.csv,archived.audit,580,580,0.0,,2026-08-06 04:10:10.152445,
dc5834a6-f5e4-433e-aaee-7c9a683ceb73,ARCHIVE,ARCHIVE_FILE,Files/archive_unzipped/2026-07-27/audit/jun26/2026-06-08.csv,archived.audit,661,661,0.0,,2026-08-06 00:26:50.162563,
dc5834a6-f5e4-433e-aaee-7c9a683ceb73,ARCHIVE,ARCHIVE_FILE,Files/archive_unzipped/2026-07-04/audit/jun26/2026-06-30.csv,archived.audit,183,183,0.0,,2026-08-06 04:26:34.031952,
dc5834a6-f5e4-433e-aaee-7c9a683ceb73,ARCHIVE,ARCHIVE_FILE,Files/archive_unzipped/2026-06-30/audit/may26/2026-05-08.csv,archived.audit,338,338,0.0,,2026-08-06 00:40:18.265683,
dc5834a6-f5e4-433e-aaee-7c9a683ceb73,ARCHIVE,ARCHIVE_FILE,Files/archive_unzipped/2026-07-17/audit/jun26/2026-06-12.csv,archived.audit,446,446,0.0,,2026-08-06 01:58:32.156112,
dc5834a6-f5e4-433e-aaee-7c9a683ceb73,ARCHIVE,ARCHIVE_FILE,Files/archive_unzipped/2026-07-08/audit/jun26/2026-06-05.csv,archived.audit,284,284,0.0,,2026-08-06 01:20:05.459911,
4a41678c-1cf1-4301-8476-d75a10731403,ARCHIVE,ARCHIVE_FILE,Files/archive_unzipped/2026-08-22/referral_provider_decline_reason.csv,archived.referral_provider_decline_reason,16980,16980,0.0,,2026-08-23 00:14:19.123969,
35632134-4a97-43e8-8bc5-827c16a02b05,ARCHIVE,ARCHIVE_FILE,Files/archive_unzipped/2026-08-21/referral_provider_decline_reason.csv,archived.referral_provider_decline_reason,16977,16977,0.0,,2026-08-22 00:08:26.547396,
dc5834a6-f5e4-433e-aaee-7c9a683ceb73,ARCHIVE,ARCHIVE_FILE,Files/archive_unzipped/2026-07-28/audit/jun26/2026-06-02.csv,archived.audit,114,114,0.0,,2026-08-06 05:02:12.609380,
dc5834a6-f5e4-433e-aaee-7c9a683ceb73,ARCHIVE,ARCHIVE_FILE,Files/archive_unzipped/2026-07-14/audit/jun26/2026-06-16.csv,archived.audit,329,329,0.0,,2026-08-06 06:40:46.116929,
dc5834a6-f5e4-433e-aaee-7c9a683ceb73,ARCHIVE,ARCHIVE_FILE,Files/archive_unzipped/2026-07-29/audit/jun26/2026-06-17.csv,archived.audit,705,705,0.0,,2026-08-06 06:27:57.146433,
dc5834a6-f5e4-433e-aaee-7c9a683ceb73,ARCHIVE,ARCHIVE_FILE,Files/archive_unzipped/2026-07-11/audit/jun26/2026-06-05.csv,archived.audit,284,284,0.0,,2026-08-06 04:51:28.150606,
dc5834a6-f5e4-433e-aaee-7c9a683ceb73,ARCHIVE,ARCHIVE_FILE,Files/archive_unzipped/2026-07-26/audit/jun26/2026-06-26.csv,archived.audit,107,107,0.0,,2026-08-06 07:19:27.307139,
dc5834a6-f5e4-433e-aaee-7c9a683ceb73,ARCHIVE,ARCHIVE_FILE,Files/archive_unzipped/2026-07-30/audit/jun26/2026-06-26.csv,archived.audit,107,107,0.0,,2026-08-06 00:32:53.729133,
dc5834a6-f5e4-433e-aaee-7c9a683ceb73,ARCHIVE,ARCHIVE_FILE,Files/archive_unzipped/2026-07-19/audit/jun26/2026-06-11.csv,archived.audit,405,405,0.0,,2026-08-06 00:28:25.087539,
dc5834a6-f5e4-433e-aaee-7c9a683ceb73,ARCHIVE,ARCHIVE_FILE,Files/archive_unzipped/2026-07-06/audit/jun26/2026-06-05.csv,archived.audit,284,284,0.0,,2026-08-06 01:34:25.264909,
dc5834a6-f5e4-433e-aaee-7c9a683ceb73,ARCHIVE,ARCHIVE_FILE,Files/archive_unzipped/2026-07-05/audit/jun26/2026-06-03.csv,archived.audit,189,189,0.0,,2026-08-06 04:27:00.773055,
dc5834a6-f5e4-433e-aaee-7c9a683ceb73,ARCHIVE,ARCHIVE_FILE,Files/archive_unzipped/2026-07-24/audit/jun26/2026-06-15.csv,archived.audit,345,345,0.0,,2026-08-06 01:36:11.151316,
dc5834a6-f5e4-433e-aaee-7c9a683ceb73,ARCHIVE,ARCHIVE_FILE,Files/archive_unzipped/2026-07-24/audit/jun26/2026-06-09.csv,archived.audit,573,573,0.0,,2026-08-06 04:01:10.332825,
dc5834a6-f5e4-433e-aaee-7c9a683ceb73,ARCHIVE,ARCHIVE_FILE,Files/archive_unzipped/2026-07-23/audit/jun26/2026-06-22.csv,archived.audit,904,904,0.0,,2026-08-06 02:40:07.682098,
dc5834a6-f5e4-433e-aaee-7c9a683ceb73,ARCHIVE,ARCHIVE_FILE,Files/archive_unzipped/2026-07-01/audit/jun26/2026-06-22.csv,archived.audit,904,904,0.0,,2026-08-06 04:03:17.937845,
dc5834a6-f5e4-433e-aaee-7c9a683ceb73,ARCHIVE,ARCHIVE_FILE,Files/archive_unzipped/2026-07-24/audit/jun26/2026-06-18.csv,archived.audit,329,329,0.0,,2026-08-06 03:00:35.207062,
dc5834a6-f5e4-433e-aaee-7c9a683ceb73,ARCHIVE,ARCHIVE_FILE,Files/archive_unzipped/2026-07-24/audit/jun26/2026-06-11.csv,archived.audit,405,405,0.0,,2026-08-06 04:09:13.850809,
dc5834a6-f5e4-433e-aaee-7c9a683ceb73,ARCHIVE,ARCHIVE_FILE,Files/archive_unzipped/2026-07-01/audit/jun26/2026-06-10.csv,archived.audit,309,309,0.0,,2026-08-06 05:04:35.952016,
dc5834a6-f5e4-433e-aaee-7c9a683ceb73,ARCHIVE,ARCHIVE_FILE,Files/archive_unzipped/2026-07-17/audit/jun26/2026-06-02.csv,archived.audit,114,114,0.0,,2026-08-06 07:59:13.783248,
dc5834a6-f5e4-433e-aaee-7c9a683ceb73,ARCHIVE,ARCHIVE_FILE,Files/archive_unzipped/2026-07-28/audit/jun26/2026-06-15.csv,archived.audit,345,345,0.0,,2026-08-06 08:20:43.618913,
dc5834a6-f5e4-433e-aaee-7c9a683ceb73,ARCHIVE,ARCHIVE_FILE,Files/archive_unzipped/2026-07-27/audit/jun26/2026-06-16.csv,archived.audit,329,329,0.0,,2026-08-06 00:20:43.022391,
dc5834a6-f5e4-433e-aaee-7c9a683ceb73,ARCHIVE,ARCHIVE_FILE,Files/archive_unzipped/2026-07-04/audit/jun26/2026-06-01.csv,archived.audit,178,178,0.0,,2026-08-06 03:03:28.962811,
dc5834a6-f5e4-433e-aaee-7c9a683ceb73,ARCHIVE,ARCHIVE_FILE,Files/archive_unzipped/2026-07-16/audit/jun26/2026-06-02.csv,archived.audit,114,114,0.0,,2026-08-06 00:32:30.875557,
dc5834a6-f5e4-433e-aaee-7c9a683ceb73,ARCHIVE,ARCHIVE_FILE,Files/archive_unzipped/2026-07-16/audit/jun26/2026-06-23.csv,archived.audit,348,348,0.0,,2026-08-06 00:55:45.119302,
dc5834a6-f5e4-433e-aaee-7c9a683ceb73,ARCHIVE,ARCHIVE_FILE,Files/archive_unzipped/2026-08-04/audit/jul26/2026-07-24.csv,archived.audit,685,685,0.0,,2026-08-06 04:21:36.733227,
dc5834a6-f5e4-433e-aaee-7c9a683ceb73,ARCHIVE,ARCHIVE_FILE,Files/archive_unzipped/2026-07-09/audit/jun26/2026-06-30.csv,archived.audit,183,183,0.0,,2026-08-06 04:04:44.272889,
dc5834a6-f5e4-433e-aaee-7c9a683ceb73,ARCHIVE,ARCHIVE_FILE,Files/archive_unzipped/2026-07-27/audit/jun26/2026-06-30.csv,archived.audit,183,183,0.0,,2026-08-06 01:15:22.569343,
dc5834a6-f5e4-433e-aaee-7c9a683ceb73,ARCHIVE,ARCHIVE_FILE,Files/archive_unzipped/2026-07-20/audit/jun26/2026-06-08.csv,archived.audit,661,661,0.0,,2026-08-06 02:01:12.575010,
dc5834a6-f5e4-433e-aaee-7c9a683ceb73,ARCHIVE,ARCHIVE_FILE,Files/archive_unzipped/2026-07-31/audit/jun26/2026-06-04.csv,archived.audit,678,678,0.0,,2026-08-06 03:05:15.403713,
dc5834a6-f5e4-433e-aaee-7c9a683ceb73,ARCHIVE,ARCHIVE_FILE,Files/archive_unzipped/2026-07-30/audit/jun26/2026-06-23.csv,archived.audit,348,348,0.0,,2026-08-06 02:04:07.596605,
dc5834a6-f5e4-433e-aaee-7c9a683ceb73,ARCHIVE,ARCHIVE_FILE,Files/archive_unzipped/2026-07-02/audit/jun26/2026-06-30.csv,archived.audit,183,183,0.0,,2026-08-06 02:27:47.965956,
dc5834a6-f5e4-433e-aaee-7c9a683ceb73,ARCHIVE,ARCHIVE_FILE,Files/archive_unzipped/2026-07-07/audit/jun26/2026-06-26.csv,archived.audit,107,107,0.0,,2026-08-06 05:07:46.857980,
dc5834a6-f5e4-433e-aaee-7c9a683ceb73,ARCHIVE,ARCHIVE_FILE,Files/archive_unzipped/2026-07-15/audit/jun26/2026-06-10.csv,archived.audit,309,309,0.0,,2026-08-06 07:40:01.184718,
dc5834a6-f5e4-433e-aaee-7c9a683ceb73,ARCHIVE,ARCHIVE_FILE,Files/archive_unzipped/2026-07-30/audit/jun26/2026-06-25.csv,archived.audit,563,563,0.0,,2026-08-06 06:08:59.117713,
f500acd5-ceed-482d-8a90-6af3cd75d312,SILVER,ARCHIVE_MONTH_END,archived.ipa_child_support_needs,silver.ipa_child_support_needs,64,64,0.0,,2026-08-21 10:03:47.835654,78a97d6e-b4bb-4909-9c22-e6a69f27f6ac
35632134-4a97-43e8-8bc5-827c16a02b05,ARCHIVE,ARCHIVE_FILE,Files/archive_unzipped/2026-08-21/referral_provider_cancel_reason.csv,archived.referral_provider_cancel_reason,31916,31916,0.0,,2026-08-22 00:05:40.663056,
4a41678c-1cf1-4301-8476-d75a10731403,ARCHIVE,ARCHIVE_FILE,Files/archive_unzipped/2026-08-22/referral_provider_cancel_reason.csv,archived.referral_provider_cancel_reason,31916,31916,0.0,,2026-08-23 00:06:13.852836,
dc5834a6-f5e4-433e-aaee-7c9a683ceb73,ARCHIVE,ARCHIVE_FILE,Files/archive_unzipped/2026-07-13/audit/jun26/2026-06-26.csv,archived.audit,107,107,0.0,,2026-08-06 03:34:48.090739,
dc5834a6-f5e4-433e-aaee-7c9a683ceb73,ARCHIVE,ARCHIVE_FILE,Files/archive_unzipped/2026-07-30/audit/jun26/2026-06-17.csv,archived.audit,705,705,0.0,,2026-08-06 02:50:57.324813,
dc5834a6-f5e4-433e-aaee-7c9a683ceb73,ARCHIVE,ARCHIVE_FILE,Files/archive_unzipped/2026-07-12/audit/jun26/2026-06-11.csv,archived.audit,405,405,0.0,,2026-08-06 02:03:24.557992,
dc5834a6-f5e4-433e-aaee-7c9a683ceb73,ARCHIVE,ARCHIVE_FILE,Files/archive_unzipped/2026-07-17/audit/jun26/2026-06-18.csv,archived.audit,329,329,0.0,,2026-08-06 05:23:45.332759,
dc5834a6-f5e4-433e-aaee-7c9a683ceb73,ARCHIVE,ARCHIVE_FILE,Files/archive_unzipped/2026-07-04/audit/jun26/2026-06-02.csv,archived.audit,114,114,0.0,,2026-08-06 08:19:43.938839,
dc5834a6-f5e4-433e-aaee-7c9a683ceb73,ARCHIVE,ARCHIVE_FILE,Files/archive_unzipped/2026-07-22/audit/jun26/2026-06-19.csv,archived.audit,506,506,0.0,,2026-08-06 02:36:00.137663,
dc5834a6-f5e4-433e-aaee-7c9a683ceb73,ARCHIVE,ARCHIVE_FILE,Files/archive_unzipped/2026-07-11/audit/jun26/2026-06-30.csv,archived.audit,183,183,0.0,,2026-08-06 03:16:56.398720,
dc5834a6-f5e4-433e-aaee-7c9a683ceb73,ARCHIVE,ARCHIVE_FILE,Files/archive_unzipped/2026-07-06/audit/jun26/2026-06-11.csv,archived.audit,405,405,0.0,,2026-08-06 03:47:00.101539,
dc5834a6-f5e4-433e-aaee-7c9a683ceb73,ARCHIVE,ARCHIVE_FILE,Files/archive_unzipped/2026-07-29/audit/jun26/2026-06-26.csv,archived.audit,107,107,0.0,,2026-08-06 02:37:35.971790,
dc5834a6-f5e4-433e-aaee-7c9a683ceb73,ARCHIVE,ARCHIVE_FILE,Files/archive_unzipped/2026-07-21/audit/jun26/2026-06-29.csv,archived.audit,561,561,0.0,,2026-08-06 04:44:25.313342,
dc5834a6-f5e4-433e-aaee-7c9a683ceb73,ARCHIVE,ARCHIVE_FILE,Files/archive_unzipped/2026-07-23/audit/jun26/2026-06-15.csv,archived.audit,345,345,0.0,,2026-08-06 03:57:31.068862,
dc5834a6-f5e4-433e-aaee-7c9a683ceb73,ARCHIVE,ARCHIVE_FILE,Files/archive_unzipped/2026-07-01/audit/jun26/2026-06-16.csv,archived.audit,329,329,0.0,,2026-08-06 05:31:42.674014,
dc5834a6-f5e4-433e-aaee-7c9a683ceb73,ARCHIVE,ARCHIVE_FILE,Files/archive_unzipped/2026-07-20/audit/jun26/2026-06-16.csv,archived.audit,329,329,0.0,,2026-08-06 06:15:49.684306,
dc5834a6-f5e4-433e-aaee-7c9a683ceb73,ARCHIVE,ARCHIVE_FILE,Files/archive_unzipped/2026-07-24/audit/jun26/2026-06-08.csv,archived.audit,661,661,0.0,,2026-08-06 05:36:56.144695,
dc5834a6-f5e4-433e-aaee-7c9a683ceb73,ARCHIVE,ARCHIVE_FILE,Files/archive_unzipped/2026-07-26/audit/jun26/2026-06-15.csv,archived.audit,345,345,0.0,,2026-08-06 05:10:18.688362,
dc5834a6-f5e4-433e-aaee-7c9a683ceb73,ARCHIVE,ARCHIVE_FILE,Files/archive_unzipped/2026-07-29/audit/jun26/2026-06-25.csv,archived.audit,563,563,0.0,,2026-08-06 05:38:47.333713,
dc5834a6-f5e4-433e-aaee-7c9a683ceb73,ARCHIVE,ARCHIVE_FILE,Files/archive_unzipped/2026-08-03/audit/jul26/2026-07-03.csv,archived.audit,580,580,0.0,,2026-08-06 06:05:10.582568,
dc5834a6-f5e4-433e-aaee-7c9a683ceb73,ARCHIVE,ARCHIVE_FILE,Files/archive_unzipped/2026-07-20/audit/jun26/2026-06-18.csv,archived.audit,329,329,0.0,,2026-08-06 08:03:10.093067,
dc5834a6-f5e4-433e-aaee-7c9a683ceb73,ARCHIVE,ARCHIVE_FILE,Files/archive_unzipped/2026-07-02/audit/jun26/2026-06-10.csv,archived.audit,309,309,0.0,,2026-08-06 00:33:16.671671,
dc5834a6-f5e4-433e-aaee-7c9a683ceb73,ARCHIVE,ARCHIVE_FILE,Files/archive_unzipped/2026-07-20/audit/jun26/2026-06-30.csv,archived.audit,183,183,0.0,,2026-08-06 01:37:30.094296,
dc5834a6-f5e4-433e-aaee-7c9a683ceb73,ARCHIVE,ARCHIVE_FILE,Files/archive_unzipped/2026-07-23/audit/jun26/2026-06-24.csv,archived.audit,392,392,0.0,,2026-08-06 01:04:50.705032,
dc5834a6-f5e4-433e-aaee-7c9a683ceb73,ARCHIVE,ARCHIVE_FILE,Files/archive_unzipped/2026-07-13/audit/jun26/2026-06-25.csv,archived.audit,563,563,0.0,,2026-08-06 00:16:08.711188,
dc5834a6-f5e4-433e-aaee-7c9a683ceb73,ARCHIVE,ARCHIVE_FILE,Files/archive_unzipped/2026-07-19/audit/jun26/2026-06-15.csv,archived.audit,345,345,0.0,,2026-08-06 01:01:24.907521,
dc5834a6-f5e4-433e-aaee-7c9a683ceb73,ARCHIVE,ARCHIVE_FILE,Files/archive_unzipped/2026-07-25/audit/jun26/2026-06-15.csv,archived.audit,345,345,0.0,,2026-08-06 00:49:46.961507,
dc5834a6-f5e4-433e-aaee-7c9a683ceb73,ARCHIVE,ARCHIVE_FILE,Files/archive_unzipped/2026-07-04/audit/jun26/2026-06-22.csv,archived.audit,904,904,0.0,,2026-08-06 01:26:04.646609,
dc5834a6-f5e4-433e-aaee-7c9a683ceb73,ARCHIVE,ARCHIVE_FILE,Files/archive_unzipped/2026-07-01/audit/jun26/2026-06-26.csv,archived.audit,107,107,0.0,,2026-08-06 03:12:59.550586,
dc5834a6-f5e4-433e-aaee-7c9a683ceb73,ARCHIVE,ARCHIVE_FILE,Files/archive_unzipped/2026-07-23/audit/jun26/2026-06-11.csv,archived.audit,405,405,0.0,,2026-08-06 07:47:45.204036,
dc5834a6-f5e4-433e-aaee-7c9a683ceb73,ARCHIVE,ARCHIVE_FILE,Files/archive_unzipped/2026-07-02/audit/jun26/2026-06-24.csv,archived.audit,392,392,0.0,,2026-08-06 05:32:13.256696,
dc5834a6-f5e4-433e-aaee-7c9a683ceb73,ARCHIVE,ARCHIVE_FILE,Files/archive_unzipped/2026-07-17/audit/jun26/2026-06-05.csv,archived.audit,284,284,0.0,,2026-08-06 05:50:26.023282,
dc5834a6-f5e4-433e-aaee-7c9a683ceb73,ARCHIVE,ARCHIVE_FILE,Files/archive_unzipped/2026-07-02/audit/jun26/2026-06-03.csv,archived.audit,189,189,0.0,,2026-08-06 08:34:05.476028,
dc5834a6-f5e4-433e-aaee-7c9a683ceb73,ARCHIVE,ARCHIVE_FILE,Files/archive_unzipped/2026-07-06/audit/jun26/2026-06-01.csv,archived.audit,178,178,0.0,,2026-08-06 01:38:57.000341,
dc5834a6-f5e4-433e-aaee-7c9a683ceb73,ARCHIVE,ARCHIVE_FILE,Files/archive_unzipped/2026-07-29/audit/jun26/2026-06-30.csv,archived.audit,183,183,0.0,,2026-08-06 02:46:08.978920,
dc5834a6-f5e4-433e-aaee-7c9a683ceb73,ARCHIVE,ARCHIVE_FILE,Files/archive_unzipped/2026-07-29/audit/jun26/2026-06-22.csv,archived.audit,904,904,0.0,,2026-08-06 05:21:32.110639,
dc5834a6-f5e4-433e-aaee-7c9a683ceb73,ARCHIVE,ARCHIVE_FILE,Files/archive_unzipped/2026-07-08/audit/jun26/2026-06-11.csv,archived.audit,405,405,0.0,,2026-08-06 07:34:14.999384,
dc5834a6-f5e4-433e-aaee-7c9a683ceb73,ARCHIVE,ARCHIVE_FILE,Files/archive_unzipped/2026-07-02/audit/jun26/2026-06-04.csv,archived.audit,678,678,0.0,,2026-08-06 07:02:46.880822,
dc5834a6-f5e4-433e-aaee-7c9a683ceb73,ARCHIVE,ARCHIVE_FILE,Files/archive_unzipped/2026-07-04/audit/jun26/2026-06-03.csv,archived.audit,189,189,0.0,,2026-08-06 05:26:09.833029,
dc5834a6-f5e4-433e-aaee-7c9a683ceb73,ARCHIVE,ARCHIVE_FILE,Files/archive_unzipped/2026-07-07/audit/jun26/2026-06-01.csv,archived.audit,178,178,0.0,,2026-08-06 06:51:56.285000,
dc5834a6-f5e4-433e-aaee-7c9a683ceb73,ARCHIVE,ARCHIVE_FILE,Files/archive_unzipped/2026-07-19/audit/jun26/2026-06-18.csv,archived.audit,329,329,0.0,,2026-08-06 02:29:44.955491,
dc5834a6-f5e4-433e-aaee-7c9a683ceb73,ARCHIVE,ARCHIVE_FILE,Files/archive_unzipped/2026-07-25/audit/jun26/2026-06-08.csv,archived.audit,661,661,0.0,,2026-08-06 00:42:54.892849,
dc5834a6-f5e4-433e-aaee-7c9a683ceb73,ARCHIVE,ARCHIVE_FILE,Files/archive_unzipped/2026-07-12/audit/jun26/2026-06-16.csv,archived.audit,329,329,0.0,,2026-08-06 00:51:55.272680,
dc5834a6-f5e4-433e-aaee-7c9a683ceb73,ARCHIVE,ARCHIVE_FILE,Files/archive_unzipped/2026-07-30/audit/jun26/2026-06-02.csv,archived.audit,114,114,0.0,,2026-08-06 03:52:19.491114,
dc5834a6-f5e4-433e-aaee-7c9a683ceb73,ARCHIVE,ARCHIVE_FILE,Files/archive_unzipped/2026-07-02/audit/jun26/2026-06-01.csv,archived.audit,178,178,0.0,,2026-08-06 01:15:42.286495,
dc5834a6-f5e4-433e-aaee-7c9a683ceb73,ARCHIVE,ARCHIVE_FILE,Files/archive_unzipped/2026-07-19/audit/jun26/2026-06-19.csv,archived.audit,506,506,0.0,,2026-08-06 02:07:17.876669,
dc5834a6-f5e4-433e-aaee-7c9a683ceb73,ARCHIVE,ARCHIVE_FILE,Files/archive_unzipped/2026-07-01/audit/jun26/2026-06-04.csv,archived.audit,678,678,0.0,,2026-08-06 05:24:41.900108,
dc5834a6-f5e4-433e-aaee-7c9a683ceb73,ARCHIVE,ARCHIVE_FILE,Files/archive_unzipped/2026-07-14/audit/jun26/2026-06-24.csv,archived.audit,392,392,0.0,,2026-08-06 07:58:38.073657,
dc5834a6-f5e4-433e-aaee-7c9a683ceb73,ARCHIVE,ARCHIVE_FILE,Files/archive_unzipped/2026-07-03/audit/jun26/2026-06-08.csv,archived.audit,661,661,0.0,,2026-08-06 05:17:43.533309,
dc5834a6-f5e4-433e-aaee-7c9a683ceb73,ARCHIVE,ARCHIVE_FILE,Files/archive_unzipped/2026-07-03/audit/jun26/2026-06-10.csv,archived.audit,309,309,0.0,,2026-08-06 07:17:16.503752,
dc5834a6-f5e4-433e-aaee-7c9a683ceb73,ARCHIVE,ARCHIVE_FILE,Files/archive_unzipped/2026-07-15/audit/jun26/2026-06-03.csv,archived.audit,189,189,0.0,,2026-08-06 07:34:48.127162,
dc5834a6-f5e4-433e-aaee-7c9a683ceb73,ARCHIVE,ARCHIVE_FILE,Files/archive_unzipped/2026-07-22/audit/jun26/2026-06-22.csv,archived.audit,904,904,0.0,,2026-08-06 07:33:20.710252,
dc5834a6-f5e4-433e-aaee-7c9a683ceb73,ARCHIVE,ARCHIVE_FILE,Files/archive_unzipped/2026-07-06/audit/jun26/2026-06-04.csv,archived.audit,678,678,0.0,,2026-08-06 03:59:48.049650,
dc5834a6-f5e4-433e-aaee-7c9a683ceb73,ARCHIVE,ARCHIVE_FILE,Files/archive_unzipped/2026-07-07/audit/jun26/2026-06-08.csv,archived.audit,661,661,0.0,,2026-08-06 01:19:46.078599,
dc5834a6-f5e4-433e-aaee-7c9a683ceb73,ARCHIVE,ARCHIVE_FILE,Files/archive_unzipped/2026-07-23/audit/jun26/2026-06-12.csv,archived.audit,446,446,0.0,,2026-08-06 00:22:01.258862,
dc5834a6-f5e4-433e-aaee-7c9a683ceb73,ARCHIVE,ARCHIVE_FILE,Files/archive_unzipped/2026-07-31/audit/jun26/2026-06-29.csv,archived.audit,561,561,0.0,,2026-08-06 01:53:06.339288,
dc5834a6-f5e4-433e-aaee-7c9a683ceb73,ARCHIVE,ARCHIVE_FILE,Files/archive_unzipped/2026-08-01/audit/jul26/2026-07-03.csv,archived.audit,580,580,0.0,,2026-08-06 01:23:31.969331,
dc5834a6-f5e4-433e-aaee-7c9a683ceb73,ARCHIVE,ARCHIVE_FILE,Files/archive_unzipped/2026-07-22/audit/jun26/2026-06-02.csv,archived.audit,114,114,0.0,,2026-08-06 04:19:06.106734,
dc5834a6-f5e4-433e-aaee-7c9a683ceb73,ARCHIVE,ARCHIVE_FILE,Files/archive_unzipped/2026-07-14/audit/jun26/2026-06-10.csv,archived.audit,309,309,0.0,,2026-08-06 01:13:39.580557,
dc5834a6-f5e4-433e-aaee-7c9a683ceb73,ARCHIVE,ARCHIVE_FILE,Files/archive_unzipped/2026-07-18/audit/jun26/2026-06-17.csv,archived.audit,705,705,0.0,,2026-08-06 03:26:47.411662,
dc5834a6-f5e4-433e-aaee-7c9a683ceb73,ARCHIVE,ARCHIVE_FILE,Files/archive_unzipped/2026-07-19/audit/jun26/2026-06-03.csv,archived.audit,189,189,0.0,,2026-08-06 07:47:11.233469,
dc5834a6-f5e4-433e-aaee-7c9a683ceb73,ARCHIVE,ARCHIVE_FILE,Files/archive_unzipped/2026-07-27/audit/jun26/2026-06-05.csv,archived.audit,284,284,0.0,,2026-08-06 07:30:41.639321,
dc5834a6-f5e4-433e-aaee-7c9a683ceb73,ARCHIVE,ARCHIVE_FILE,Files/archive_unzipped/2026-07-03/audit/jun26/2026-06-19.csv,archived.audit,506,506,0.0,,2026-08-06 06:47:00.367639,
dc5834a6-f5e4-433e-aaee-7c9a683ceb73,ARCHIVE,ARCHIVE_FILE,Files/archive_unzipped/2026-07-18/audit/jun26/2026-06-30.csv,archived.audit,183,183,0.0,,2026-08-06 07:07:35.068987,
dc5834a6-f5e4-433e-aaee-7c9a683ceb73,ARCHIVE,ARCHIVE_FILE,Files/archive_unzipped/2026-07-26/audit/jun26/2026-06-12.csv,archived.audit,446,446,0.0,,2026-08-06 02:03:46.198488,
dc5834a6-f5e4-433e-aaee-7c9a683ceb73,ARCHIVE,ARCHIVE_FILE,Files/archive_unzipped/2026-07-05/audit/jun26/2026-06-19.csv,archived.audit,506,506,0.0,,2026-08-06 00:41:38.730024,
dc5834a6-f5e4-433e-aaee-7c9a683ceb73,ARCHIVE,ARCHIVE_FILE,Files/archive_unzipped/2026-07-08/audit/jun26/2026-06-04.csv,archived.audit,678,678,0.0,,2026-08-06 04:47:28.611839,
dc5834a6-f5e4-433e-aaee-7c9a683ceb73,ARCHIVE,ARCHIVE_FILE,Files/archive_unzipped/2026-07-21/audit/jun26/2026-06-02.csv,archived.audit,114,114,0.0,,2026-08-06 04:43:28.730931,
dc5834a6-f5e4-433e-aaee-7c9a683ceb73,ARCHIVE,ARCHIVE_FILE,Files/archive_unzipped/2026-07-26/audit/jun26/2026-06-10.csv,archived.audit,309,309,0.0,,2026-08-06 00:39:39.578459,
dc5834a6-f5e4-433e-aaee-7c9a683ceb73,ARCHIVE,ARCHIVE_FILE,Files/archive_unzipped/2026-07-06/audit/jun26/2026-06-03.csv,archived.audit,189,189,0.0,,2026-08-06 00:19:39.374519,
dc5834a6-f5e4-433e-aaee-7c9a683ceb73,ARCHIVE,ARCHIVE_FILE,Files/archive_unzipped/2026-07-16/audit/jun26/2026-06-04.csv,archived.audit,678,678,0.0,,2026-08-06 00:46:27.378990,
dc5834a6-f5e4-433e-aaee-7c9a683ceb73,ARCHIVE,ARCHIVE_FILE,Files/archive_unzipped/2026-07-18/audit/jun26/2026-06-10.csv,archived.audit,309,309,0.0,,2026-08-06 01:50:08.825287,
dc5834a6-f5e4-433e-aaee-7c9a683ceb73,ARCHIVE,ARCHIVE_FILE,Files/archive_unzipped/2026-07-27/audit/jun26/2026-06-01.csv,archived.audit,178,178,0.0,,2026-08-06 07:10:37.106424,
dc5834a6-f5e4-433e-aaee-7c9a683ceb73,ARCHIVE,ARCHIVE_FILE,Files/archive_unzipped/2026-07-12/audit/jun26/2026-06-29.csv,archived.audit,561,561,0.0,,2026-08-06 06:25:21.462337,
dc5834a6-f5e4-433e-aaee-7c9a683ceb73,ARCHIVE,ARCHIVE_FILE,Files/archive_unzipped/2026-07-15/audit/jun26/2026-06-18.csv,archived.audit,329,329,0.0,,2026-08-06 07:44:45.455251,
dc5834a6-f5e4-433e-aaee-7c9a683ceb73,ARCHIVE,ARCHIVE_FILE,Files/archive_unzipped/2026-07-23/audit/jun26/2026-06-19.csv,archived.audit,506,506,0.0,,2026-08-06 06:10:59.581663,
dc5834a6-f5e4-433e-aaee-7c9a683ceb73,ARCHIVE,ARCHIVE_FILE,Files/archive_unzipped/2026-07-29/audit/jun26/2026-06-02.csv,archived.audit,114,114,0.0,,2026-08-06 07:03:50.904601,
dc5834a6-f5e4-433e-aaee-7c9a683ceb73,ARCHIVE,ARCHIVE_FILE,Files/archive_unzipped/2026-07-06/audit/jun26/2026-06-23.csv,archived.audit,348,348,0.0,,2026-08-06 02:20:43.921270,
dc5834a6-f5e4-433e-aaee-7c9a683ceb73,ARCHIVE,ARCHIVE_FILE,Files/archive_unzipped/2026-07-27/audit/jun26/2026-06-24.csv,archived.audit,392,392,0.0,,2026-08-06 03:49:13.250213,
dc5834a6-f5e4-433e-aaee-7c9a683ceb73,ARCHIVE,ARCHIVE_FILE,Files/archive_unzipped/2026-07-02/audit/jun26/2026-06-18.csv,archived.audit,329,329,0.0,,2026-08-06 02:03:01.233417,
dc5834a6-f5e4-433e-aaee-7c9a683ceb73,ARCHIVE,ARCHIVE_FILE,Files/archive_unzipped/2026-07-04/audit/jun26/2026-06-08.csv,archived.audit,661,661,0.0,,2026-08-06 04:03:45.191479,
dc5834a6-f5e4-433e-aaee-7c9a683ceb73,ARCHIVE,ARCHIVE_FILE,Files/archive_unzipped/2026-07-09/audit/jun26/2026-06-29.csv,archived.audit,561,561,0.0,,2026-08-06 02:43:44.058880,
dc5834a6-f5e4-433e-aaee-7c9a683ceb73,ARCHIVE,ARCHIVE_FILE,Files/archive_unzipped/2026-07-02/audit/jun26/2026-06-17.csv,archived.audit,705,705,0.0,,2026-08-06 03:25:55.713489,
dc5834a6-f5e4-433e-aaee-7c9a683ceb73,ARCHIVE,ARCHIVE_FILE,Files/archive_unzipped/2026-07-05/audit/jun26/2026-06-08.csv,archived.audit,661,661,0.0,,2026-08-06 01:45:47.820548,
dc5834a6-f5e4-433e-aaee-7c9a683ceb73,ARCHIVE,ARCHIVE_FILE,Files/archive_unzipped/2026-07-12/audit/jun26/2026-06-26.csv,archived.audit,107,107,0.0,,2026-08-06 03:51:28.348017,
dc5834a6-f5e4-433e-aaee-7c9a683ceb73,ARCHIVE,ARCHIVE_FILE,Files/archive_unzipped/2026-07-05/audit/jun26/2026-06-17.csv,archived.audit,705,705,0.0,,2026-08-06 03:50:33.734171,
dc5834a6-f5e4-433e-aaee-7c9a683ceb73,ARCHIVE,ARCHIVE_FILE,Files/archive_unzipped/2026-07-18/audit/jun26/2026-06-29.csv,archived.audit,561,561,0.0,,2026-08-06 01:52:24.057846,
dc5834a6-f5e4-433e-aaee-7c9a683ceb73,ARCHIVE,ARCHIVE_FILE,Files/archive_unzipped/2026-07-13/audit/jun26/2026-06-01.csv,archived.audit,178,178,0.0,,2026-08-06 07:22:15.898350,
dc5834a6-f5e4-433e-aaee-7c9a683ceb73,ARCHIVE,ARCHIVE_FILE,Files/archive_unzipped/2026-07-10/audit/jun26/2026-06-16.csv,archived.audit,329,329,0.0,,2026-08-06 06:10:29.241438,
dc5834a6-f5e4-433e-aaee-7c9a683ceb73,ARCHIVE,ARCHIVE_FILE,Files/archive_unzipped/2026-07-01/audit/jun26/2026-06-09.csv,archived.audit,573,573,0.0,,2026-08-06 05:43:01.216615,
dc5834a6-f5e4-433e-aaee-7c9a683ceb73,ARCHIVE,ARCHIVE_FILE,Files/archive_unzipped/2026-07-03/audit/jun26/2026-06-22.csv,archived.audit,904,904,0.0,,2026-08-06 07:38:55.248509,
dc5834a6-f5e4-433e-aaee-7c9a683ceb73,ARCHIVE,ARCHIVE_FILE,Files/archive_unzipped/2026-07-10/audit/jun26/2026-06-23.csv,archived.audit,348,348,0.0,,2026-08-06 06:07:31.531222,
dc5834a6-f5e4-433e-aaee-7c9a683ceb73,ARCHIVE,ARCHIVE_FILE,Files/archive_unzipped/2026-07-19/audit/jun26/2026-06-22.csv,archived.audit,904,904,0.0,,2026-08-06 06:45:12.737706,
dc5834a6-f5e4-433e-aaee-7c9a683ceb73,ARCHIVE,ARCHIVE_FILE,Files/archive_unzipped/2026-07-08/audit/jun26/2026-06-26.csv,archived.audit,107,107,0.0,,2026-08-06 06:21:18.524045,
dc5834a6-f5e4-433e-aaee-7c9a683ceb73,ARCHIVE,ARCHIVE_FILE,Files/archive_unzipped/2026-08-04/audit/jul26/2026-07-04.csv,archived.audit,227,227,0.0,,2026-08-06 08:28:49.759033,
dc5834a6-f5e4-433e-aaee-7c9a683ceb73,ARCHIVE,ARCHIVE_FILE,Files/archive_unzipped/2026-08-03/audit/jul26/2026-07-04.csv,archived.audit,227,227,0.0,,2026-08-06 08:22:24.646208,
dc5834a6-f5e4-433e-aaee-7c9a683ceb73,ARCHIVE,ARCHIVE_FILE,Files/archive_unzipped/2026-07-04/audit/jun26/2026-06-19.csv,archived.audit,506,506,0.0,,2026-08-06 02:41:19.898848,
dc5834a6-f5e4-433e-aaee-7c9a683ceb73,ARCHIVE,ARCHIVE_FILE,Files/archive_unzipped/2026-07-15/audit/jun26/2026-06-08.csv,archived.audit,661,661,0.0,,2026-08-06 03:29:56.929332,
dc5834a6-f5e4-433e-aaee-7c9a683ceb73,ARCHIVE,ARCHIVE_FILE,Files/archive_unzipped/2026-07-11/audit/jun26/2026-06-11.csv,archived.audit,405,405,0.0,,2026-08-06 00:37:46.931280,
dc5834a6-f5e4-433e-aaee-7c9a683ceb73,ARCHIVE,ARCHIVE_FILE,Files/archive_unzipped/2026-07-01/audit/jun26/2026-06-19.csv,archived.audit,506,506,0.0,,2026-08-06 02:20:21.453077,
dc5834a6-f5e4-433e-aaee-7c9a683ceb73,ARCHIVE,ARCHIVE_FILE,Files/archive_unzipped/2026-07-06/audit/jun26/2026-06-19.csv,archived.audit,506,506,0.0,,2026-08-06 04:31:20.658472,
dc5834a6-f5e4-433e-aaee-7c9a683ceb73,ARCHIVE,ARCHIVE_FILE,Files/archive_unzipped/2026-07-24/audit/jun26/2026-06-16.csv,archived.audit,329,329,0.0,,2026-08-06 04:53:36.324776,
dc5834a6-f5e4-433e-aaee-7c9a683ceb73,ARCHIVE,ARCHIVE_FILE,Files/archive_unzipped/2026-07-14/audit/jun26/2026-06-05.csv,archived.audit,284,284,0.0,,2026-08-06 06:35:33.791405,
dc5834a6-f5e4-433e-aaee-7c9a683ceb73,ARCHIVE,ARCHIVE_FILE,Files/archive_unzipped/2026-07-15/audit/jun26/2026-06-09.csv,archived.audit,573,573,0.0,,2026-08-06 04:56:15.541144,
dc5834a6-f5e4-433e-aaee-7c9a683ceb73,ARCHIVE,ARCHIVE_FILE,Files/archive_unzipped/2026-07-14/audit/jun26/2026-06-09.csv,archived.audit,573,573,0.0,,2026-08-06 05:49:56.975764,
dc5834a6-f5e4-433e-aaee-7c9a683ceb73,ARCHIVE,ARCHIVE_FILE,Files/archive_unzipped/2026-07-23/audit/jun26/2026-06-03.csv,archived.audit,189,189,0.0,,2026-08-06 06:56:50.765370,
dc5834a6-f5e4-433e-aaee-7c9a683ceb73,ARCHIVE,ARCHIVE_FILE,Files/archive_unzipped/2026-07-27/audit/jun26/2026-06-19.csv,archived.audit,506,506,0.0,,2026-08-06 05:06:24.237546,
dc5834a6-f5e4-433e-aaee-7c9a683ceb73,ARCHIVE,ARCHIVE_FILE,Files/archive_unzipped/2026-07-14/audit/jun26/2026-06-22.csv,archived.audit,904,904,0.0,,2026-08-06 00:54:18.830012,
dc5834a6-f5e4-433e-aaee-7c9a683ceb73,ARCHIVE,ARCHIVE_FILE,Files/archive_unzipped/2026-07-13/audit/jun26/2026-06-02.csv,archived.audit,114,114,0.0,,2026-08-06 00:48:52.290747,
dc5834a6-f5e4-433e-aaee-7c9a683ceb73,ARCHIVE,ARCHIVE_FILE,Files/archive_unzipped/2026-07-20/audit/jun26/2026-06-29.csv,archived.audit,561,561,0.0,,2026-08-06 03:30:26.535255,
dc5834a6-f5e4-433e-aaee-7c9a683ceb73,ARCHIVE,ARCHIVE_FILE,Files/archive_unzipped/2026-07-22/audit/jun26/2026-06-16.csv,archived.audit,329,329,0.0,,2026-08-06 01:35:50.724502,
dc5834a6-f5e4-433e-aaee-7c9a683ceb73,ARCHIVE,ARCHIVE_FILE,Files/archive_unzipped/2026-07-11/audit/jun26/2026-06-16.csv,archived.audit,329,329,0.0,,2026-08-06 00:45:50.492708,
dc5834a6-f5e4-433e-aaee-7c9a683ceb73,ARCHIVE,ARCHIVE_FILE,Files/archive_unzipped/2026-07-03/audit/jun26/2026-06-26.csv,archived.audit,107,107,0.0,,2026-08-06 00:59:10.666231,
dc5834a6-f5e4-433e-aaee-7c9a683ceb73,ARCHIVE,ARCHIVE_FILE,Files/archive_unzipped/2026-07-25/audit/jun26/2026-06-10.csv,archived.audit,309,309,0.0,,2026-08-06 07:52:03.768586,
dc5834a6-f5e4-433e-aaee-7c9a683ceb73,ARCHIVE,ARCHIVE_FILE,Files/archive_unzipped/2026-07-26/audit/jun26/2026-06-17.csv,archived.audit,705,705,0.0,,2026-08-06 08:17:17.148337,
dc5834a6-f5e4-433e-aaee-7c9a683ceb73,ARCHIVE,ARCHIVE_FILE,Files/archive_unzipped/2026-07-05/audit/jun26/2026-06-30.csv,archived.audit,183,183,0.0,,2026-08-06 03:54:24.690692,
dc5834a6-f5e4-433e-aaee-7c9a683ceb73,ARCHIVE,ARCHIVE_FILE,Files/archive_unzipped/2026-07-07/audit/jun26/2026-06-17.csv,archived.audit,705,705,0.0,,2026-08-06 04:36:18.325665,
dc5834a6-f5e4-433e-aaee-7c9a683ceb73,ARCHIVE,ARCHIVE_FILE,Files/archive_unzipped/2026-07-17/audit/jun26/2026-06-03.csv,archived.audit,189,189,0.0,,2026-08-06 03:10:43.684807,
dc5834a6-f5e4-433e-aaee-7c9a683ceb73,ARCHIVE,ARCHIVE_FILE,Files/archive_unzipped/2026-07-28/audit/jun26/2026-06-10.csv,archived.audit,309,309,0.0,,2026-08-06 02:37:12.571770,
dc5834a6-f5e4-433e-aaee-7c9a683ceb73,ARCHIVE,ARCHIVE_FILE,Files/archive_unzipped/2026-07-11/audit/jun26/2026-06-01.csv,archived.audit,178,178,0.0,,2026-08-06 02:44:06.502235,
dc5834a6-f5e4-433e-aaee-7c9a683ceb73,ARCHIVE,ARCHIVE_FILE,Files/archive_unzipped/2026-07-20/audit/jun26/2026-06-03.csv,archived.audit,189,189,0.0,,2026-08-06 03:04:22.354735,
dc5834a6-f5e4-433e-aaee-7c9a683ceb73,ARCHIVE,ARCHIVE_FILE,Files/archive_unzipped/2026-06-30/audit/may26/2026-05-28.csv,archived.audit,226,226,0.0,,2026-08-06 01:38:35.131284,
dc5834a6-f5e4-433e-aaee-7c9a683ceb73,ARCHIVE,ARCHIVE_FILE,Files/archive_unzipped/2026-07-01/audit/jun26/2026-06-11.csv,archived.audit,405,405,0.0,,2026-08-06 04:22:06.195557,
dc5834a6-f5e4-433e-aaee-7c9a683ceb73,ARCHIVE,ARCHIVE_FILE,Files/archive_unzipped/2026-07-23/audit/jun26/2026-06-23.csv,archived.audit,348,348,0.0,,2026-08-06 00:59:52.865909,
dc5834a6-f5e4-433e-aaee-7c9a683ceb73,ARCHIVE,ARCHIVE_FILE,Files/archive_unzipped/2026-07-31/audit/jun26/2026-06-25.csv,archived.audit,563,563,0.0,,2026-08-06 02:37:58.175181,
dc5834a6-f5e4-433e-aaee-7c9a683ceb73,ARCHIVE,ARCHIVE_FILE,Files/archive_unzipped/2026-07-08/audit/jun26/2026-06-23.csv,archived.audit,348,348,0.0,,2026-08-06 00:54:00.056142,
dc5834a6-f5e4-433e-aaee-7c9a683ceb73,ARCHIVE,ARCHIVE_FILE,Files/archive_unzipped/2026-07-06/audit/jun26/2026-06-17.csv,archived.audit,705,705,0.0,,2026-08-06 01:16:02.234445,
dc5834a6-f5e4-433e-aaee-7c9a683ceb73,ARCHIVE,ARCHIVE_FILE,Files/archive_unzipped/2026-07-12/audit/jun26/2026-06-23.csv,archived.audit,348,348,0.0,,2026-08-06 01:40:01.794325,
dc5834a6-f5e4-433e-aaee-7c9a683ceb73,ARCHIVE,ARCHIVE_FILE,Files/archive_unzipped/2026-07-29/audit/jun26/2026-06-05.csv,archived.audit,284,284,0.0,,2026-08-06 05:38:17.327795,
dc5834a6-f5e4-433e-aaee-7c9a683ceb73,ARCHIVE,ARCHIVE_FILE,Files/archive_unzipped/2026-07-17/audit/jun26/2026-06-29.csv,archived.audit,561,561,0.0,,2026-08-06 08:00:57.104068,
dc5834a6-f5e4-433e-aaee-7c9a683ceb73,ARCHIVE,ARCHIVE_FILE,Files/archive_unzipped/2026-07-19/audit/jun26/2026-06-23.csv,archived.audit,348,348,0.0,,2026-08-06 07:18:24.547933,
f500acd5-ceed-482d-8a90-6af3cd75d312,SILVER,ARCHIVE_MONTH_END,archived.provider_home_category,silver.provider_home_category,2476,2476,0.0,,2026-08-21 09:57:28.853714,78a97d6e-b4bb-4909-9c22-e6a69f27f6ac
b97006cc-a045-41e7-9298-bbb73ae73cdb,SILVER,ARCHIVE_MONTH_END,archived.provider_home_category,silver.provider_home_category,1960,1960,0.0,,2026-08-23 09:03:29.410823,7619fd90-8c9b-40b7-896b-a9d8a7053876
dc5834a6-f5e4-433e-aaee-7c9a683ceb73,ARCHIVE,ARCHIVE_FILE,Files/archive_unzipped/2026-07-05/audit/jun26/2026-06-26.csv,archived.audit,107,107,0.0,,2026-08-06 07:13:46.003136,
dc5834a6-f5e4-433e-aaee-7c9a683ceb73,ARCHIVE,ARCHIVE_FILE,Files/archive_unzipped/2026-07-12/audit/jun26/2026-06-01.csv,archived.audit,178,178,0.0,,2026-08-06 07:32:16.853658,
dc5834a6-f5e4-433e-aaee-7c9a683ceb73,ARCHIVE,ARCHIVE_FILE,Files/archive_unzipped/2026-07-19/audit/jun26/2026-06-10.csv,archived.audit,309,309,0.0,,2026-08-06 05:24:13.629280,
dc5834a6-f5e4-433e-aaee-7c9a683ceb73,ARCHIVE,ARCHIVE_FILE,Files/archive_unzipped/2026-07-02/audit/jun26/2026-06-05.csv,archived.audit,284,284,0.0,,2026-08-06 04:54:54.735601,
dc5834a6-f5e4-433e-aaee-7c9a683ceb73,ARCHIVE,ARCHIVE_FILE,Files/archive_unzipped/2026-07-03/audit/jun26/2026-06-23.csv,archived.audit,348,348,0.0,,2026-08-06 05:57:44.795287,
dc5834a6-f5e4-433e-aaee-7c9a683ceb73,ARCHIVE,ARCHIVE_FILE,Files/archive_unzipped/2026-07-04/audit/jun26/2026-06-24.csv,archived.audit,392,392,0.0,,2026-08-06 06:10:00.127754,
dc5834a6-f5e4-433e-aaee-7c9a683ceb73,ARCHIVE,ARCHIVE_FILE,Files/archive_unzipped/2026-07-09/audit/jun26/2026-06-12.csv,archived.audit,446,446,0.0,,2026-08-06 03:42:49.722842,
dc5834a6-f5e4-433e-aaee-7c9a683ceb73,ARCHIVE,ARCHIVE_FILE,Files/archive_unzipped/2026-07-12/audit/jun26/2026-06-03.csv,archived.audit,189,189,0.0,,2026-08-06 02:44:29.551205,
dc5834a6-f5e4-433e-aaee-7c9a683ceb73,ARCHIVE,ARCHIVE_FILE,Files/archive_unzipped/2026-07-25/audit/jun26/2026-06-05.csv,archived.audit,284,284,0.0,,2026-08-06 02:22:20.511444,
dc5834a6-f5e4-433e-aaee-7c9a683ceb73,ARCHIVE,ARCHIVE_FILE,Files/archive_unzipped/2026-07-17/audit/jun26/2026-06-25.csv,archived.audit,563,563,0.0,,2026-08-06 02:14:01.914432,
dc5834a6-f5e4-433e-aaee-7c9a683ceb73,ARCHIVE,ARCHIVE_FILE,Files/archive_unzipped/2026-07-29/audit/jun26/2026-06-18.csv,archived.audit,329,329,0.0,,2026-08-06 02:00:01.146616,
dc5834a6-f5e4-433e-aaee-7c9a683ceb73,ARCHIVE,ARCHIVE_FILE,Files/archive_unzipped/2026-07-12/audit/jun26/2026-06-19.csv,archived.audit,506,506,0.0,,2026-08-06 02:13:12.360735,
dc5834a6-f5e4-433e-aaee-7c9a683ceb73,ARCHIVE,ARCHIVE_FILE,Files/archive_unzipped/2026-07-06/audit/jun26/2026-06-02.csv,archived.audit,114,114,0.0,,2026-08-06 02:42:54.009643,
dc5834a6-f5e4-433e-aaee-7c9a683ceb73,ARCHIVE,ARCHIVE_FILE,Files/archive_unzipped/2026-07-25/audit/jun26/2026-06-26.csv,archived.audit,107,107,0.0,,2026-08-06 01:15:03.037646,
dc5834a6-f5e4-433e-aaee-7c9a683ceb73,ARCHIVE,ARCHIVE_FILE,Files/archive_unzipped/2026-08-04/audit/jul26/2026-07-23.csv,archived.audit,694,694,0.0,,2026-08-06 02:27:08.585918,
dc5834a6-f5e4-433e-aaee-7c9a683ceb73,ARCHIVE,ARCHIVE_FILE,Files/archive_unzipped/2026-07-01/audit/jun26/2026-06-17.csv,archived.audit,705,705,0.0,,2026-08-06 07:38:22.525900,
dc5834a6-f5e4-433e-aaee-7c9a683ceb73,ARCHIVE,ARCHIVE_FILE,Files/archive_unzipped/2026-07-29/audit/jun26/2026-06-12.csv,archived.audit,446,446,0.0,,2026-08-06 06:50:08.425752,
dc5834a6-f5e4-433e-aaee-7c9a683ceb73,ARCHIVE,ARCHIVE_FILE,Files/archive_unzipped/2026-07-13/audit/jun26/2026-06-23.csv,archived.audit,348,348,0.0,,2026-08-06 06:15:20.753685,
dc5834a6-f5e4-433e-aaee-7c9a683ceb73,ARCHIVE,ARCHIVE_FILE,Files/archive_unzipped/2026-07-03/audit/jun26/2026-06-15.csv,archived.audit,345,345,0.0,,2026-08-06 06:28:58.451091,
dc5834a6-f5e4-433e-aaee-7c9a683ceb73,ARCHIVE,ARCHIVE_FILE,Files/archive_unzipped/2026-07-23/audit/jun26/2026-06-10.csv,archived.audit,309,309,0.0,,2026-08-06 06:23:23.102268,
dc5834a6-f5e4-433e-aaee-7c9a683ceb73,ARCHIVE,ARCHIVE_FILE,Files/archive_unzipped/2026-07-14/audit/jun26/2026-06-15.csv,archived.audit,345,345,0.0,,2026-08-06 06:25:53.519469,
dc5834a6-f5e4-433e-aaee-7c9a683ceb73,ARCHIVE,ARCHIVE_FILE,Files/archive_unzipped/2026-07-31/audit/jun26/2026-06-15.csv,archived.audit,345,345,0.0,,2026-08-06 07:31:12.402742,
dc5834a6-f5e4-433e-aaee-7c9a683ceb73,ARCHIVE,ARCHIVE_FILE,Files/archive_unzipped/2026-07-27/audit/jun26/2026-06-23.csv,archived.audit,348,348,0.0,,2026-08-06 02:16:59.674138,
dc5834a6-f5e4-433e-aaee-7c9a683ceb73,ARCHIVE,ARCHIVE_FILE,Files/archive_unzipped/2026-07-15/audit/jun26/2026-06-19.csv,archived.audit,506,506,0.0,,2026-08-06 03:10:18.609738,
dc5834a6-f5e4-433e-aaee-7c9a683ceb73,ARCHIVE,ARCHIVE_FILE,Files/archive_unzipped/2026-07-02/audit/jun26/2026-06-25.csv,archived.audit,563,563,0.0,,2026-08-06 02:47:10.137111,
dc5834a6-f5e4-433e-aaee-7c9a683ceb73,ARCHIVE,ARCHIVE_FILE,Files/archive_unzipped/2026-07-04/audit/jun26/2026-06-29.csv,archived.audit,561,561,0.0,,2026-08-06 02:18:25.932355,
dc5834a6-f5e4-433e-aaee-7c9a683ceb73,ARCHIVE,ARCHIVE_FILE,Files/archive_unzipped/2026-07-08/audit/jun26/2026-06-09.csv,archived.audit,573,573,0.0,,2026-08-06 04:16:46.633899,
dc5834a6-f5e4-433e-aaee-7c9a683ceb73,ARCHIVE,ARCHIVE_FILE,Files/archive_unzipped/2026-07-11/audit/jun26/2026-06-29.csv,archived.audit,561,561,0.0,,2026-08-06 01:31:02.326137,
dc5834a6-f5e4-433e-aaee-7c9a683ceb73,ARCHIVE,ARCHIVE_FILE,Files/archive_unzipped/2026-07-22/audit/jun26/2026-06-03.csv,archived.audit,189,189,0.0,,2026-08-06 00:03:03.003995,
dc5834a6-f5e4-433e-aaee-7c9a683ceb73,ARCHIVE,ARCHIVE_FILE,Files/archive_unzipped/2026-07-21/audit/jun26/2026-06-15.csv,archived.audit,345,345,0.0,,2026-08-06 03:48:16.944887,
dc5834a6-f5e4-433e-aaee-7c9a683ceb73,ARCHIVE,ARCHIVE_FILE,Files/archive_unzipped/2026-07-30/audit/jun26/2026-06-01.csv,archived.audit,178,178,0.0,,2026-08-06 04:05:09.990517,
dc5834a6-f5e4-433e-aaee-7c9a683ceb73,ARCHIVE,ARCHIVE_FILE,Files/archive_unzipped/2026-07-14/audit/jun26/2026-06-23.csv,archived.audit,348,348,0.0,,2026-08-06 07:15:54.105696,
dc5834a6-f5e4-433e-aaee-7c9a683ceb73,ARCHIVE,ARCHIVE_FILE,Files/archive_unzipped/2026-08-02/audit/jul26/2026-07-25.csv,archived.audit,16,16,0.0,,2026-08-06 00:58:30.294677,
dc5834a6-f5e4-433e-aaee-7c9a683ceb73,ARCHIVE,ARCHIVE_FILE,Files/archive_unzipped/2026-07-27/audit/jun26/2026-06-07.csv,archived.audit,20,20,0.0,,2026-08-06 07:11:09.865959,
dc5834a6-f5e4-433e-aaee-7c9a683ceb73,ARCHIVE,ARCHIVE_FILE,Files/archive_unzipped/2026-08-03/audit/jul26/2026-07-12.csv,archived.audit,13,13,0.0,,2026-08-06 05:34:49.633915,
dc5834a6-f5e4-433e-aaee-7c9a683ceb73,ARCHIVE,ARCHIVE_FILE,Files/archive_unzipped/2026-07-20/audit/jun26/2026-06-21.csv,archived.audit,14,14,0.0,,2026-08-06 03:04:50.217035,
dc5834a6-f5e4-433e-aaee-7c9a683ceb73,ARCHIVE,ARCHIVE_FILE,Files/archive_unzipped/2026-07-20/audit/jun26/2026-06-07.csv,archived.audit,20,20,0.0,,2026-08-06 02:21:57.616040,
dc5834a6-f5e4-433e-aaee-7c9a683ceb73,ARCHIVE,ARCHIVE_FILE,Files/archive_unzipped/2026-07-13/audit/jun26/2026-06-06.csv,archived.audit,43,43,0.0,,2026-08-06 00:46:09.325789,
dc5834a6-f5e4-433e-aaee-7c9a683ceb73,ARCHIVE,ARCHIVE_FILE,Files/archive_unzipped/2026-07-01/audit/jun26/2026-06-21.csv,archived.audit,14,14,0.0,,2026-08-06 03:02:34.413940,
dc5834a6-f5e4-433e-aaee-7c9a683ceb73,ARCHIVE,ARCHIVE_FILE,Files/archive_unzipped/2026-07-08/audit/jun26/2026-06-13.csv,archived.audit,13,13,0.0,,2026-08-06 01:39:40.834973,
dc5834a6-f5e4-433e-aaee-7c9a683ceb73,ARCHIVE,ARCHIVE_FILE,Files/archive_unzipped/2026-07-23/audit/jun26/2026-06-06.csv,archived.audit,43,43,0.0,,2026-08-06 02:01:36.320839,
dc5834a6-f5e4-433e-aaee-7c9a683ceb73,ARCHIVE,ARCHIVE_FILE,Files/archive_unzipped/2026-07-31/audit/jun26/2026-07-01.csv,archived.audit,38,38,0.0,,2026-08-06 00:39:57.554273,
dc5834a6-f5e4-433e-aaee-7c9a683ceb73,ARCHIVE,ARCHIVE_FILE,Files/archive_unzipped/2026-07-07/audit/jun26/2026-06-21.csv,archived.audit,14,14,0.0,,2026-08-06 00:48:31.062689,
dc5834a6-f5e4-433e-aaee-7c9a683ceb73,ARCHIVE,ARCHIVE_FILE,Files/archive_unzipped/2026-07-11/audit/jun26/2026-06-06.csv,archived.audit,43,43,0.0,,2026-08-06 04:17:13.440838,
dc5834a6-f5e4-433e-aaee-7c9a683ceb73,ARCHIVE,ARCHIVE_FILE,Files/archive_unzipped/2026-08-05/audit/jul26/2026-07-26.csv,archived.audit,23,23,0.0,,2026-08-06 06:38:10.898180,
dc5834a6-f5e4-433e-aaee-7c9a683ceb73,ARCHIVE,ARCHIVE_FILE,Files/archive_unzipped/2026-07-29/audit/jun26/2026-07-01.csv,archived.audit,38,38,0.0,,2026-08-06 01:21:50.314390,
dc5834a6-f5e4-433e-aaee-7c9a683ceb73,ARCHIVE,ARCHIVE_FILE,Files/archive_unzipped/2026-07-11/audit/jun26/2026-06-07.csv,archived.audit,20,20,0.0,,2026-08-06 04:00:17.383675,
dc5834a6-f5e4-433e-aaee-7c9a683ceb73,ARCHIVE,ARCHIVE_FILE,Files/archive_unzipped/2026-07-01/audit/jun26/2026-06-07.csv,archived.audit,20,20,0.0,,2026-08-06 05:00:34.412280,
dc5834a6-f5e4-433e-aaee-7c9a683ceb73,ARCHIVE,ARCHIVE_FILE,Files/archive_unzipped/2026-08-04/audit/jul26/2026-07-12.csv,archived.audit,13,13,0.0,,2026-08-06 08:19:09.838363,
dc5834a6-f5e4-433e-aaee-7c9a683ceb73,ARCHIVE,ARCHIVE_FILE,Files/archive_unzipped/2026-07-27/audit/jun26/2026-07-01.csv,archived.audit,38,38,0.0,,2026-08-06 00:27:10.539875,
dc5834a6-f5e4-433e-aaee-7c9a683ceb73,ARCHIVE,ARCHIVE_FILE,Files/archive_unzipped/2026-08-02/audit/jul26/2026-07-18.csv,archived.audit,61,61,0.0,,2026-08-06 06:03:18.801913,
dc5834a6-f5e4-433e-aaee-7c9a683ceb73,ARCHIVE,ARCHIVE_FILE,Files/archive_unzipped/2026-07-11/audit/jun26/2026-06-13.csv,archived.audit,13,13,0.0,,2026-08-06 06:32:23.731472,
dc5834a6-f5e4-433e-aaee-7c9a683ceb73,ARCHIVE,ARCHIVE_FILE,Files/archive_unzipped/2026-06-30/audit/may26/2026-05-09.csv,archived.audit,74,74,0.0,,2026-08-06 01:38:12.835082,
dc5834a6-f5e4-433e-aaee-7c9a683ceb73,ARCHIVE,ARCHIVE_FILE,Files/archive_unzipped/2026-08-01/audit/jul26/2026-07-05.csv,archived.audit,17,17,0.0,,2026-08-06 04:02:03.000990,
dc5834a6-f5e4-433e-aaee-7c9a683ceb73,ARCHIVE,ARCHIVE_FILE,Files/archive_unzipped/2026-07-17/audit/jun26/2026-06-21.csv,archived.audit,14,14,0.0,,2026-08-06 04:08:16.578729,
dc5834a6-f5e4-433e-aaee-7c9a683ceb73,ARCHIVE,ARCHIVE_FILE,Files/archive_unzipped/2026-07-24/audit/jun26/2026-06-13.csv,archived.audit,13,13,0.0,,2026-08-06 01:55:15.573531,
dc5834a6-f5e4-433e-aaee-7c9a683ceb73,ARCHIVE,ARCHIVE_FILE,Files/archive_unzipped/2026-08-05/audit/jul26/2026-07-05.csv,archived.audit,17,17,0.0,,2026-08-06 02:33:26.125656,
dc5834a6-f5e4-433e-aaee-7c9a683ceb73,ARCHIVE,ARCHIVE_FILE,Files/archive_unzipped/2026-07-12/audit/jun26/2026-06-13.csv,archived.audit,13,13,0.0,,2026-08-06 06:32:57.590443,
dc5834a6-f5e4-433e-aaee-7c9a683ceb73,ARCHIVE,ARCHIVE_FILE,Files/archive_unzipped/2026-07-17/audit/jun26/2026-06-13.csv,archived.audit,13,13,0.0,,2026-08-06 07:59:46.317840,
dc5834a6-f5e4-433e-aaee-7c9a683ceb73,ARCHIVE,ARCHIVE_FILE,Files/archive_unzipped/2026-08-05/audit/jul26/2026-07-11.csv,archived.audit,16,16,0.0,,2026-08-06 04:46:32.193586,
dc5834a6-f5e4-433e-aaee-7c9a683ceb73,ARCHIVE,ARCHIVE_FILE,Files/archive_unzipped/2026-07-25/audit/jun26/2026-06-13.csv,archived.audit,13,13,0.0,,2026-08-06 00:43:13.402847,
dc5834a6-f5e4-433e-aaee-7c9a683ceb73,ARCHIVE,ARCHIVE_FILE,Files/archive_unzipped/2026-07-06/audit/jun26/2026-06-14.csv,archived.audit,13,13,0.0,,2026-08-06 06:06:28.358407,
dc5834a6-f5e4-433e-aaee-7c9a683ceb73,ARCHIVE,ARCHIVE_FILE,Files/archive_unzipped/2026-07-31/audit/jun26/2026-06-14.csv,archived.audit,13,13,0.0,,2026-08-06 03:31:40.801641,
dc5834a6-f5e4-433e-aaee-7c9a683ceb73,ARCHIVE,ARCHIVE_FILE,Files/archive_unzipped/2026-07-02/audit/jun26/2026-07-01.csv,archived.audit,38,38,0.0,,2026-08-06 00:36:51.427744,
f500acd5-ceed-482d-8a90-6af3cd75d312,SILVER,ARCHIVE_MONTH_END,archived.referral_spot_category,silver.referral_spot_category,308,308,0.0,,2026-08-21 09:54:14.801704,78a97d6e-b4bb-4909-9c22-e6a69f27f6ac
dc5834a6-f5e4-433e-aaee-7c9a683ceb73,ARCHIVE,ARCHIVE_FILE,Files/archive_unzipped/2026-07-01/audit/jun26/2026-06-12.csv,archived.audit,446,446,0.0,,2026-08-06 07:56:22.512739,
dc5834a6-f5e4-433e-aaee-7c9a683ceb73,ARCHIVE,ARCHIVE_FILE,Files/archive_unzipped/2026-07-18/audit/jun26/2026-06-22.csv,archived.audit,904,904,0.0,,2026-08-06 06:22:51.745652,
dc5834a6-f5e4-433e-aaee-7c9a683ceb73,ARCHIVE,ARCHIVE_FILE,Files/archive_unzipped/2026-07-04/audit/jun26/2026-06-26.csv,archived.audit,107,107,0.0,,2026-08-06 02:34:50.760689,
dc5834a6-f5e4-433e-aaee-7c9a683ceb73,ARCHIVE,ARCHIVE_FILE,Files/archive_unzipped/2026-07-27/audit/jun26/2026-06-17.csv,archived.audit,705,705,0.0,,2026-08-06 03:57:05.130880,
dc5834a6-f5e4-433e-aaee-7c9a683ceb73,ARCHIVE,ARCHIVE_FILE,Files/archive_unzipped/2026-07-07/audit/jun26/2026-06-25.csv,archived.audit,563,563,0.0,,2026-08-06 01:34:47.600364,
dc5834a6-f5e4-433e-aaee-7c9a683ceb73,ARCHIVE,ARCHIVE_FILE,Files/archive_unzipped/2026-07-03/audit/jun26/2026-06-03.csv,archived.audit,189,189,0.0,,2026-08-06 04:24:05.799065,
dc5834a6-f5e4-433e-aaee-7c9a683ceb73,ARCHIVE,ARCHIVE_FILE,Files/archive_unzipped/2026-07-16/audit/jun26/2026-06-10.csv,archived.audit,309,309,0.0,,2026-08-06 03:47:51.193650,
dc5834a6-f5e4-433e-aaee-7c9a683ceb73,ARCHIVE,ARCHIVE_FILE,Files/archive_unzipped/2026-07-09/audit/jun26/2026-06-08.csv,archived.audit,661,661,0.0,,2026-08-06 03:42:21.755097,
dc5834a6-f5e4-433e-aaee-7c9a683ceb73,ARCHIVE,ARCHIVE_FILE,Files/archive_unzipped/2026-07-01/audit/may26/2026-05-08.csv,archived.audit,338,338,0.0,,2026-08-06 03:22:17.759968,
dc5834a6-f5e4-433e-aaee-7c9a683ceb73,ARCHIVE,ARCHIVE_FILE,Files/archive_unzipped/2026-07-20/audit/jun26/2026-06-26.csv,archived.audit,107,107,0.0,,2026-08-06 01:40:43.022331,
dc5834a6-f5e4-433e-aaee-7c9a683ceb73,ARCHIVE,ARCHIVE_FILE,Files/archive_unzipped/2026-07-09/audit/jun26/2026-06-10.csv,archived.audit,309,309,0.0,,2026-08-06 04:22:59.090360,
dc5834a6-f5e4-433e-aaee-7c9a683ceb73,ARCHIVE,ARCHIVE_FILE,Files/archive_unzipped/2026-07-21/audit/jun26/2026-06-25.csv,archived.audit,563,563,0.0,,2026-08-06 00:09:08.480504,
dc5834a6-f5e4-433e-aaee-7c9a683ceb73,ARCHIVE,ARCHIVE_FILE,Files/archive_unzipped/2026-07-03/audit/jun26/2026-06-12.csv,archived.audit,446,446,0.0,,2026-08-06 07:56:55.232137,
dc5834a6-f5e4-433e-aaee-7c9a683ceb73,ARCHIVE,ARCHIVE_FILE,Files/archive_unzipped/2026-07-03/audit/jun26/2026-06-11.csv,archived.audit,405,405,0.0,,2026-08-06 05:05:01.915133,
dc5834a6-f5e4-433e-aaee-7c9a683ceb73,ARCHIVE,ARCHIVE_FILE,Files/archive_unzipped/2026-07-20/audit/jun26/2026-06-15.csv,archived.audit,345,345,0.0,,2026-08-06 03:56:39.124072,
dc5834a6-f5e4-433e-aaee-7c9a683ceb73,ARCHIVE,ARCHIVE_FILE,Files/archive_unzipped/2026-07-07/audit/jun26/2026-06-02.csv,archived.audit,114,114,0.0,,2026-08-06 03:54:51.672213,
dc5834a6-f5e4-433e-aaee-7c9a683ceb73,ARCHIVE,ARCHIVE_FILE,Files/archive_unzipped/2026-07-15/audit/jun26/2026-06-17.csv,archived.audit,705,705,0.0,,2026-08-06 00:10:46.097973,
dc5834a6-f5e4-433e-aaee-7c9a683ceb73,ARCHIVE,ARCHIVE_FILE,Files/archive_unzipped/2026-07-30/audit/jun26/2026-06-03.csv,archived.audit,189,189,0.0,,2026-08-06 04:05:35.951397,
dc5834a6-f5e4-433e-aaee-7c9a683ceb73,ARCHIVE,ARCHIVE_FILE,Files/archive_unzipped/2026-07-11/audit/jun26/2026-06-03.csv,archived.audit,189,189,0.0,,2026-08-06 01:47:33.254385,
dc5834a6-f5e4-433e-aaee-7c9a683ceb73,ARCHIVE,ARCHIVE_FILE,Files/archive_unzipped/2026-07-21/audit/jun26/2026-06-19.csv,archived.audit,506,506,0.0,,2026-08-06 06:04:38.482681,
dc5834a6-f5e4-433e-aaee-7c9a683ceb73,ARCHIVE,ARCHIVE_FILE,Files/archive_unzipped/2026-07-28/audit/jun26/2026-06-19.csv,archived.audit,506,506,0.0,,2026-08-06 06:08:30.487794,
dc5834a6-f5e4-433e-aaee-7c9a683ceb73,ARCHIVE,ARCHIVE_FILE,Files/archive_unzipped/2026-07-17/audit/jun26/2026-06-19.csv,archived.audit,506,506,0.0,,2026-08-06 08:31:12.374659,
dc5834a6-f5e4-433e-aaee-7c9a683ceb73,ARCHIVE,ARCHIVE_FILE,Files/archive_unzipped/2026-07-11/audit/jun26/2026-06-08.csv,archived.audit,661,661,0.0,,2026-08-06 03:39:07.769055,
dc5834a6-f5e4-433e-aaee-7c9a683ceb73,ARCHIVE,ARCHIVE_FILE,Files/archive_unzipped/2026-07-13/audit/jun26/2026-06-11.csv,archived.audit,405,405,0.0,,2026-08-06 02:47:59.043326,
dc5834a6-f5e4-433e-aaee-7c9a683ceb73,ARCHIVE,ARCHIVE_FILE,Files/archive_unzipped/2026-07-08/audit/jun26/2026-06-29.csv,archived.audit,561,561,0.0,,2026-08-06 00:45:29.880741,
dc5834a6-f5e4-433e-aaee-7c9a683ceb73,ARCHIVE,ARCHIVE_FILE,Files/archive_unzipped/2026-07-02/audit/jun26/2026-06-29.csv,archived.audit,561,561,0.0,,2026-08-06 05:09:24.792074,
dc5834a6-f5e4-433e-aaee-7c9a683ceb73,ARCHIVE,ARCHIVE_FILE,Files/archive_unzipped/2026-07-21/audit/jun26/2026-06-08.csv,archived.audit,661,661,0.0,,2026-08-06 07:41:36.696063,
dc5834a6-f5e4-433e-aaee-7c9a683ceb73,ARCHIVE,ARCHIVE_FILE,Files/archive_unzipped/2026-07-24/audit/jun26/2026-06-25.csv,archived.audit,563,563,0.0,,2026-08-06 05:54:40.927936,
dc5834a6-f5e4-433e-aaee-7c9a683ceb73,ARCHIVE,ARCHIVE_FILE,Files/archive_unzipped/2026-07-10/audit/jun26/2026-06-30.csv,archived.audit,183,183,0.0,,2026-08-06 00:32:10.549023,
dc5834a6-f5e4-433e-aaee-7c9a683ceb73,ARCHIVE,ARCHIVE_FILE,Files/archive_unzipped/2026-07-01/audit/jun26/2026-06-02.csv,archived.audit,114,114,0.0,,2026-08-06 02:34:28.318005,
dc5834a6-f5e4-433e-aaee-7c9a683ceb73,ARCHIVE,ARCHIVE_FILE,Files/archive_unzipped/2026-07-11/audit/jun26/2026-06-23.csv,archived.audit,348,348,0.0,,2026-08-06 04:39:51.292037,
dc5834a6-f5e4-433e-aaee-7c9a683ceb73,ARCHIVE,ARCHIVE_FILE,Files/archive_unzipped/2026-07-20/audit/jun26/2026-06-11.csv,archived.audit,405,405,0.0,,2026-08-06 01:28:52.261031,
35632134-4a97-43e8-8bc5-827c16a02b05,ARCHIVE,ARCHIVE_FILE,Files/archive_unzipped/2026-08-21/referral_person_support_needs.csv,archived.referral_person_support_needs,1164,1164,0.0,,2026-08-22 00:06:28.684098,
4a41678c-1cf1-4301-8476-d75a10731403,ARCHIVE,ARCHIVE_FILE,Files/archive_unzipped/2026-08-22/referral_person_support_needs.csv,archived.referral_person_support_needs,1164,1164,0.0,,2026-08-23 00:03:51.047177,
b97006cc-a045-41e7-9298-bbb73ae73cdb,SILVER,ARCHIVE_MONTH_END,archived.provider_home_gender,silver.provider_home_gender,1667,1667,0.0,,2026-08-23 09:04:09.091198,7619fd90-8c9b-40b7-896b-a9d8a7053876
dc5834a6-f5e4-433e-aaee-7c9a683ceb73,ARCHIVE,ARCHIVE_FILE,Files/archive_unzipped/2026-07-12/audit/jun26/2026-06-24.csv,archived.audit,392,392,0.0,,2026-08-06 01:58:11.196155,
dc5834a6-f5e4-433e-aaee-7c9a683ceb73,ARCHIVE,ARCHIVE_FILE,Files/archive_unzipped/2026-07-19/audit/jun26/2026-06-26.csv,archived.audit,107,107,0.0,,2026-08-06 03:24:55.797434,
dc5834a6-f5e4-433e-aaee-7c9a683ceb73,ARCHIVE,ARCHIVE_FILE,Files/archive_unzipped/2026-07-13/audit/jun26/2026-06-17.csv,archived.audit,705,705,0.0,,2026-08-06 07:39:27.176982,
dc5834a6-f5e4-433e-aaee-7c9a683ceb73,ARCHIVE,ARCHIVE_FILE,Files/archive_unzipped/2026-07-25/audit/jun26/2026-06-16.csv,archived.audit,329,329,0.0,,2026-08-06 07:23:20.254064,
dc5834a6-f5e4-433e-aaee-7c9a683ceb73,ARCHIVE,ARCHIVE_FILE,Files/archive_unzipped/2026-07-16/audit/jun26/2026-06-17.csv,archived.audit,705,705,0.0,,2026-08-06 06:48:04.013787,
dc5834a6-f5e4-433e-aaee-7c9a683ceb73,ARCHIVE,ARCHIVE_FILE,Files/archive_unzipped/2026-07-22/audit/jun26/2026-06-04.csv,archived.audit,678,678,0.0,,2026-08-06 07:11:44.559501,
dc5834a6-f5e4-433e-aaee-7c9a683ceb73,ARCHIVE,ARCHIVE_FILE,Files/archive_unzipped/2026-07-17/audit/jun26/2026-06-24.csv,archived.audit,392,392,0.0,,2026-08-06 05:54:11.285667,
dc5834a6-f5e4-433e-aaee-7c9a683ceb73,ARCHIVE,ARCHIVE_FILE,Files/archive_unzipped/2026-07-15/audit/jun26/2026-06-04.csv,archived.audit,678,678,0.0,,2026-08-06 08:26:54.942353,
dc5834a6-f5e4-433e-aaee-7c9a683ceb73,ARCHIVE,ARCHIVE_FILE,Files/archive_unzipped/2026-06-30/audit/may26/2026-05-26.csv,archived.audit,446,446,0.0,,2026-08-06 02:45:45.301642,
dc5834a6-f5e4-433e-aaee-7c9a683ceb73,ARCHIVE,ARCHIVE_FILE,Files/archive_unzipped/2026-07-13/audit/jun26/2026-06-18.csv,archived.audit,329,329,0.0,,2026-08-06 04:36:45.082376,
dc5834a6-f5e4-433e-aaee-7c9a683ceb73,ARCHIVE,ARCHIVE_FILE,Files/archive_unzipped/2026-07-11/audit/jun26/2026-06-09.csv,archived.audit,573,573,0.0,,2026-08-06 01:07:06.988132,
dc5834a6-f5e4-433e-aaee-7c9a683ceb73,ARCHIVE,ARCHIVE_FILE,Files/archive_unzipped/2026-07-25/audit/jun26/2026-06-18.csv,archived.audit,329,329,0.0,,2026-08-06 03:20:13.651966,
dc5834a6-f5e4-433e-aaee-7c9a683ceb73,ARCHIVE,ARCHIVE_FILE,Files/archive_unzipped/2026-07-15/audit/jun26/2026-06-23.csv,archived.audit,348,348,0.0,,2026-08-06 04:12:25.416155,
dc5834a6-f5e4-433e-aaee-7c9a683ceb73,ARCHIVE,ARCHIVE_FILE,Files/archive_unzipped/2026-07-01/audit/jun26/2026-06-18.csv,archived.audit,329,329,0.0,,2026-08-06 01:57:49.683060,
dc5834a6-f5e4-433e-aaee-7c9a683ceb73,ARCHIVE,ARCHIVE_FILE,Files/archive_unzipped/2026-07-05/audit/jun26/2026-06-09.csv,archived.audit,573,573,0.0,,2026-08-06 00:51:33.186776,
dc5834a6-f5e4-433e-aaee-7c9a683ceb73,ARCHIVE,ARCHIVE_FILE,Files/archive_unzipped/2026-07-24/audit/jun26/2026-06-01.csv,archived.audit,178,178,0.0,,2026-08-06 00:47:09.184436,
dc5834a6-f5e4-433e-aaee-7c9a683ceb73,ARCHIVE,ARCHIVE_FILE,Files/archive_unzipped/2026-07-02/audit/jun26/2026-06-19.csv,archived.audit,506,506,0.0,,2026-08-06 00:48:12.801322,
dc5834a6-f5e4-433e-aaee-7c9a683ceb73,ARCHIVE,ARCHIVE_FILE,Files/archive_unzipped/2026-07-29/audit/jun26/2026-06-19.csv,archived.audit,506,506,0.0,,2026-08-06 08:12:54.956946,
dc5834a6-f5e4-433e-aaee-7c9a683ceb73,ARCHIVE,ARCHIVE_FILE,Files/archive_unzipped/2026-07-09/audit/jun26/2026-06-03.csv,archived.audit,189,189,0.0,,2026-08-06 06:31:50.163848,
dc5834a6-f5e4-433e-aaee-7c9a683ceb73,ARCHIVE,ARCHIVE_FILE,Files/archive_unzipped/2026-07-01/audit/may26/2026-05-26.csv,archived.audit,446,446,0.0,,2026-08-06 07:04:56.626618,
dc5834a6-f5e4-433e-aaee-7c9a683ceb73,ARCHIVE,ARCHIVE_FILE,Files/archive_unzipped/2026-06-30/audit/may26/2026-05-21.csv,archived.audit,396,396,0.0,,2026-08-06 08:11:23.537340,
dc5834a6-f5e4-433e-aaee-7c9a683ceb73,ARCHIVE,ARCHIVE_FILE,Files/archive_unzipped/2026-07-25/audit/jun26/2026-06-30.csv,archived.audit,183,183,0.0,,2026-08-06 06:34:00.261733,
dc5834a6-f5e4-433e-aaee-7c9a683ceb73,ARCHIVE,ARCHIVE_FILE,Files/archive_unzipped/2026-07-23/audit/jun26/2026-06-30.csv,archived.audit,183,183,0.0,,2026-08-06 04:13:49.712466,
dc5834a6-f5e4-433e-aaee-7c9a683ceb73,ARCHIVE,ARCHIVE_FILE,Files/archive_unzipped/2026-07-21/audit/jun26/2026-06-09.csv,archived.audit,573,573,0.0,,2026-08-06 01:11:28.416891,
dc5834a6-f5e4-433e-aaee-7c9a683ceb73,ARCHIVE,ARCHIVE_FILE,Files/archive_unzipped/2026-07-13/audit/jun26/2026-06-15.csv,archived.audit,345,345,0.0,,2026-08-06 00:57:35.556245,
dc5834a6-f5e4-433e-aaee-7c9a683ceb73,ARCHIVE,ARCHIVE_FILE,Files/archive_unzipped/2026-07-03/audit/jun26/2026-06-01.csv,archived.audit,178,178,0.0,,2026-08-06 03:59:20.181513,
dc5834a6-f5e4-433e-aaee-7c9a683ceb73,ARCHIVE,ARCHIVE_FILE,Files/archive_unzipped/2026-07-08/audit/jun26/2026-06-08.csv,archived.audit,661,661,0.0,,2026-08-06 02:51:47.132684,
dc5834a6-f5e4-433e-aaee-7c9a683ceb73,ARCHIVE,ARCHIVE_FILE,Files/archive_unzipped/2026-07-15/audit/jun26/2026-06-15.csv,archived.audit,345,345,0.0,,2026-08-06 00:34:36.791013,
dc5834a6-f5e4-433e-aaee-7c9a683ceb73,ARCHIVE,ARCHIVE_FILE,Files/archive_unzipped/2026-07-08/audit/jun26/2026-06-17.csv,archived.audit,705,705,0.0,,2026-08-06 03:51:00.209863,
dc5834a6-f5e4-433e-aaee-7c9a683ceb73,ARCHIVE,ARCHIVE_FILE,Files/archive_unzipped/2026-07-21/audit/jun26/2026-06-17.csv,archived.audit,705,705,0.0,,2026-08-06 01:59:17.875488,
dc5834a6-f5e4-433e-aaee-7c9a683ceb73,ARCHIVE,ARCHIVE_FILE,Files/archive_unzipped/2026-07-23/audit/jun26/2026-06-01.csv,archived.audit,178,178,0.0,,2026-08-06 01:01:44.152599,
dc5834a6-f5e4-433e-aaee-7c9a683ceb73,ARCHIVE,ARCHIVE_FILE,Files/archive_unzipped/2026-07-02/audit/jun26/2026-06-11.csv,archived.audit,405,405,0.0,,2026-08-06 05:25:41.265653,
f500acd5-ceed-482d-8a90-6af3cd75d312,SILVER,ARCHIVE_MONTH_END,archived.provider_home_gender,silver.provider_home_gender,2417,2417,0.0,,2026-08-21 09:57:51.892162,78a97d6e-b4bb-4909-9c22-e6a69f27f6ac
4a41678c-1cf1-4301-8476-d75a10731403,ARCHIVE,ARCHIVE_FILE,Files/archive_unzipped/2026-08-22/provider_education_provision.csv,archived.provider_education_provision,310,310,0.0,,2026-08-23 00:07:19.639111,
35632134-4a97-43e8-8bc5-827c16a02b05,ARCHIVE,ARCHIVE_FILE,Files/archive_unzipped/2026-08-21/provider_education_provision.csv,archived.provider_education_provision,310,310,0.0,,2026-08-22 00:04:09.847752,
35632134-4a97-43e8-8bc5-827c16a02b05,ARCHIVE,ARCHIVE_FILE,Files/archive_unzipped/2026-08-21/provider_home_spot_category.csv,archived.provider_home_spot_category,1728,1728,0.0,,2026-08-22 00:06:52.477787,
4a41678c-1cf1-4301-8476-d75a10731403,ARCHIVE,ARCHIVE_FILE,Files/archive_unzipped/2026-08-22/provider_home_spot_category.csv,archived.provider_home_spot_category,1728,1728,0.0,,2026-08-23 00:07:39.902104,
dc5834a6-f5e4-433e-aaee-7c9a683ceb73,ARCHIVE,ARCHIVE_FILE,Files/archive_unzipped/2026-07-01/audit/may26/2026-05-06.csv,archived.audit,65,65,0.0,,2026-08-06 06:39:12.536030,
dc5834a6-f5e4-433e-aaee-7c9a683ceb73,ARCHIVE,ARCHIVE_FILE,Files/archive_unzipped/2026-07-14/audit/jun26/2026-06-06.csv,archived.audit,43,43,0.0,,2026-08-06 04:58:30.719425,
dc5834a6-f5e4-433e-aaee-7c9a683ceb73,ARCHIVE,ARCHIVE_FILE,Files/archive_unzipped/2026-07-09/audit/jun26/2026-06-13.csv,archived.audit,13,13,0.0,,2026-08-06 06:21:48.336985,
dc5834a6-f5e4-433e-aaee-7c9a683ceb73,ARCHIVE,ARCHIVE_FILE,Files/archive_unzipped/2026-08-04/audit/jul26/2026-07-18.csv,archived.audit,61,61,0.0,,2026-08-06 02:46:46.960533,
dc5834a6-f5e4-433e-aaee-7c9a683ceb73,ARCHIVE,ARCHIVE_FILE,Files/archive_unzipped/2026-06-30/audit/may26/2026-05-06.csv,archived.audit,65,65,0.0,,2026-08-06 01:54:10.832554,
dc5834a6-f5e4-433e-aaee-7c9a683ceb73,ARCHIVE,ARCHIVE_FILE,Files/archive_unzipped/2026-07-15/audit/jun26/2026-06-14.csv,archived.audit,13,13,0.0,,2026-08-06 01:51:58.579766,
dc5834a6-f5e4-433e-aaee-7c9a683ceb73,ARCHIVE,ARCHIVE_FILE,Files/archive_unzipped/2026-07-21/audit/jun26/2026-06-21.csv,archived.audit,14,14,0.0,,2026-08-06 03:33:00.574663,
dc5834a6-f5e4-433e-aaee-7c9a683ceb73,ARCHIVE,ARCHIVE_FILE,Files/archive_unzipped/2026-07-14/audit/jun26/2026-06-07.csv,archived.audit,20,20,0.0,,2026-08-06 07:15:22.365659,
dc5834a6-f5e4-433e-aaee-7c9a683ceb73,ARCHIVE,ARCHIVE_FILE,Files/archive_unzipped/2026-07-28/audit/jun26/2026-06-13.csv,archived.audit,13,13,0.0,,2026-08-06 03:50:07.756838,
dc5834a6-f5e4-433e-aaee-7c9a683ceb73,ARCHIVE,ARCHIVE_FILE,Files/archive_unzipped/2026-07-16/audit/jun26/2026-06-13.csv,archived.audit,13,13,0.0,,2026-08-06 01:21:08.044835,
dc5834a6-f5e4-433e-aaee-7c9a683ceb73,ARCHIVE,ARCHIVE_FILE,Files/archive_unzipped/2026-07-13/audit/jun26/2026-07-01.csv,archived.audit,38,38,0.0,,2026-08-06 01:37:51.998306,
dc5834a6-f5e4-433e-aaee-7c9a683ceb73,ARCHIVE,ARCHIVE_FILE,Files/archive_unzipped/2026-07-20/audit/jun26/2026-07-01.csv,archived.audit,38,38,0.0,,2026-08-06 01:41:06.071976,
dc5834a6-f5e4-433e-aaee-7c9a683ceb73,ARCHIVE,ARCHIVE_FILE,Files/archive_unzipped/2026-06-30/audit/may26/2026-05-05.csv,archived.audit,73,73,0.0,,2026-08-06 03:09:22.744390,
dc5834a6-f5e4-433e-aaee-7c9a683ceb73,ARCHIVE,ARCHIVE_FILE,Files/archive_unzipped/2026-07-10/audit/jun26/2026-06-13.csv,archived.audit,13,13,0.0,,2026-08-06 00:33:58.504189,
dc5834a6-f5e4-433e-aaee-7c9a683ceb73,ARCHIVE,ARCHIVE_FILE,Files/archive_unzipped/2026-07-09/audit/jun26/2026-07-01.csv,archived.audit,38,38,0.0,,2026-08-06 01:23:12.285645,
dc5834a6-f5e4-433e-aaee-7c9a683ceb73,ARCHIVE,ARCHIVE_FILE,Files/archive_unzipped/2026-07-19/audit/jun26/2026-06-07.csv,archived.audit,20,20,0.0,,2026-08-06 02:24:04.728098,
dc5834a6-f5e4-433e-aaee-7c9a683ceb73,ARCHIVE,ARCHIVE_FILE,Files/archive_unzipped/2026-07-15/audit/jun26/2026-06-07.csv,archived.audit,20,20,0.0,,2026-08-06 01:03:29.626660,
dc5834a6-f5e4-433e-aaee-7c9a683ceb73,ARCHIVE,ARCHIVE_FILE,Files/archive_unzipped/2026-07-25/audit/jun26/2026-06-14.csv,archived.audit,13,13,0.0,,2026-08-06 03:07:16.615478,
dc5834a6-f5e4-433e-aaee-7c9a683ceb73,ARCHIVE,ARCHIVE_FILE,Files/archive_unzipped/2026-08-05/audit/jul26/2026-07-12.csv,archived.audit,13,13,0.0,,2026-08-06 01:28:11.659979,
dc5834a6-f5e4-433e-aaee-7c9a683ceb73,ARCHIVE,ARCHIVE_FILE,Files/archive_unzipped/2026-07-09/audit/jun26/2026-06-14.csv,archived.audit,13,13,0.0,,2026-08-06 06:29:27.093864,
dc5834a6-f5e4-433e-aaee-7c9a683ceb73,ARCHIVE,ARCHIVE_FILE,Files/archive_unzipped/2026-07-13/audit/jun26/2026-06-07.csv,archived.audit,20,20,0.0,,2026-08-06 06:43:23.634280,
dc5834a6-f5e4-433e-aaee-7c9a683ceb73,ARCHIVE,ARCHIVE_FILE,Files/archive_unzipped/2026-07-22/audit/jun26/2026-06-14.csv,archived.audit,13,13,0.0,,2026-08-06 01:31:22.258729,
dc5834a6-f5e4-433e-aaee-7c9a683ceb73,ARCHIVE,ARCHIVE_FILE,Files/archive_unzipped/2026-07-05/audit/jun26/2026-07-01.csv,archived.audit,38,38,0.0,,2026-08-06 01:51:15.201674,
dc5834a6-f5e4-433e-aaee-7c9a683ceb73,ARCHIVE,ARCHIVE_FILE,Files/archive_unzipped/2026-07-24/audit/jun26/2026-06-06.csv,archived.audit,43,43,0.0,,2026-08-06 06:41:46.446998,
dc5834a6-f5e4-433e-aaee-7c9a683ceb73,ARCHIVE,ARCHIVE_FILE,Files/archive_unzipped/2026-08-02/audit/jul26/2026-07-26.csv,archived.audit,23,23,0.0,,2026-08-06 01:18:56.577763,
dc5834a6-f5e4-433e-aaee-7c9a683ceb73,ARCHIVE,ARCHIVE_FILE,Files/archive_unzipped/2026-07-01/audit/may26/2026-05-05.csv,archived.audit,73,73,0.0,,2026-08-06 08:02:36.361202,
dc5834a6-f5e4-433e-aaee-7c9a683ceb73,ARCHIVE,ARCHIVE_FILE,Files/archive_unzipped/2026-07-07/audit/jun26/2026-07-01.csv,archived.audit,38,38,0.0,,2026-08-06 05:40:02.340419,
dc5834a6-f5e4-433e-aaee-7c9a683ceb73,ARCHIVE,ARCHIVE_FILE,Files/archive_unzipped/2026-07-08/audit/jun26/2026-06-07.csv,archived.audit,20,20,0.0,,2026-08-06 04:04:14.140089,
dc5834a6-f5e4-433e-aaee-7c9a683ceb73,ARCHIVE,ARCHIVE_FILE,Files/archive_unzipped/2026-07-14/audit/jun26/2026-06-13.csv,archived.audit,13,13,0.0,,2026-08-06 05:59:12.341355,
dc5834a6-f5e4-433e-aaee-7c9a683ceb73,ARCHIVE,ARCHIVE_FILE,Files/archive_unzipped/2026-07-22/audit/jun26/2026-06-06.csv,archived.audit,43,43,0.0,,2026-08-06 03:48:42.300403,
dc5834a6-f5e4-433e-aaee-7c9a683ceb73,ARCHIVE,ARCHIVE_FILE,Files/archive_unzipped/2026-07-27/audit/jun26/2026-06-06.csv,archived.audit,43,43,0.0,,2026-08-06 01:24:46.479409,
dc5834a6-f5e4-433e-aaee-7c9a683ceb73,ARCHIVE,ARCHIVE_FILE,Files/archive_unzipped/2026-07-28/audit/jun26/2026-06-07.csv,archived.audit,20,20,0.0,,2026-08-06 00:04:08.575146,
dc5834a6-f5e4-433e-aaee-7c9a683ceb73,ARCHIVE,ARCHIVE_FILE,Files/archive_unzipped/2026-08-04/audit/jul26/2026-07-07.csv,archived.audit,1786,1786,0.0,,2026-08-06 06:05:38.506359,
dc5834a6-f5e4-433e-aaee-7c9a683ceb73,ARCHIVE,ARCHIVE_FILE,Files/archive_unzipped/2026-08-05/audit/jul26/2026-07-14.csv,archived.audit,1685,1685,0.0,,2026-08-06 07:36:24.532453,
dc5834a6-f5e4-433e-aaee-7c9a683ceb73,ARCHIVE,ARCHIVE_FILE,Files/archive_unzipped/2026-08-01/audit/jul26/2026-07-15.csv,archived.audit,1652,1652,0.0,,2026-08-06 03:21:31.055842,
dc5834a6-f5e4-433e-aaee-7c9a683ceb73,ARCHIVE,ARCHIVE_FILE,Files/archive_unzipped/2026-08-05/audit/jul26/2026-07-17.csv,archived.audit,1090,1090,0.0,,2026-08-06 04:39:19.533180,
dc5834a6-f5e4-433e-aaee-7c9a683ceb73,ARCHIVE,ARCHIVE_FILE,Files/archive_unzipped/2026-08-02/audit/jul26/2026-07-08.csv,archived.audit,1865,1865,0.0,,2026-08-06 06:09:28.099740,
dc5834a6-f5e4-433e-aaee-7c9a683ceb73,ARCHIVE,ARCHIVE_FILE,Files/archive_unzipped/2026-08-05/audit/jul26/2026-07-28.csv,archived.audit,1056,1056,0.0,,2026-08-06 01:25:43.300863,
dc5834a6-f5e4-433e-aaee-7c9a683ceb73,ARCHIVE,ARCHIVE_FILE,Files/archive_unzipped/2026-06-30/audit/may26/2026-05-11.csv,archived.audit,1005,1005,0.0,,2026-08-06 01:33:20.357648,
dc5834a6-f5e4-433e-aaee-7c9a683ceb73,ARCHIVE,ARCHIVE_FILE,Files/archive_unzipped/2026-08-03/audit/jul26/2026-07-15.csv,archived.audit,1652,1652,0.0,,2026-08-06 05:11:25.790747,
dc5834a6-f5e4-433e-aaee-7c9a683ceb73,ARCHIVE,ARCHIVE_FILE,Files/archive_unzipped/2026-08-01/audit/jul26/2026-07-17.csv,archived.audit,1090,1090,0.0,,2026-08-06 03:23:33.380068,
dc5834a6-f5e4-433e-aaee-7c9a683ceb73,ARCHIVE,ARCHIVE_FILE,Files/archive_unzipped/2026-08-03/audit/jul26/2026-07-09.csv,archived.audit,1461,1461,0.0,,2026-08-06 05:03:24.030630,
dc5834a6-f5e4-433e-aaee-7c9a683ceb73,ARCHIVE,ARCHIVE_FILE,Files/archive_unzipped/2026-08-01/audit/jul26/2026-07-16.csv,archived.audit,1032,1032,0.0,,2026-08-06 06:24:52.537679,
dc5834a6-f5e4-433e-aaee-7c9a683ceb73,ARCHIVE,ARCHIVE_FILE,Files/archive_unzipped/2026-08-02/audit/jul26/2026-07-22.csv,archived.audit,1071,1071,0.0,,2026-08-06 05:56:39.324322,
dc5834a6-f5e4-433e-aaee-7c9a683ceb73,ARCHIVE,ARCHIVE_FILE,Files/archive_unzipped/2026-08-03/audit/jul26/2026-07-07.csv,archived.audit,1786,1786,0.0,,2026-08-06 02:45:17.709858,
dc5834a6-f5e4-433e-aaee-7c9a683ceb73,ARCHIVE,ARCHIVE_FILE,Files/archive_unzipped/2026-08-01/audit/jul26/2026-07-29.csv,archived.audit,1420,1420,0.0,,2026-08-06 00:25:50.670022,
dc5834a6-f5e4-433e-aaee-7c9a683ceb73,ARCHIVE,ARCHIVE_FILE,Files/archive_unzipped/2026-08-03/audit/jul26/2026-07-22.csv,archived.audit,1071,1071,0.0,,2026-08-06 00:47:29.505749,
dc5834a6-f5e4-433e-aaee-7c9a683ceb73,ARCHIVE,ARCHIVE_FILE,Files/archive_unzipped/2026-08-01/audit/jul26/2026-07-14.csv,archived.audit,1685,1685,0.0,,2026-08-06 03:57:59.218384,
dc5834a6-f5e4-433e-aaee-7c9a683ceb73,ARCHIVE,ARCHIVE_FILE,Files/archive_unzipped/2026-08-04/audit/jul26/2026-07-28.csv,archived.audit,1056,1056,0.0,,2026-08-06 02:06:05.908684,
dc5834a6-f5e4-433e-aaee-7c9a683ceb73,ARCHIVE,ARCHIVE_FILE,Files/archive_unzipped/2026-08-04/audit/jul26/2026-07-10.csv,archived.audit,1227,1227,0.0,,2026-08-06 07:24:23.631420,
dc5834a6-f5e4-433e-aaee-7c9a683ceb73,ARCHIVE,ARCHIVE_FILE,Files/archive_unzipped/2026-08-01/audit/jul26/2026-07-08.csv,archived.audit,1865,1865,0.0,,2026-08-06 08:06:15.714585,
dc5834a6-f5e4-433e-aaee-7c9a683ceb73,ARCHIVE,ARCHIVE_FILE,Files/archive_unzipped/2026-08-02/audit/jul26/2026-07-15.csv,archived.audit,1652,1652,0.0,,2026-08-06 00:18:33.921314,
dc5834a6-f5e4-433e-aaee-7c9a683ceb73,ARCHIVE,ARCHIVE_FILE,Files/archive_unzipped/2026-08-02/audit/jul26/2026-07-16.csv,archived.audit,1032,1032,0.0,,2026-08-06 02:25:08.943435,
dc5834a6-f5e4-433e-aaee-7c9a683ceb73,ARCHIVE,ARCHIVE_FILE,Files/archive_unzipped/2026-08-03/audit/jul26/2026-07-29.csv,archived.audit,1420,1420,0.0,,2026-08-06 05:52:33.585881,
dc5834a6-f5e4-433e-aaee-7c9a683ceb73,ARCHIVE,ARCHIVE_FILE,Files/archive_unzipped/2026-08-02/audit/jul26/2026-07-07.csv,archived.audit,1786,1786,0.0,,2026-08-06 06:16:49.233260,
dc5834a6-f5e4-433e-aaee-7c9a683ceb73,ARCHIVE,ARCHIVE_FILE,Files/archive_unzipped/2026-08-05/audit/jul26/2026-07-29.csv,archived.audit,1420,1420,0.0,,2026-08-06 01:49:13.726859,
dc5834a6-f5e4-433e-aaee-7c9a683ceb73,ARCHIVE,ARCHIVE_FILE,Files/archive_unzipped/2026-08-04/audit/jul26/2026-07-15.csv,archived.audit,1652,1652,0.0,,2026-08-06 04:35:22.191792,
dc5834a6-f5e4-433e-aaee-7c9a683ceb73,ARCHIVE,ARCHIVE_FILE,Files/archive_unzipped/2026-08-03/audit/jul26/2026-07-10.csv,archived.audit,1227,1227,0.0,,2026-08-06 05:06:52.453362,
dc5834a6-f5e4-433e-aaee-7c9a683ceb73,ARCHIVE,ARCHIVE_FILE,Files/archive_unzipped/2026-08-05/audit/jul26/2026-07-08.csv,archived.audit,1865,1865,0.0,,2026-08-06 05:19:10.895498,
dc5834a6-f5e4-433e-aaee-7c9a683ceb73,ARCHIVE,ARCHIVE_FILE,Files/archive_unzipped/2026-08-05/audit/jul26/2026-07-10.csv,archived.audit,1227,1227,0.0,,2026-08-06 01:36:31.589345,
dc5834a6-f5e4-433e-aaee-7c9a683ceb73,ARCHIVE,ARCHIVE_FILE,Files/archive_unzipped/2026-08-05/audit/jul26/2026-07-15.csv,archived.audit,1652,1652,0.0,,2026-08-06 03:12:18.107769,
dc5834a6-f5e4-433e-aaee-7c9a683ceb73,ARCHIVE,ARCHIVE_FILE,Files/archive_unzipped/2026-08-01/audit/jul26/2026-07-13.csv,archived.audit,1836,1836,0.0,,2026-08-06 06:24:21.439155,
dc5834a6-f5e4-433e-aaee-7c9a683ceb73,ARCHIVE,ARCHIVE_FILE,Files/archive_unzipped/2026-08-05/audit/jul26/2026-07-06.csv,archived.audit,1702,1702,0.0,,2026-08-06 04:10:36.302673,
dc5834a6-f5e4-433e-aaee-7c9a683ceb73,ARCHIVE,ARCHIVE_FILE,Files/archive_unzipped/2026-08-01/audit/jul26/2026-07-09.csv,archived.audit,1461,1461,0.0,,2026-08-06 02:09:53.960283,
c5693a5c-6ecc-4bb6-83fb-45656a89dc70,ARCHIVE,ARCHIVE_FILE,Files/archive_unzipped/2026-05-30/offer_updates.csv,archived.offer_updates,2,2,0.0,,2026-08-06 13:48:22.499029,
c5693a5c-6ecc-4bb6-83fb-45656a89dc70,ARCHIVE,ARCHIVE_FILE,Files/archive_unzipped/2026-07-31/offer_updates.csv,archived.offer_updates,8,8,0.0,,2026-08-06 13:45:26.283785,
c5693a5c-6ecc-4bb6-83fb-45656a89dc70,ARCHIVE,ARCHIVE_FILE,Files/archive_unzipped/2026-08-02/offer_updates.csv,archived.offer_updates,8,8,0.0,,2026-08-06 13:54:41.108496,
c5693a5c-6ecc-4bb6-83fb-45656a89dc70,ARCHIVE,ARCHIVE_FILE,Files/archive_unzipped/2026-08-03/offer_updates.csv,archived.offer_updates,9,9,0.0,,2026-08-06 14:05:14.611163,
dc5834a6-f5e4-433e-aaee-7c9a683ceb73,ARCHIVE,ARCHIVE_FILE,Files/archive_unzipped/2026-08-01/audit/jul26/2026-07-19.csv,archived.audit,1,1,0.0,,2026-08-06 04:54:29.148223,
dc5834a6-f5e4-433e-aaee-7c9a683ceb73,ARCHIVE,ARCHIVE_FILE,Files/archive_unzipped/2026-07-28/audit/jun26/2026-06-28.csv,archived.audit,3,3,0.0,,2026-08-06 06:23:52.325644,
dc5834a6-f5e4-433e-aaee-7c9a683ceb73,ARCHIVE,ARCHIVE_FILE,Files/archive_unzipped/2026-07-31/audit/jun26/2026-06-20.csv,archived.audit,4,4,0.0,,2026-08-06 00:25:28.469868,
dc5834a6-f5e4-433e-aaee-7c9a683ceb73,ARCHIVE,ARCHIVE_FILE,Files/archive_unzipped/2026-07-03/audit/jun26/2026-06-28.csv,archived.audit,3,3,0.0,,2026-08-06 04:29:54.955145,
dc5834a6-f5e4-433e-aaee-7c9a683ceb73,ARCHIVE,ARCHIVE_FILE,Files/archive_unzipped/2026-07-01/audit/may26/2026-05-30.csv,archived.audit,1,1,0.0,,2026-08-06 00:14:58.711696,
dc5834a6-f5e4-433e-aaee-7c9a683ceb73,ARCHIVE,ARCHIVE_FILE,Files/archive_unzipped/2026-07-18/audit/jun26/2026-06-20.csv,archived.audit,4,4,0.0,,2026-08-06 06:49:03.783597,
dc5834a6-f5e4-433e-aaee-7c9a683ceb73,ARCHIVE,ARCHIVE_FILE,Files/archive_unzipped/2026-07-19/audit/jun26/2026-06-28.csv,archived.audit,3,3,0.0,,2026-08-06 04:33:10.846104,
dc5834a6-f5e4-433e-aaee-7c9a683ceb73,ARCHIVE,ARCHIVE_FILE,Files/archive_unzipped/2026-07-05/audit/jun26/2026-06-20.csv,archived.audit,4,4,0.0,,2026-08-06 04:27:27.170606,
dc5834a6-f5e4-433e-aaee-7c9a683ceb73,ARCHIVE,ARCHIVE_FILE,Files/archive_unzipped/2026-07-25/audit/jun26/2026-06-20.csv,archived.audit,4,4,0.0,,2026-08-06 02:26:43.615390,
dc5834a6-f5e4-433e-aaee-7c9a683ceb73,ARCHIVE,ARCHIVE_FILE,Files/archive_unzipped/2026-07-13/audit/jun26/2026-06-28.csv,archived.audit,3,3,0.0,,2026-08-06 03:51:54.706309,
dc5834a6-f5e4-433e-aaee-7c9a683ceb73,ARCHIVE,ARCHIVE_FILE,Files/archive_unzipped/2026-07-13/audit/jun26/2026-06-20.csv,archived.audit,4,4,0.0,,2026-08-06 00:34:17.658756,
dc5834a6-f5e4-433e-aaee-7c9a683ceb73,ARCHIVE,ARCHIVE_FILE,Files/archive_unzipped/2026-07-04/audit/jun26/2026-06-20.csv,archived.audit,4,4,0.0,,2026-08-06 04:30:22.142622,
dc5834a6-f5e4-433e-aaee-7c9a683ceb73,ARCHIVE,ARCHIVE_FILE,Files/archive_unzipped/2026-07-15/audit/jun26/2026-06-20.csv,archived.audit,4,4,0.0,,2026-08-06 00:19:59.795999,
dc5834a6-f5e4-433e-aaee-7c9a683ceb73,ARCHIVE,ARCHIVE_FILE,Files/archive_unzipped/2026-06-30/audit/may26/2026-05-24.csv,archived.audit,8,8,0.0,,2026-08-06 02:34:03.470185,
dc5834a6-f5e4-433e-aaee-7c9a683ceb73,ARCHIVE,ARCHIVE_FILE,Files/archive_unzipped/2026-07-01/audit/may26/2026-05-23.csv,archived.audit,2,2,0.0,,2026-08-06 04:28:59.590876,
dc5834a6-f5e4-433e-aaee-7c9a683ceb73,ARCHIVE,ARCHIVE_FILE,Files/archive_unzipped/2026-07-06/audit/jun26/2026-06-28.csv,archived.audit,3,3,0.0,,2026-08-06 02:21:06.117769,
dc5834a6-f5e4-433e-aaee-7c9a683ceb73,ARCHIVE,ARCHIVE_FILE,Files/archive_unzipped/2026-07-30/audit/jun26/2026-06-20.csv,archived.audit,4,4,0.0,,2026-08-06 00:29:28.736745,
dc5834a6-f5e4-433e-aaee-7c9a683ceb73,ARCHIVE,ARCHIVE_FILE,Files/archive_unzipped/2026-07-14/audit/jun26/2026-06-20.csv,archived.audit,4,4,0.0,,2026-08-06 01:40:22.739525,
dc5834a6-f5e4-433e-aaee-7c9a683ceb73,ARCHIVE,ARCHIVE_FILE,Files/archive_unzipped/2026-07-01/audit/may26/2026-05-31.csv,archived.audit,2,2,0.0,,2026-08-06 00:50:52.459327,
dc5834a6-f5e4-433e-aaee-7c9a683ceb73,ARCHIVE,ARCHIVE_FILE,Files/archive_unzipped/2026-07-07/audit/jun26/2026-06-28.csv,archived.audit,3,3,0.0,,2026-08-06 02:51:23.482904,
dc5834a6-f5e4-433e-aaee-7c9a683ceb73,ARCHIVE,ARCHIVE_FILE,Files/archive_unzipped/2026-07-27/audit/jun26/2026-06-20.csv,archived.audit,4,4,0.0,,2026-08-06 02:11:20.027666,
dc5834a6-f5e4-433e-aaee-7c9a683ceb73,ARCHIVE,ARCHIVE_FILE,Files/archive_unzipped/2026-07-02/audit/jun26/2026-06-20.csv,archived.audit,4,4,0.0,,2026-08-06 04:49:31.378821,
dc5834a6-f5e4-433e-aaee-7c9a683ceb73,ARCHIVE,ARCHIVE_FILE,Files/archive_unzipped/2026-07-30/audit/jun26/2026-06-28.csv,archived.audit,3,3,0.0,,2026-08-06 03:52:44.744546,
dc5834a6-f5e4-433e-aaee-7c9a683ceb73,ARCHIVE,ARCHIVE_FILE,Files/archive_unzipped/2026-07-25/audit/jun26/2026-06-28.csv,archived.audit,3,3,0.0,,2026-08-06 02:16:36.871571,
dc5834a6-f5e4-433e-aaee-7c9a683ceb73,ARCHIVE,ARCHIVE_FILE,Files/archive_unzipped/2026-08-05/audit/jul26/2026-07-19.csv,archived.audit,1,1,0.0,,2026-08-06 04:02:31.280686,
dc5834a6-f5e4-433e-aaee-7c9a683ceb73,ARCHIVE,ARCHIVE_FILE,Files/archive_unzipped/2026-07-09/audit/jun26/2026-06-20.csv,archived.audit,4,4,0.0,,2026-08-06 04:51:00.555117,
dc5834a6-f5e4-433e-aaee-7c9a683ceb73,ARCHIVE,ARCHIVE_FILE,Files/archive_unzipped/2026-07-07/audit/jun26/2026-06-20.csv,archived.audit,4,4,0.0,,2026-08-06 00:53:41.838167,
dc5834a6-f5e4-433e-aaee-7c9a683ceb73,ARCHIVE,ARCHIVE_FILE,Files/archive_unzipped/2026-07-11/audit/jun26/2026-06-20.csv,archived.audit,4,4,0.0,,2026-08-06 00:31:10.128133,
f500acd5-ceed-482d-8a90-6af3cd75d312,SILVER,ARCHIVE_MONTH_END,archived.offer_view_history,silver.offer_view_history,924,924,0.0,,2026-08-21 10:02:12.604339,78a97d6e-b4bb-4909-9c22-e6a69f27f6ac
f500acd5-ceed-482d-8a90-6af3cd75d312,SILVER,ARCHIVE_MONTH_END,archived.provider_framework,silver.provider_framework,295,295,0.0,,2026-08-21 09:54:38.530790,78a97d6e-b4bb-4909-9c22-e6a69f27f6ac
b97006cc-a045-41e7-9298-bbb73ae73cdb,SILVER,ARCHIVE_MONTH_END,archived.provider_sic_codes,silver.provider_sic_codes,426,426,0.0,,2026-08-23 09:01:48.420768,7619fd90-8c9b-40b7-896b-a9d8a7053876
b97006cc-a045-41e7-9298-bbb73ae73cdb,SILVER,ARCHIVE_MONTH_END,archived.provider_framework,silver.provider_framework,260,260,0.0,,2026-08-23 09:00:41.431682,7619fd90-8c9b-40b7-896b-a9d8a7053876
35632134-4a97-43e8-8bc5-827c16a02b05,ARCHIVE,ARCHIVE_FILE,Files/archive_unzipped/2026-08-21/referral_provider_message.csv,archived.referral_provider_message,4989,4989,0.0,,2026-08-22 00:12:08.011846,
dc5834a6-f5e4-433e-aaee-7c9a683ceb73,ARCHIVE,ARCHIVE_FILE,Files/archive_unzipped/2026-07-28/audit/jun26/2026-06-20.csv,archived.audit,4,4,0.0,,2026-08-06 06:20:49.156697,
dc5834a6-f5e4-433e-aaee-7c9a683ceb73,ARCHIVE,ARCHIVE_FILE,Files/archive_unzipped/2026-07-17/audit/jun26/2026-06-28.csv,archived.audit,3,3,0.0,,2026-08-06 04:00:43.848715,
dc5834a6-f5e4-433e-aaee-7c9a683ceb73,ARCHIVE,ARCHIVE_FILE,Files/archive_unzipped/2026-08-02/audit/jul26/2026-07-19.csv,archived.audit,1,1,0.0,,2026-08-06 02:40:56.388323,
dc5834a6-f5e4-433e-aaee-7c9a683ceb73,ARCHIVE,ARCHIVE_FILE,Files/archive_unzipped/2026-08-03/audit/jul26/2026-07-19.csv,archived.audit,1,1,0.0,,2026-08-06 03:58:51.124382,
dc5834a6-f5e4-433e-aaee-7c9a683ceb73,ARCHIVE,ARCHIVE_FILE,Files/archive_unzipped/2026-07-17/audit/jun26/2026-06-20.csv,archived.audit,4,4,0.0,,2026-08-06 06:48:34.469056,
dc5834a6-f5e4-433e-aaee-7c9a683ceb73,ARCHIVE,ARCHIVE_FILE,Files/archive_unzipped/2026-07-01/audit/may26/2026-05-16.csv,archived.audit,4,4,0.0,,2026-08-06 02:48:46.393481,
dc5834a6-f5e4-433e-aaee-7c9a683ceb73,ARCHIVE,ARCHIVE_FILE,Files/archive_unzipped/2026-07-11/audit/jun26/2026-06-28.csv,archived.audit,3,3,0.0,,2026-08-06 01:35:08.227908,
dc5834a6-f5e4-433e-aaee-7c9a683ceb73,ARCHIVE,ARCHIVE_FILE,Files/archive_unzipped/2026-06-30/audit/may26/2026-05-16.csv,archived.audit,4,4,0.0,,2026-08-06 07:50:23.151886,
dc5834a6-f5e4-433e-aaee-7c9a683ceb73,ARCHIVE,ARCHIVE_FILE,Files/archive_unzipped/2026-08-04/audit/jul26/2026-07-19.csv,archived.audit,1,1,0.0,,2026-08-06 01:32:33.543734,
7ae9b485-8c03-4c6e-a944-8b465d4d509d,ARCHIVE,ARCHIVE_FILE,Files/archive_unzipped/2026-07-14/audit/jun26/2026-06-28.csv,archived.audit,3,3,0.0,,2026-08-05 23:36:21.689890,
dc5834a6-f5e4-433e-aaee-7c9a683ceb73,ARCHIVE,ARCHIVE_FILE,Files/archive_unzipped/2026-07-21/audit/jun26/2026-06-28.csv,archived.audit,3,3,0.0,,2026-08-06 00:49:10.671263,
dc5834a6-f5e4-433e-aaee-7c9a683ceb73,ARCHIVE,ARCHIVE_FILE,Files/archive_unzipped/2026-06-30/audit/may26/2026-05-30.csv,archived.audit,1,1,0.0,,2026-08-06 05:48:25.941476,
dc5834a6-f5e4-433e-aaee-7c9a683ceb73,ARCHIVE,ARCHIVE_FILE,Files/archive_unzipped/2026-07-23/audit/jun26/2026-06-20.csv,archived.audit,4,4,0.0,,2026-08-06 03:11:34.188442,
dc5834a6-f5e4-433e-aaee-7c9a683ceb73,ARCHIVE,ARCHIVE_FILE,Files/archive_unzipped/2026-07-04/audit/jun26/2026-06-28.csv,archived.audit,3,3,0.0,,2026-08-06 00:33:39.228899,
dc5834a6-f5e4-433e-aaee-7c9a683ceb73,ARCHIVE,ARCHIVE_FILE,Files/archive_unzipped/2026-06-30/audit/may26/2026-05-17.csv,archived.audit,4,4,0.0,,2026-08-06 06:13:22.732700,
dc5834a6-f5e4-433e-aaee-7c9a683ceb73,ARCHIVE,ARCHIVE_FILE,Files/archive_unzipped/2026-07-19/audit/jun26/2026-06-20.csv,archived.audit,4,4,0.0,,2026-08-06 00:46:48.378702,
dc5834a6-f5e4-433e-aaee-7c9a683ceb73,ARCHIVE,ARCHIVE_FILE,Files/archive_unzipped/2026-06-30/audit/may26/2026-05-23.csv,archived.audit,2,2,0.0,,2026-08-06 05:07:18.374370,
dc5834a6-f5e4-433e-aaee-7c9a683ceb73,ARCHIVE,ARCHIVE_FILE,Files/archive_unzipped/2026-07-10/audit/jun26/2026-06-28.csv,archived.audit,3,3,0.0,,2026-08-06 08:26:21.452950,
dc5834a6-f5e4-433e-aaee-7c9a683ceb73,ARCHIVE,ARCHIVE_FILE,Files/archive_unzipped/2026-07-01/audit/may26/2026-05-24.csv,archived.audit,8,8,0.0,,2026-08-06 03:08:02.875750,
dc5834a6-f5e4-433e-aaee-7c9a683ceb73,ARCHIVE,ARCHIVE_FILE,Files/archive_unzipped/2026-07-24/audit/jun26/2026-06-28.csv,archived.audit,3,3,0.0,,2026-08-06 08:03:44.641263,
dc5834a6-f5e4-433e-aaee-7c9a683ceb73,ARCHIVE,ARCHIVE_FILE,Files/archive_unzipped/2026-07-31/audit/jun26/2026-06-28.csv,archived.audit,3,3,0.0,,2026-08-06 05:28:59.572678,
dc5834a6-f5e4-433e-aaee-7c9a683ceb73,ARCHIVE,ARCHIVE_FILE,Files/archive_unzipped/2026-07-10/audit/jun26/2026-06-20.csv,archived.audit,4,4,0.0,,2026-08-06 00:12:43.596744,
dc5834a6-f5e4-433e-aaee-7c9a683ceb73,ARCHIVE,ARCHIVE_FILE,Files/archive_unzipped/2026-06-30/audit/may26/2026-05-31.csv,archived.audit,2,2,0.0,,2026-08-06 01:00:23.895239,
dc5834a6-f5e4-433e-aaee-7c9a683ceb73,ARCHIVE,ARCHIVE_FILE,Files/archive_unzipped/2026-07-15/audit/jun26/2026-06-28.csv,archived.audit,3,3,0.0,,2026-08-06 01:54:53.521315,
dc5834a6-f5e4-433e-aaee-7c9a683ceb73,ARCHIVE,ARCHIVE_FILE,Files/archive_unzipped/2026-07-22/audit/jun26/2026-06-20.csv,archived.audit,4,4,0.0,,2026-08-06 00:49:28.547410,
dc5834a6-f5e4-433e-aaee-7c9a683ceb73,ARCHIVE,ARCHIVE_FILE,Files/archive_unzipped/2026-07-03/audit/jun26/2026-06-20.csv,archived.audit,4,4,0.0,,2026-08-06 05:32:43.505086,
dc5834a6-f5e4-433e-aaee-7c9a683ceb73,ARCHIVE,ARCHIVE_FILE,Files/archive_unzipped/2026-07-29/audit/jun26/2026-06-20.csv,archived.audit,4,4,0.0,,2026-08-06 07:48:51.549099,
dc5834a6-f5e4-433e-aaee-7c9a683ceb73,ARCHIVE,ARCHIVE_FILE,Files/archive_unzipped/2026-07-02/audit/jun26/2026-06-28.csv,archived.audit,3,3,0.0,,2026-08-06 07:13:14.693647,
dc5834a6-f5e4-433e-aaee-7c9a683ceb73,ARCHIVE,ARCHIVE_FILE,Files/archive_unzipped/2026-07-20/audit/jun26/2026-06-20.csv,archived.audit,4,4,0.0,,2026-08-06 06:20:20.341655,
dc5834a6-f5e4-433e-aaee-7c9a683ceb73,ARCHIVE,ARCHIVE_FILE,Files/archive_unzipped/2026-07-22/audit/jun26/2026-06-28.csv,archived.audit,3,3,0.0,,2026-08-06 04:19:34.447595,
dc5834a6-f5e4-433e-aaee-7c9a683ceb73,ARCHIVE,ARCHIVE_FILE,Files/archive_unzipped/2026-07-12/audit/jun26/2026-06-28.csv,archived.audit,3,3,0.0,,2026-08-06 04:17:42.720831,
dc5834a6-f5e4-433e-aaee-7c9a683ceb73,ARCHIVE,ARCHIVE_FILE,Files/archive_unzipped/2026-07-16/audit/jun26/2026-06-28.csv,archived.audit,3,3,0.0,,2026-08-06 03:06:27.136559,
4a41678c-1cf1-4301-8476-d75a10731403,ARCHIVE,ARCHIVE_FILE,Files/archive_unzipped/2026-08-22/referral_provider_message.csv,archived.referral_provider_message,4991,4991,0.0,,2026-08-23 00:11:30.693471,
f500acd5-ceed-482d-8a90-6af3cd75d312,SILVER,ARCHIVE_MONTH_END,archived.framework_category,silver.framework_category,20,20,0.0,,2026-08-21 09:53:00.944559,78a97d6e-b4bb-4909-9c22-e6a69f27f6ac
b97006cc-a045-41e7-9298-bbb73ae73cdb,SILVER,ARCHIVE_MONTH_END,archived.framework_category,silver.framework_category,20,20,0.0,,2026-08-23 08:59:33.359524,7619fd90-8c9b-40b7-896b-a9d8a7053876
f500acd5-ceed-482d-8a90-6af3cd75d312,SILVER,ARCHIVE_MONTH_END,archived.ipa_additional_fee,silver.ipa_additional_fee,2,2,0.0,,2026-08-21 10:02:59.635078,78a97d6e-b4bb-4909-9c22-e6a69f27f6ac
f500acd5-ceed-482d-8a90-6af3cd75d312,SILVER,ARCHIVE_MONTH_END,archived.referral_provider,silver.referral_provider,65710,65710,0.0,,2026-08-21 09:55:49.030524,78a97d6e-b4bb-4909-9c22-e6a69f27f6ac
35632134-4a97-43e8-8bc5-827c16a02b05,ARCHIVE,ARCHIVE_FILE,Files/archive_unzipped/2026-08-21/supervising_social_worker.csv,archived.supervising_social_worker,32,32,0.0,,2026-08-22 00:05:05.009916,
4a41678c-1cf1-4301-8476-d75a10731403,ARCHIVE,ARCHIVE_FILE,Files/archive_unzipped/2026-08-22/supervising_social_worker.csv,archived.supervising_social_worker,32,32,0.0,,2026-08-23 00:14:39.363663,
4a41678c-1cf1-4301-8476-d75a10731403,ARCHIVE,ARCHIVE_FILE,Files/archive_unzipped/2026-08-22/provider_submission_docs.csv,archived.provider_submission_docs,17454,17454,0.0,,2026-08-23 00:04:22.798642,
35632134-4a97-43e8-8bc5-827c16a02b05,ARCHIVE,ARCHIVE_FILE,Files/archive_unzipped/2026-08-21/provider_submission_docs.csv,archived.provider_submission_docs,17454,17454,0.0,,2026-08-22 00:15:02.351142,
f500acd5-ceed-482d-8a90-6af3cd75d312,SILVER,ARCHIVE_MONTH_END,archived.provider_home_age,silver.provider_home_age,2417,2417,0.0,,2026-08-21 09:57:06.129834,78a97d6e-b4bb-4909-9c22-e6a69f27f6ac
b97006cc-a045-41e7-9298-bbb73ae73cdb,SILVER,ARCHIVE_MONTH_END,archived.provider_home_age,silver.provider_home_age,1667,1667,0.0,,2026-08-23 09:02:56.039655,7619fd90-8c9b-40b7-896b-a9d8a7053876
f500acd5-ceed-482d-8a90-6af3cd75d312,SILVER,ARCHIVE_MONTH_END,archived.referral_category,silver.referral_category,656,656,0.0,,2026-08-21 09:55:23.415948,78a97d6e-b4bb-4909-9c22-e6a69f27f6ac
dc5834a6-f5e4-433e-aaee-7c9a683ceb73,ARCHIVE,ARCHIVE_FILE,Files/archive_unzipped/2026-08-04/audit/jul26/2026-07-25.csv,archived.audit,16,16,0.0,,2026-08-06 06:14:52.019420,
dc5834a6-f5e4-433e-aaee-7c9a683ceb73,ARCHIVE,ARCHIVE_FILE,Files/archive_unzipped/2026-08-05/audit/jul26/2026-07-18.csv,archived.audit,61,61,0.0,,2026-08-06 03:33:25.480885,
dc5834a6-f5e4-433e-aaee-7c9a683ceb73,ARCHIVE,ARCHIVE_FILE,Files/archive_unzipped/2026-07-22/audit/jun26/2026-07-01.csv,archived.audit,38,38,0.0,,2026-08-06 03:44:08.778211,
dc5834a6-f5e4-433e-aaee-7c9a683ceb73,ARCHIVE,ARCHIVE_FILE,Files/archive_unzipped/2026-07-24/audit/jun26/2026-06-14.csv,archived.audit,13,13,0.0,,2026-08-06 03:19:42.801656,
dc5834a6-f5e4-433e-aaee-7c9a683ceb73,ARCHIVE,ARCHIVE_FILE,Files/archive_unzipped/2026-07-17/audit/jun26/2026-06-07.csv,archived.audit,20,20,0.0,,2026-08-06 00:13:05.672153,
dc5834a6-f5e4-433e-aaee-7c9a683ceb73,ARCHIVE,ARCHIVE_FILE,Files/archive_unzipped/2026-07-18/audit/jun26/2026-06-07.csv,archived.audit,20,20,0.0,,2026-08-06 01:13:59.342625,
dc5834a6-f5e4-433e-aaee-7c9a683ceb73,ARCHIVE,ARCHIVE_FILE,Files/archive_unzipped/2026-07-26/audit/jun26/2026-06-13.csv,archived.audit,13,13,0.0,,2026-08-06 01:07:45.912929,
dc5834a6-f5e4-433e-aaee-7c9a683ceb73,ARCHIVE,ARCHIVE_FILE,Files/archive_unzipped/2026-07-11/audit/jun26/2026-06-21.csv,archived.audit,14,14,0.0,,2026-08-06 02:52:10.793535,
dc5834a6-f5e4-433e-aaee-7c9a683ceb73,ARCHIVE,ARCHIVE_FILE,Files/archive_unzipped/2026-07-03/audit/jun26/2026-06-14.csv,archived.audit,13,13,0.0,,2026-08-06 00:30:28.434097,
dc5834a6-f5e4-433e-aaee-7c9a683ceb73,ARCHIVE,ARCHIVE_FILE,Files/archive_unzipped/2026-07-19/audit/jun26/2026-06-14.csv,archived.audit,13,13,0.0,,2026-08-06 01:48:37.335771,
dc5834a6-f5e4-433e-aaee-7c9a683ceb73,ARCHIVE,ARCHIVE_FILE,Files/archive_unzipped/2026-07-21/audit/jun26/2026-06-13.csv,archived.audit,13,13,0.0,,2026-08-06 06:16:19.058933,
dc5834a6-f5e4-433e-aaee-7c9a683ceb73,ARCHIVE,ARCHIVE_FILE,Files/archive_unzipped/2026-07-10/audit/jun26/2026-06-21.csv,archived.audit,14,14,0.0,,2026-08-06 03:55:47.238262,
dc5834a6-f5e4-433e-aaee-7c9a683ceb73,ARCHIVE,ARCHIVE_FILE,Files/archive_unzipped/2026-07-29/audit/jun26/2026-06-13.csv,archived.audit,13,13,0.0,,2026-08-06 03:36:04.248776,
dc5834a6-f5e4-433e-aaee-7c9a683ceb73,ARCHIVE,ARCHIVE_FILE,Files/archive_unzipped/2026-07-12/audit/jun26/2026-06-14.csv,archived.audit,13,13,0.0,,2026-08-06 01:20:44.687303,
dc5834a6-f5e4-433e-aaee-7c9a683ceb73,ARCHIVE,ARCHIVE_FILE,Files/archive_unzipped/2026-07-03/audit/jun26/2026-06-06.csv,archived.audit,43,43,0.0,,2026-08-06 00:39:00.095336,
dc5834a6-f5e4-433e-aaee-7c9a683ceb73,ARCHIVE,ARCHIVE_FILE,Files/archive_unzipped/2026-07-26/audit/jun26/2026-06-06.csv,archived.audit,43,43,0.0,,2026-08-06 04:40:19.858186,
dc5834a6-f5e4-433e-aaee-7c9a683ceb73,ARCHIVE,ARCHIVE_FILE,Files/archive_unzipped/2026-07-23/audit/jun26/2026-06-21.csv,archived.audit,14,14,0.0,,2026-08-06 06:11:28.653437,
dc5834a6-f5e4-433e-aaee-7c9a683ceb73,ARCHIVE,ARCHIVE_FILE,Files/archive_unzipped/2026-07-06/audit/jun26/2026-06-21.csv,archived.audit,14,14,0.0,,2026-08-06 08:30:21.451007,
dc5834a6-f5e4-433e-aaee-7c9a683ceb73,ARCHIVE,ARCHIVE_FILE,Files/archive_unzipped/2026-07-08/audit/jun26/2026-06-21.csv,archived.audit,14,14,0.0,,2026-08-06 00:28:00.188687,
dc5834a6-f5e4-433e-aaee-7c9a683ceb73,ARCHIVE,ARCHIVE_FILE,Files/archive_unzipped/2026-07-01/audit/may26/2026-05-09.csv,archived.audit,74,74,0.0,,2026-08-06 04:46:59.942515,
dc5834a6-f5e4-433e-aaee-7c9a683ceb73,ARCHIVE,ARCHIVE_FILE,Files/archive_unzipped/2026-07-31/audit/jun26/2026-06-21.csv,archived.audit,14,14,0.0,,2026-08-06 06:42:50.639117,
dc5834a6-f5e4-433e-aaee-7c9a683ceb73,ARCHIVE,ARCHIVE_FILE,Files/archive_unzipped/2026-07-18/audit/jun26/2026-06-21.csv,archived.audit,14,14,0.0,,2026-08-06 04:08:47.343014,
dc5834a6-f5e4-433e-aaee-7c9a683ceb73,ARCHIVE,ARCHIVE_FILE,Files/archive_unzipped/2026-07-23/audit/jun26/2026-07-01.csv,archived.audit,38,38,0.0,,2026-08-06 04:37:41.419205,
dc5834a6-f5e4-433e-aaee-7c9a683ceb73,ARCHIVE,ARCHIVE_FILE,Files/archive_unzipped/2026-08-01/audit/jul26/2026-07-25.csv,archived.audit,16,16,0.0,,2026-08-06 05:39:14.600018,
dc5834a6-f5e4-433e-aaee-7c9a683ceb73,ARCHIVE,ARCHIVE_FILE,Files/archive_unzipped/2026-07-02/audit/jun26/2026-06-21.csv,archived.audit,14,14,0.0,,2026-08-06 07:05:26.878563,
dc5834a6-f5e4-433e-aaee-7c9a683ceb73,ARCHIVE,ARCHIVE_FILE,Files/archive_unzipped/2026-07-03/audit/jun26/2026-06-21.csv,archived.audit,14,14,0.0,,2026-08-06 06:34:29.826737,
dc5834a6-f5e4-433e-aaee-7c9a683ceb73,ARCHIVE,ARCHIVE_FILE,Files/archive_unzipped/2026-07-29/audit/jun26/2026-06-07.csv,archived.audit,20,20,0.0,,2026-08-06 04:44:52.727175,
dc5834a6-f5e4-433e-aaee-7c9a683ceb73,ARCHIVE,ARCHIVE_FILE,Files/archive_unzipped/2026-07-27/audit/jun26/2026-06-14.csv,archived.audit,13,13,0.0,,2026-08-06 01:12:09.918751,
dc5834a6-f5e4-433e-aaee-7c9a683ceb73,ARCHIVE,ARCHIVE_FILE,Files/archive_unzipped/2026-07-09/audit/jun26/2026-06-21.csv,archived.audit,14,14,0.0,,2026-08-06 08:23:48.921601,
dc5834a6-f5e4-433e-aaee-7c9a683ceb73,ARCHIVE,ARCHIVE_FILE,Files/archive_unzipped/2026-07-17/audit/jun26/2026-06-06.csv,archived.audit,43,43,0.0,,2026-08-06 01:43:18.169060,
dc5834a6-f5e4-433e-aaee-7c9a683ceb73,ARCHIVE,ARCHIVE_FILE,Files/archive_unzipped/2026-07-22/audit/jun26/2026-06-07.csv,archived.audit,20,20,0.0,,2026-08-06 03:40:27.621341,
dc5834a6-f5e4-433e-aaee-7c9a683ceb73,ARCHIVE,ARCHIVE_FILE,Files/archive_unzipped/2026-07-19/audit/jun26/2026-06-21.csv,archived.audit,14,14,0.0,,2026-08-06 02:19:58.990724,
35632134-4a97-43e8-8bc5-827c16a02b05,ARCHIVE,ARCHIVE_FILE,Files/archive_unzipped/2026-08-21/ipa_child_support_needs.csv,archived.ipa_child_support_needs,64,64,0.0,,2026-08-22 00:17:06.691138,
4a41678c-1cf1-4301-8476-d75a10731403,ARCHIVE,ARCHIVE_FILE,Files/archive_unzipped/2026-08-22/ipa_child_support_needs.csv,archived.ipa_child_support_needs,64,64,0.0,,2026-08-23 00:10:07.381561,
f500acd5-ceed-482d-8a90-6af3cd75d312,SILVER,ARCHIVE_MONTH_END,archived.foster_transport,silver.foster_transport,31,31,0.0,,2026-08-21 10:00:57.261057,78a97d6e-b4bb-4909-9c22-e6a69f27f6ac
35632134-4a97-43e8-8bc5-827c16a02b05,ARCHIVE,ARCHIVE_FILE,Files/archive_unzipped/2026-08-21/provider_home_category.csv,archived.provider_home_category,2476,2476,0.0,,2026-08-22 00:15:26.315305,
4a41678c-1cf1-4301-8476-d75a10731403,ARCHIVE,ARCHIVE_FILE,Files/archive_unzipped/2026-08-22/provider_home_category.csv,archived.provider_home_category,2476,2476,0.0,,2026-08-23 00:08:22.643137,
4a41678c-1cf1-4301-8476-d75a10731403,ARCHIVE,ARCHIVE_FILE,Files/archive_unzipped/2026-08-22/referral_spot_category.csv,archived.referral_spot_category,311,311,0.0,,2026-08-23 00:15:01.721023,
35632134-4a97-43e8-8bc5-827c16a02b05,ARCHIVE,ARCHIVE_FILE,Files/archive_unzipped/2026-08-21/referral_spot_category.csv,archived.referral_spot_category,311,311,0.0,,2026-08-22 00:03:42.700185,
dc5834a6-f5e4-433e-aaee-7c9a683ceb73,ARCHIVE,ARCHIVE_FILE,Files/archive_unzipped/2026-07-30/audit/jun26/2026-07-01.csv,archived.audit,38,38,0.0,,2026-08-06 05:55:41.302338,
dc5834a6-f5e4-433e-aaee-7c9a683ceb73,ARCHIVE,ARCHIVE_FILE,Files/archive_unzipped/2026-07-09/audit/jun26/2026-06-06.csv,archived.audit,43,43,0.0,,2026-08-06 01:08:59.607801,
dc5834a6-f5e4-433e-aaee-7c9a683ceb73,ARCHIVE,ARCHIVE_FILE,Files/archive_unzipped/2026-07-08/audit/jun26/2026-06-06.csv,archived.audit,43,43,0.0,,2026-08-06 06:40:15.850402,
dc5834a6-f5e4-433e-aaee-7c9a683ceb73,ARCHIVE,ARCHIVE_FILE,Files/archive_unzipped/2026-07-19/audit/jun26/2026-07-01.csv,archived.audit,38,38,0.0,,2026-08-06 07:25:28.420211,
dc5834a6-f5e4-433e-aaee-7c9a683ceb73,ARCHIVE,ARCHIVE_FILE,Files/archive_unzipped/2026-07-02/audit/jun26/2026-06-06.csv,archived.audit,43,43,0.0,,2026-08-06 02:18:03.571027,
dc5834a6-f5e4-433e-aaee-7c9a683ceb73,ARCHIVE,ARCHIVE_FILE,Files/archive_unzipped/2026-07-27/audit/jun26/2026-06-21.csv,archived.audit,14,14,0.0,,2026-08-06 04:38:07.622487,
dc5834a6-f5e4-433e-aaee-7c9a683ceb73,ARCHIVE,ARCHIVE_FILE,Files/archive_unzipped/2026-07-26/audit/jun26/2026-06-14.csv,archived.audit,13,13,0.0,,2026-08-06 03:13:56.136724,
dc5834a6-f5e4-433e-aaee-7c9a683ceb73,ARCHIVE,ARCHIVE_FILE,Files/archive_unzipped/2026-07-21/audit/jun26/2026-06-07.csv,archived.audit,20,20,0.0,,2026-08-06 04:43:57.992800,
dc5834a6-f5e4-433e-aaee-7c9a683ceb73,ARCHIVE,ARCHIVE_FILE,Files/archive_unzipped/2026-07-07/audit/jun26/2026-06-14.csv,archived.audit,13,13,0.0,,2026-08-06 02:28:34.935067,
dc5834a6-f5e4-433e-aaee-7c9a683ceb73,ARCHIVE,ARCHIVE_FILE,Files/archive_unzipped/2026-07-30/audit/jun26/2026-06-13.csv,archived.audit,13,13,0.0,,2026-08-06 04:57:07.821660,
dc5834a6-f5e4-433e-aaee-7c9a683ceb73,ARCHIVE,ARCHIVE_FILE,Files/archive_unzipped/2026-07-01/audit/jun26/2026-06-14.csv,archived.audit,13,13,0.0,,2026-08-06 05:46:51.089792,
dc5834a6-f5e4-433e-aaee-7c9a683ceb73,ARCHIVE,ARCHIVE_FILE,Files/archive_unzipped/2026-07-07/audit/jun26/2026-06-13.csv,archived.audit,13,13,0.0,,2026-08-06 05:01:00.327877,
dc5834a6-f5e4-433e-aaee-7c9a683ceb73,ARCHIVE,ARCHIVE_FILE,Files/archive_unzipped/2026-07-31/audit/jun26/2026-06-13.csv,archived.audit,13,13,0.0,,2026-08-06 00:05:15.041649,
dc5834a6-f5e4-433e-aaee-7c9a683ceb73,ARCHIVE,ARCHIVE_FILE,Files/archive_unzipped/2026-07-17/audit/jun26/2026-07-01.csv,archived.audit,38,38,0.0,,2026-08-06 07:35:50.709915,
dc5834a6-f5e4-433e-aaee-7c9a683ceb73,ARCHIVE,ARCHIVE_FILE,Files/archive_unzipped/2026-07-10/audit/jun26/2026-06-07.csv,archived.audit,20,20,0.0,,2026-08-06 05:49:27.301632,
dc5834a6-f5e4-433e-aaee-7c9a683ceb73,ARCHIVE,ARCHIVE_FILE,Files/archive_unzipped/2026-07-16/audit/jun26/2026-06-14.csv,archived.audit,13,13,0.0,,2026-08-06 06:04:09.813141,
dc5834a6-f5e4-433e-aaee-7c9a683ceb73,ARCHIVE,ARCHIVE_FILE,Files/archive_unzipped/2026-07-30/audit/jun26/2026-06-21.csv,archived.audit,14,14,0.0,,2026-08-06 02:55:00.818859,
dc5834a6-f5e4-433e-aaee-7c9a683ceb73,ARCHIVE,ARCHIVE_FILE,Files/archive_unzipped/2026-07-10/audit/jun26/2026-06-06.csv,archived.audit,43,43,0.0,,2026-08-06 00:44:15.848350,
dc5834a6-f5e4-433e-aaee-7c9a683ceb73,ARCHIVE,ARCHIVE_FILE,Files/archive_unzipped/2026-08-02/audit/jul26/2026-07-05.csv,archived.audit,17,17,0.0,,2026-08-06 06:55:01.600696,
dc5834a6-f5e4-433e-aaee-7c9a683ceb73,ARCHIVE,ARCHIVE_FILE,Files/archive_unzipped/2026-07-28/audit/jun26/2026-07-01.csv,archived.audit,38,38,0.0,,2026-08-06 08:04:51.436806,
dc5834a6-f5e4-433e-aaee-7c9a683ceb73,ARCHIVE,ARCHIVE_FILE,Files/archive_unzipped/2026-07-26/audit/jun26/2026-06-07.csv,archived.audit,20,20,0.0,,2026-08-06 07:01:08.994026,
dc5834a6-f5e4-433e-aaee-7c9a683ceb73,ARCHIVE,ARCHIVE_FILE,Files/archive_unzipped/2026-07-20/audit/jun26/2026-06-13.csv,archived.audit,13,13,0.0,,2026-08-06 05:18:12.193411,
dc5834a6-f5e4-433e-aaee-7c9a683ceb73,ARCHIVE,ARCHIVE_FILE,Files/archive_unzipped/2026-07-01/audit/jun26/2026-07-01.csv,archived.audit,38,38,0.0,,2026-08-06 07:21:08.517588,
dc5834a6-f5e4-433e-aaee-7c9a683ceb73,ARCHIVE,ARCHIVE_FILE,Files/archive_unzipped/2026-07-07/audit/jun26/2026-06-06.csv,archived.audit,43,43,0.0,,2026-08-06 02:53:19.495789,
dc5834a6-f5e4-433e-aaee-7c9a683ceb73,ARCHIVE,ARCHIVE_FILE,Files/archive_unzipped/2026-07-05/audit/jun26/2026-06-07.csv,archived.audit,20,20,0.0,,2026-08-06 07:44:11.949663,
dc5834a6-f5e4-433e-aaee-7c9a683ceb73,ARCHIVE,ARCHIVE_FILE,Files/archive_unzipped/2026-07-16/audit/jun26/2026-06-21.csv,archived.audit,14,14,0.0,,2026-08-06 06:36:04.025823,
dc5834a6-f5e4-433e-aaee-7c9a683ceb73,ARCHIVE,ARCHIVE_FILE,Files/archive_unzipped/2026-07-15/audit/jun26/2026-06-13.csv,archived.audit,13,13,0.0,,2026-08-06 04:58:55.873841,
dc5834a6-f5e4-433e-aaee-7c9a683ceb73,ARCHIVE,ARCHIVE_FILE,Files/archive_unzipped/2026-06-30/audit/may26/2026-06-01.csv,archived.audit,18,18,0.0,,2026-08-06 00:58:49.628684,
dc5834a6-f5e4-433e-aaee-7c9a683ceb73,ARCHIVE,ARCHIVE_FILE,Files/archive_unzipped/2026-07-25/audit/jun26/2026-06-21.csv,archived.audit,14,14,0.0,,2026-08-06 01:17:48.316959,
dc5834a6-f5e4-433e-aaee-7c9a683ceb73,ARCHIVE,ARCHIVE_FILE,Files/archive_unzipped/2026-07-05/audit/jun26/2026-06-21.csv,archived.audit,14,14,0.0,,2026-08-06 03:06:01.889235,
dc5834a6-f5e4-433e-aaee-7c9a683ceb73,ARCHIVE,ARCHIVE_FILE,Files/archive_unzipped/2026-07-24/audit/jun26/2026-07-01.csv,archived.audit,38,38,0.0,,2026-08-06 01:27:08.494386,
dc5834a6-f5e4-433e-aaee-7c9a683ceb73,ARCHIVE,ARCHIVE_FILE,Files/archive_unzipped/2026-07-29/audit/jun26/2026-06-06.csv,archived.audit,43,43,0.0,,2026-08-06 04:01:37.252061,
b97006cc-a045-41e7-9298-bbb73ae73cdb,SILVER,ARCHIVE_MONTH_END,archived.holding_company,silver.holding_company,476,476,0.0,,2026-08-23 08:58:47.186525,7619fd90-8c9b-40b7-896b-a9d8a7053876
f500acd5-ceed-482d-8a90-6af3cd75d312,SILVER,ARCHIVE_MONTH_END,archived.referral_person,silver.referral_person,697,697,0.0,,2026-08-21 09:53:51.046375,78a97d6e-b4bb-4909-9c22-e6a69f27f6ac
f500acd5-ceed-482d-8a90-6af3cd75d312,SILVER,ARCHIVE_MONTH_END,archived.holding_company,silver.holding_company,684,684,0.0,,2026-08-21 09:52:12.416618,78a97d6e-b4bb-4909-9c22-e6a69f27f6ac
dc5834a6-f5e4-433e-aaee-7c9a683ceb73,ARCHIVE,ARCHIVE_FILE,Files/archive_unzipped/2026-07-15/audit/jun26/2026-06-06.csv,archived.audit,43,43,0.0,,2026-08-06 07:32:48.459283,
dc5834a6-f5e4-433e-aaee-7c9a683ceb73,ARCHIVE,ARCHIVE_FILE,Files/archive_unzipped/2026-07-02/audit/jun26/2026-06-07.csv,archived.audit,20,20,0.0,,2026-08-06 03:02:58.787827,
dc5834a6-f5e4-433e-aaee-7c9a683ceb73,ARCHIVE,ARCHIVE_FILE,Files/archive_unzipped/2026-07-21/audit/jun26/2026-07-01.csv,archived.audit,38,38,0.0,,2026-08-06 02:31:59.878284,
dc5834a6-f5e4-433e-aaee-7c9a683ceb73,ARCHIVE,ARCHIVE_FILE,Files/archive_unzipped/2026-07-05/audit/jun26/2026-06-14.csv,archived.audit,13,13,0.0,,2026-08-06 01:10:25.438431,
dc5834a6-f5e4-433e-aaee-7c9a683ceb73,ARCHIVE,ARCHIVE_FILE,Files/archive_unzipped/2026-07-28/audit/jun26/2026-06-06.csv,archived.audit,43,43,0.0,,2026-08-06 04:56:42.895029,
dc5834a6-f5e4-433e-aaee-7c9a683ceb73,ARCHIVE,ARCHIVE_FILE,Files/archive_unzipped/2026-07-30/audit/jun26/2026-06-06.csv,archived.audit,43,43,0.0,,2026-08-06 05:21:59.115142,
dc5834a6-f5e4-433e-aaee-7c9a683ceb73,ARCHIVE,ARCHIVE_FILE,Files/archive_unzipped/2026-07-29/audit/jun26/2026-06-14.csv,archived.audit,13,13,0.0,,2026-08-06 01:02:49.182466,
dc5834a6-f5e4-433e-aaee-7c9a683ceb73,ARCHIVE,ARCHIVE_FILE,Files/archive_unzipped/2026-07-13/audit/jun26/2026-06-13.csv,archived.audit,13,13,0.0,,2026-08-06 02:54:09.726970,
dc5834a6-f5e4-433e-aaee-7c9a683ceb73,ARCHIVE,ARCHIVE_FILE,Files/archive_unzipped/2026-07-13/audit/jun26/2026-06-14.csv,archived.audit,13,13,0.0,,2026-08-06 02:56:17.698579,
dc5834a6-f5e4-433e-aaee-7c9a683ceb73,ARCHIVE,ARCHIVE_FILE,Files/archive_unzipped/2026-07-24/audit/jun26/2026-06-21.csv,archived.audit,14,14,0.0,,2026-08-06 06:33:27.971558,
dc5834a6-f5e4-433e-aaee-7c9a683ceb73,ARCHIVE,ARCHIVE_FILE,Files/archive_unzipped/2026-07-15/audit/jun26/2026-06-21.csv,archived.audit,14,14,0.0,,2026-08-06 06:59:01.463184,
dc5834a6-f5e4-433e-aaee-7c9a683ceb73,ARCHIVE,ARCHIVE_FILE,Files/archive_unzipped/2026-07-28/audit/jun26/2026-06-21.csv,archived.audit,14,14,0.0,,2026-08-06 04:20:32.776142,
dc5834a6-f5e4-433e-aaee-7c9a683ceb73,ARCHIVE,ARCHIVE_FILE,Files/archive_unzipped/2026-07-26/audit/jun26/2026-06-21.csv,archived.audit,14,14,0.0,,2026-08-06 03:35:38.482885,
dc5834a6-f5e4-433e-aaee-7c9a683ceb73,ARCHIVE,ARCHIVE_FILE,Files/archive_unzipped/2026-07-12/audit/jun26/2026-07-01.csv,archived.audit,38,38,0.0,,2026-08-06 03:22:43.624513,
dc5834a6-f5e4-433e-aaee-7c9a683ceb73,ARCHIVE,ARCHIVE_FILE,Files/archive_unzipped/2026-07-04/audit/jun26/2026-06-21.csv,archived.audit,14,14,0.0,,2026-08-06 02:12:24.546769,
dc5834a6-f5e4-433e-aaee-7c9a683ceb73,ARCHIVE,ARCHIVE_FILE,Files/archive_unzipped/2026-07-12/audit/jun26/2026-06-07.csv,archived.audit,20,20,0.0,,2026-08-06 00:42:16.380335,
dc5834a6-f5e4-433e-aaee-7c9a683ceb73,ARCHIVE,ARCHIVE_FILE,Files/archive_unzipped/2026-07-25/audit/jun26/2026-06-07.csv,archived.audit,20,20,0.0,,2026-08-06 04:59:46.991520,
dc5834a6-f5e4-433e-aaee-7c9a683ceb73,ARCHIVE,ARCHIVE_FILE,Files/archive_unzipped/2026-07-09/audit/jun26/2026-06-07.csv,archived.audit,20,20,0.0,,2026-08-06 05:27:04.519128,
dc5834a6-f5e4-433e-aaee-7c9a683ceb73,ARCHIVE,ARCHIVE_FILE,Files/archive_unzipped/2026-07-02/audit/jun26/2026-06-14.csv,archived.audit,13,13,0.0,,2026-08-06 01:08:20.712845,
dc5834a6-f5e4-433e-aaee-7c9a683ceb73,ARCHIVE,ARCHIVE_FILE,Files/archive_unzipped/2026-07-21/audit/jun26/2026-06-14.csv,archived.audit,13,13,0.0,,2026-08-06 00:26:24.492164,
dc5834a6-f5e4-433e-aaee-7c9a683ceb73,ARCHIVE,ARCHIVE_FILE,Files/archive_unzipped/2026-07-12/audit/jun26/2026-06-06.csv,archived.audit,43,43,0.0,,2026-08-06 02:47:36.321178,
dc5834a6-f5e4-433e-aaee-7c9a683ceb73,ARCHIVE,ARCHIVE_FILE,Files/archive_unzipped/2026-07-04/audit/jun26/2026-06-13.csv,archived.audit,13,13,0.0,,2026-08-06 00:43:54.554220,
dc5834a6-f5e4-433e-aaee-7c9a683ceb73,ARCHIVE,ARCHIVE_FILE,Files/archive_unzipped/2026-08-02/audit/jul26/2026-07-12.csv,archived.audit,13,13,0.0,,2026-08-06 06:02:49.172973,
dc5834a6-f5e4-433e-aaee-7c9a683ceb73,ARCHIVE,ARCHIVE_FILE,Files/archive_unzipped/2026-07-25/audit/jun26/2026-07-01.csv,archived.audit,38,38,0.0,,2026-08-06 00:07:23.780834,
dc5834a6-f5e4-433e-aaee-7c9a683ceb73,ARCHIVE,ARCHIVE_FILE,Files/archive_unzipped/2026-07-11/audit/jun26/2026-06-14.csv,archived.audit,13,13,0.0,,2026-08-06 02:35:37.894525,
dc5834a6-f5e4-433e-aaee-7c9a683ceb73,ARCHIVE,ARCHIVE_FILE,Files/archive_unzipped/2026-07-16/audit/jun26/2026-06-06.csv,archived.audit,43,43,0.0,,2026-08-06 03:56:12.933887,
dc5834a6-f5e4-433e-aaee-7c9a683ceb73,ARCHIVE,ARCHIVE_FILE,Files/archive_unzipped/2026-07-01/audit/may26/2026-06-01.csv,archived.audit,18,18,0.0,,2026-08-06 01:49:47.727605,
dc5834a6-f5e4-433e-aaee-7c9a683ceb73,ARCHIVE,ARCHIVE_FILE,Files/archive_unzipped/2026-07-18/audit/jun26/2026-06-14.csv,archived.audit,13,13,0.0,,2026-08-06 04:12:51.667005,
dc5834a6-f5e4-433e-aaee-7c9a683ceb73,ARCHIVE,ARCHIVE_FILE,Files/archive_unzipped/2026-08-03/audit/jul26/2026-07-26.csv,archived.audit,23,23,0.0,,2026-08-06 02:33:02.698727,
dc5834a6-f5e4-433e-aaee-7c9a683ceb73,ARCHIVE,ARCHIVE_FILE,Files/archive_unzipped/2026-07-08/audit/jun26/2026-07-01.csv,archived.audit,38,38,0.0,,2026-08-06 04:47:56.292915,
dc5834a6-f5e4-433e-aaee-7c9a683ceb73,ARCHIVE,ARCHIVE_FILE,Files/archive_unzipped/2026-07-15/audit/jun26/2026-07-01.csv,archived.audit,38,38,0.0,,2026-08-06 05:23:17.783424,
dc5834a6-f5e4-433e-aaee-7c9a683ceb73,ARCHIVE,ARCHIVE_FILE,Files/archive_unzipped/2026-07-20/audit/jun26/2026-06-06.csv,archived.audit,43,43,0.0,,2026-08-06 05:33:37.377651,
f500acd5-ceed-482d-8a90-6af3cd75d312,SILVER,ARCHIVE_MONTH_END,archived.additional_fee,silver.additional_fee,340,340,0.0,,2026-08-21 09:59:44.948808,78a97d6e-b4bb-4909-9c22-e6a69f27f6ac
4a41678c-1cf1-4301-8476-d75a10731403,ARCHIVE,ARCHIVE_FILE,Files/archive_unzipped/2026-08-22/provider_home_gender.csv,archived.provider_home_gender,2438,2438,0.0,,2026-08-23 00:11:50.564288,
35632134-4a97-43e8-8bc5-827c16a02b05,ARCHIVE,ARCHIVE_FILE,Files/archive_unzipped/2026-08-21/provider_home_gender.csv,archived.provider_home_gender,2438,2438,0.0,,2026-08-22 00:13:47.377357,
b97006cc-a045-41e7-9298-bbb73ae73cdb,SILVER,ARCHIVE_MONTH_END,archived.provider_home,silver.provider_home,1667,1667,0.0,,2026-08-23 09:01:16.952347,7619fd90-8c9b-40b7-896b-a9d8a7053876
f500acd5-ceed-482d-8a90-6af3cd75d312,SILVER,ARCHIVE_MONTH_END,archived.provider_home,silver.provider_home,2417,2417,0.0,,2026-08-21 09:55:01.878423,78a97d6e-b4bb-4909-9c22-e6a69f27f6ac
f500acd5-ceed-482d-8a90-6af3cd75d312,SILVER,ARCHIVE_MONTH_END,archived.offer_updates,silver.offer_updates,10,10,0.0,,2026-08-21 10:01:46.034090,78a97d6e-b4bb-4909-9c22-e6a69f27f6ac
4a41678c-1cf1-4301-8476-d75a10731403,ARCHIVE,ARCHIVE_FILE,Files/archive_unzipped/2026-08-22/provider_sic_codes.csv,archived.provider_sic_codes,614,614,0.0,,2026-08-23 00:13:14.601291,
35632134-4a97-43e8-8bc5-827c16a02b05,ARCHIVE,ARCHIVE_FILE,Files/archive_unzipped/2026-08-21/provider_sic_codes.csv,archived.provider_sic_codes,614,614,0.0,,2026-08-22 00:13:25.067149,
4a41678c-1cf1-4301-8476-d75a10731403,ARCHIVE,ARCHIVE_FILE,Files/archive_unzipped/2026-08-22/offer_view_history.csv,archived.offer_view_history,929,929,0.0,,2026-08-23 00:12:32.408981,
4a41678c-1cf1-4301-8476-d75a10731403,ARCHIVE,ARCHIVE_FILE,Files/archive_unzipped/2026-08-22/provider_framework.csv,archived.provider_framework,295,295,0.0,,2026-08-23 00:12:51.709036,
35632134-4a97-43e8-8bc5-827c16a02b05,ARCHIVE,ARCHIVE_FILE,Files/archive_unzipped/2026-08-21/offer_view_history.csv,archived.offer_view_history,929,929,0.0,,2026-08-22 00:11:16.450232,
35632134-4a97-43e8-8bc5-827c16a02b05,ARCHIVE,ARCHIVE_FILE,Files/archive_unzipped/2026-08-21/provider_framework.csv,archived.provider_framework,295,295,0.0,,2026-08-22 00:12:37.108442,
4a41678c-1cf1-4301-8476-d75a10731403,ARCHIVE,ARCHIVE_FILE,Files/archive_unzipped/2026-08-22/framework_category.csv,archived.framework_category,20,20,0.0,,2026-08-23 00:05:48.659879,
35632134-4a97-43e8-8bc5-827c16a02b05,ARCHIVE,ARCHIVE_FILE,Files/archive_unzipped/2026-08-21/framework_category.csv,archived.framework_category,20,20,0.0,,2026-08-22 00:15:48.616573,
f500acd5-ceed-482d-8a90-6af3cd75d312,SILVER,ARCHIVE_MONTH_END,archived.foster_carer,silver.foster_carer,44,44,0.0,,2026-08-21 10:00:12.977167,78a97d6e-b4bb-4909-9c22-e6a69f27f6ac
35632134-4a97-43e8-8bc5-827c16a02b05,ARCHIVE,ARCHIVE_FILE,Files/archive_unzipped/2026-08-21/referral_provider.csv,archived.referral_provider,67246,67246,0.0,,2026-08-22 00:13:00.364122,
4a41678c-1cf1-4301-8476-d75a10731403,ARCHIVE,ARCHIVE_FILE,Files/archive_unzipped/2026-08-22/referral_provider.csv,archived.referral_provider,67246,67246,0.0,,2026-08-23 00:15:21.833473,
35632134-4a97-43e8-8bc5-827c16a02b05,ARCHIVE,ARCHIVE_FILE,Files/archive_unzipped/2026-08-21/ipa_additional_fee.csv,archived.ipa_additional_fee,2,2,0.0,,2026-08-22 00:10:51.378754,
4a41678c-1cf1-4301-8476-d75a10731403,ARCHIVE,ARCHIVE_FILE,Files/archive_unzipped/2026-08-22/ipa_additional_fee.csv,archived.ipa_additional_fee,2,2,0.0,,2026-08-23 00:12:10.433498,
4a41678c-1cf1-4301-8476-d75a10731403,ARCHIVE,ARCHIVE_FILE,Files/archive_unzipped/2026-08-22/provider_home_age.csv,archived.provider_home_age,2438,2438,0.0,,2026-08-23 00:11:08.186952,
35632134-4a97-43e8-8bc5-827c16a02b05,ARCHIVE,ARCHIVE_FILE,Files/archive_unzipped/2026-08-21/provider_home_age.csv,archived.provider_home_age,2438,2438,0.0,,2026-08-22 00:16:17.738375,
4a41678c-1cf1-4301-8476-d75a10731403,ARCHIVE,ARCHIVE_FILE,Files/archive_unzipped/2026-08-22/referral_category.csv,archived.referral_category,669,669,0.0,,2026-08-23 00:10:46.678189,
35632134-4a97-43e8-8bc5-827c16a02b05,ARCHIVE,ARCHIVE_FILE,Files/archive_unzipped/2026-08-21/referral_category.csv,archived.referral_category,669,669,0.0,,2026-08-22 00:08:49.035285,
f500acd5-ceed-482d-8a90-6af3cd75d312,SILVER,ARCHIVE_MONTH_END,archived.foster_home,silver.foster_home,31,31,0.0,,2026-08-21 10:00:35.599652,78a97d6e-b4bb-4909-9c22-e6a69f27f6ac
4a41678c-1cf1-4301-8476-d75a10731403,ARCHIVE,ARCHIVE_FILE,Files/archive_unzipped/2026-08-22/foster_transport.csv,archived.foster_transport,32,32,0.0,,2026-08-23 00:06:37.573827,
35632134-4a97-43e8-8bc5-827c16a02b05,ARCHIVE,ARCHIVE_FILE,Files/archive_unzipped/2026-08-21/foster_transport.csv,archived.foster_transport,32,32,0.0,,2026-08-22 00:09:41.928760,
35632134-4a97-43e8-8bc5-827c16a02b05,ARCHIVE,ARCHIVE_FILE,Files/archive_unzipped/2026-08-21/referral_person.csv,archived.referral_person,708,708,0.0,,2026-08-22 00:11:40.003438,
35632134-4a97-43e8-8bc5-827c16a02b05,ARCHIVE,ARCHIVE_FILE,Files/archive_unzipped/2026-08-21/holding_company.csv,archived.holding_company,686,686,0.0,,2026-08-22 00:10:07.482929,
4a41678c-1cf1-4301-8476-d75a10731403,ARCHIVE,ARCHIVE_FILE,Files/archive_unzipped/2026-08-22/holding_company.csv,archived.holding_company,686,686,0.0,,2026-08-23 00:06:58.650722,
4a41678c-1cf1-4301-8476-d75a10731403,ARCHIVE,ARCHIVE_FILE,Files/archive_unzipped/2026-08-22/referral_person.csv,archived.referral_person,708,708,0.0,,2026-08-23 00:09:22.509029,
35632134-4a97-43e8-8bc5-827c16a02b05,ARCHIVE,ARCHIVE_FILE,Files/archive_unzipped/2026-08-21/additional_fee.csv,archived.additional_fee,341,341,0.0,,2026-08-22 00:14:17.984137,
4a41678c-1cf1-4301-8476-d75a10731403,ARCHIVE,ARCHIVE_FILE,Files/archive_unzipped/2026-08-22/additional_fee.csv,archived.additional_fee,341,341,0.0,,2026-08-23 00:08:42.140124,
f500acd5-ceed-482d-8a90-6af3cd75d312,SILVER,ARCHIVE_MONTH_END,archived.ipa_child,silver.ipa_child,35,35,0.0,,2026-08-21 10:03:24.413601,78a97d6e-b4bb-4909-9c22-e6a69f27f6ac
f500acd5-ceed-482d-8a90-6af3cd75d312,SILVER,ARCHIVE_MONTH_END,archived.framework,silver.framework,3,3,0.0,,2026-08-21 09:51:43.469702,78a97d6e-b4bb-4909-9c22-e6a69f27f6ac
b97006cc-a045-41e7-9298-bbb73ae73cdb,SILVER,ARCHIVE_MONTH_END,archived.framework,silver.framework,3,3,0.0,,2026-08-23 08:58:12.318273,7619fd90-8c9b-40b7-896b-a9d8a7053876
35632134-4a97-43e8-8bc5-827c16a02b05,ARCHIVE,ARCHIVE_FILE,Files/archive_unzipped/2026-08-21/provider_home.csv,archived.provider_home,2438,2438,0.0,,2026-08-22 00:10:29.899713,
4a41678c-1cf1-4301-8476-d75a10731403,ARCHIVE,ARCHIVE_FILE,Files/archive_unzipped/2026-08-22/provider_home.csv,archived.provider_home,2438,2438,0.0,,2026-08-23 00:09:02.084988,
f500acd5-ceed-482d-8a90-6af3cd75d312,SILVER,ARCHIVE_MONTH_END,archived.provider,silver.provider,680,680,0.0,,2026-08-21 09:53:24.768907,78a97d6e-b4bb-4909-9c22-e6a69f27f6ac
f500acd5-ceed-482d-8a90-6af3cd75d312,SILVER,ARCHIVE_MONTH_END,archived.referral,silver.referral,642,642,0.0,,2026-08-21 09:52:37.923323,78a97d6e-b4bb-4909-9c22-e6a69f27f6ac
b97006cc-a045-41e7-9298-bbb73ae73cdb,SILVER,ARCHIVE_MONTH_END,archived.provider,silver.provider,472,472,0.0,,2026-08-23 09:00:06.349204,7619fd90-8c9b-40b7-896b-a9d8a7053876
35632134-4a97-43e8-8bc5-827c16a02b05,ARCHIVE,ARCHIVE_FILE,Files/archive_unzipped/2026-08-21/offer_updates.csv,archived.offer_updates,10,10,0.0,,2026-08-22 00:14:39.944185,
4a41678c-1cf1-4301-8476-d75a10731403,ARCHIVE,ARCHIVE_FILE,Files/archive_unzipped/2026-08-22/offer_updates.csv,archived.offer_updates,10,10,0.0,,2026-08-23 00:04:45.377499,
35632134-4a97-43e8-8bc5-827c16a02b05,ARCHIVE,ARCHIVE_FILE,Files/archive_unzipped/2026-08-21/foster_carer.csv,archived.foster_carer,46,46,0.0,,2026-08-22 00:16:43.416600,
4a41678c-1cf1-4301-8476-d75a10731403,ARCHIVE,ARCHIVE_FILE,Files/archive_unzipped/2026-08-22/foster_carer.csv,archived.foster_carer,46,46,0.0,,2026-08-23 00:05:28.589431,
35632134-4a97-43e8-8bc5-827c16a02b05,ARCHIVE,ARCHIVE_FILE,Files/archive_unzipped/2026-08-21/foster_home.csv,archived.foster_home,32,32,0.0,,2026-08-22 00:07:55.385779,
4a41678c-1cf1-4301-8476-d75a10731403,ARCHIVE,ARCHIVE_FILE,Files/archive_unzipped/2026-08-22/foster_home.csv,archived.foster_home,32,32,0.0,,2026-08-23 00:10:27.514292,
f500acd5-ceed-482d-8a90-6af3cd75d312,SILVER,ARCHIVE_MONTH_END,archived.offer,silver.offer,1786,1786,0.0,,2026-08-21 09:56:17.981831,78a97d6e-b4bb-4909-9c22-e6a69f27f6ac
4a41678c-1cf1-4301-8476-d75a10731403,ARCHIVE,ARCHIVE_FILE,Files/archive_unzipped/2026-08-22/ipa_child.csv,archived.ipa_child,35,35,0.0,,2026-08-23 00:08:03.104636,
35632134-4a97-43e8-8bc5-827c16a02b05,ARCHIVE,ARCHIVE_FILE,Files/archive_unzipped/2026-08-21/ipa_child.csv,archived.ipa_child,35,35,0.0,,2026-08-22 00:07:22.643702,
35632134-4a97-43e8-8bc5-827c16a02b05,ARCHIVE,ARCHIVE_FILE,Files/archive_unzipped/2026-08-21/referral.csv,archived.referral,653,653,0.0,,2026-08-22 00:09:11.767137,
35632134-4a97-43e8-8bc5-827c16a02b05,ARCHIVE,ARCHIVE_FILE,Files/archive_unzipped/2026-08-21/provider.csv,archived.provider,682,682,0.0,,2026-08-22 00:06:06.211177,
4a41678c-1cf1-4301-8476-d75a10731403,ARCHIVE,ARCHIVE_FILE,Files/archive_unzipped/2026-08-22/referral.csv,archived.referral,653,653,0.0,,2026-08-23 00:13:37.605906,
4a41678c-1cf1-4301-8476-d75a10731403,ARCHIVE,ARCHIVE_FILE,Files/archive_unzipped/2026-08-22/provider.csv,archived.provider,682,682,0.0,,2026-08-23 00:09:45.433631,
f500acd5-ceed-482d-8a90-6af3cd75d312,SILVER,ARCHIVE_MONTH_END,archived.ipa,silver.ipa,33,33,0.0,,2026-08-21 10:01:20.917067,78a97d6e-b4bb-4909-9c22-e6a69f27f6ac
35632134-4a97-43e8-8bc5-827c16a02b05,ARCHIVE,ARCHIVE_FILE,Files/archive_unzipped/2026-08-21/offer.csv,archived.offer,1801,1801,0.0,,2026-08-22 00:17:28.743209,
4a41678c-1cf1-4301-8476-d75a10731403,ARCHIVE,ARCHIVE_FILE,Files/archive_unzipped/2026-08-22/offer.csv,archived.offer,1801,1801,0.0,,2026-08-23 00:13:58.947362,
35632134-4a97-43e8-8bc5-827c16a02b05,ARCHIVE,ARCHIVE_FILE,Files/archive_unzipped/2026-08-21/ipa.csv,archived.ipa,33,33,0.0,,2026-08-22 00:04:40.050868,
4a41678c-1cf1-4301-8476-d75a10731403,ARCHIVE,ARCHIVE_FILE,Files/archive_unzipped/2026-08-22/ipa.csv,archived.ipa,33,33,0.0,,2026-08-23 00:05:07.215914,
6d7f6d24-3004-4724-9597-82ad84dba6e8,SILVER,LATEST,bronze.provider_framework,silver.slv_provider_framework,291,291,,,2026-08-03 22:52:18.893466,
8384f3fd-d320-4530-bc69-530789fba495,SILVER,LATEST,bronze.ipa,silver.slv_ipa,27,27,0.0,,2026-08-16 11:33:26.912569,
6d7f6d24-3004-4724-9597-82ad84dba6e8,SILVER,LATEST,bronze.provider_home_age,silver.slv_provider_home_age,2315,2315,,,2026-08-03 22:52:36.520060,
6d7f6d24-3004-4724-9597-82ad84dba6e8,SILVER,LATEST,bronze.referral_category,silver.slv_referral_category,478,478,,,2026-08-03 22:53:29.155391,
c2a3ce17-f3df-4809-a0eb-181fb745139e,SILVER,LATEST,bronze.additional_fee,silver.slv_offer_additional_fee,257,257,,,2026-08-03 22:21:45.680570,
6d7f6d24-3004-4724-9597-82ad84dba6e8,SILVER,LATEST,bronze.foster_transport,silver.slv_foster_transport,25,25,,,2026-08-03 22:50:45.688459,
6d7f6d24-3004-4724-9597-82ad84dba6e8,SILVER,LATEST,bronze.additional_fee,silver.slv_additional_fee,257,257,,,2026-08-03 22:50:12.272742,
c2a3ce17-f3df-4809-a0eb-181fb745139e,SILVER,LATEST,bronze.foster_home,silver.slv_offer_foster_home,25,25,,,2026-08-03 22:22:14.570767,
6d7f6d24-3004-4724-9597-82ad84dba6e8,SILVER,LATEST,bronze.foster_home,silver.slv_foster_home,25,25,,,2026-08-03 22:50:31.522412,
c2a3ce17-f3df-4809-a0eb-181fb745139e,SILVER,LATEST,bronze.ipa_child,silver.slv_ipa_ipa_child,20,20,,,2026-08-03 22:24:11.408328,
6d7f6d24-3004-4724-9597-82ad84dba6e8,SILVER,LATEST,bronze.ipa_child,silver.slv_ipa_child,20,20,,,2026-08-03 22:51:25.135736,
