source_kind,source_schema,source_table,target_table,export_date,status,reload,attempt_count,run_id,rows_read,rows_written,duplicate_key_count,started_at,ended_at,error_message,last_updated_at,job_run_id
ARCHIVE,archived,archived.referral_provider_decline_reason,silver.referral_provider_decline_reason,2026-07-06 00:00:00.000000,FAILED,False,1,6d5b71dc-89d7-4fd2-b33f-6bb79b1845cd,0.0,0.0,0.0,2026-08-04 17:31:27.978011,2026-08-04 17:31:34.538288,"An error occurred while calling o55078.saveAsTable.
: org.apache.spark.SparkException: Job aborted due to stage failure: Task 0 in stage 15880.0 failed 4 times, most recent failure: Lost task 0.3 in stage 15880.0 (TID 167373) (vm-89243710 executor 2): org.apache.spark.SparkException: [TASK_WRITE_FAILED] Task failed while writing rows to abfss://fefdb483-d26c-4bd9-9a4f-0c41cc786770@onelake.dfs.fabric.microsoft.com/d286fa39-f255-4ba7-a982-32cb69362ef7/Tables/silver/slv_referral_provider_decline_reason.
	at org.apache.spark.sql.errors.QueryExecutionErrors$.taskFailedWhileWritingRowsError(QueryExecutionErrors.scala:777)
	at org.apache.spark.sql.delta.files.DeltaFileFormatWriter$.executeTask(DeltaFileFormatWriter.scala:621)
	at org.apache.spark.sql.delta.files.DeltaFileFormatWriter$.$anonfun$executeWrite$4(DeltaFileFormatWriter.scala:387)
	at org.apache.spark.scheduler.ResultTask.runTask(ResultTask.scala:93)
	at org.apache.spark.TaskContext.runTaskWithListeners(TaskContext.scala:166)
	at org.apache.spark.scheduler.Task.run(Task.scala:141)
	at org.apache.spark.executor.Executor$TaskRunner.$anonfun$run$4(Executor.scala:636)
	at org.apache.spark.util.SparkErrorUtils.tryWithSafeFinally(SparkErrorUtils.scala:64)
	at org.apache.spark.util.SparkErrorUtils.tryWithSafeFinally$(SparkErrorUtils.scala:61)
	at org.apache.spark.util.Utils$.tryWithSafeFinally(Utils.scala:95)
	at org.apache.spark.executor.Executor$TaskRunner.run(Executor.scala:639)
	at java.base/java.util.concurrent.ThreadPoolExecutor.runWorker(ThreadPoolExecutor.java:1128)
	at java.base/java.util.concurrent.ThreadPoolExecutor$Worker.run(ThreadPoolExecutor.java:628)
	at java.base/java.lang.Thread.run(Thread.java:829)
Caused by: org.apache.spark.SparkUpgradeException: [INCONSISTENT_BEHAVIOR_CROSS_VERSION.PARSE_DATETIME_BY_NEW_PARSER] You may get a different result due to the upgrading to Spark >= 3.0:
Fail to parse '2026-05-08 12:01:50.13777' in the new parser. You can set ""spark.sql.legacy.timeParserPolicy"" to ""LEGACY"" to restore the behavior before Spark 3.0, or set to ""CORRECTED"" and treat it as an invalid datetime string.
	at org.apache.spark.sql.errors.ExecutionErrors.failToParseDateTimeInNewParserError(ExecutionErrors.scala:54)
	at org.apache.spark.sql.errors.ExecutionErrors.failToParseDateTimeInNewParserError$(ExecutionErrors.scala:48)
	at org.apache.spark.sql.errors.ExecutionErrors$.failToParseDateTimeInNewParserError(ExecutionErrors.scala:218)
	at org.apache.spark.sql.catalyst.util.DateTimeFormatterHelper$$anonfun$checkParsedDiff$1.applyOrElse(DateTimeFormatterHelper.scala:142)
	at org.apache.spark.sql.catalyst.util.DateTimeFormatterHelper$$anonfun$checkParsedDiff$1.applyOrElse(DateTimeFormatterHelper.scala:135)
	at scala.runtime.AbstractPartialFunction.apply(AbstractPartialFunction.scala:38)
	at org.apache.spark.sql.catalyst.util.Iso8601TimestampFormatter.parse(TimestampFormatter.scala:195)
	at org.apache.spark.sql.catalyst.expressions.GeneratedClass$GeneratedIteratorForCodegenStage3.processNext(Unknown Source)
	at org.apache.spark.sql.execution.BufferedRowIterator.hasNext(BufferedRowIterator.java:43)
	at org.apache.spark.sql.execution.WholeStageCodegenEvaluatorFactory$WholeStageCodegenPartitionEvaluator$$anon$1.hasNext(WholeStageCodegenEvaluatorFactory.scala:43)
	at org.apache.spark.sql.execution.datasources.FileFormatDataWriter.writeWithIterator(FileFormatDataWriter.scala:121)
	at org.apache.spark.sql.delta.files.DeltaFileFormatWriter$.$anonfun$executeTask$3(DeltaFileFormatWriter.scala:603)
	at org.apache.spark.util.Utils$.tryWithSafeFinallyAndFailureCallbacks(Utils.scala:1398)
	at org.apache.spark.sql.delta.files.DeltaFileFormatWriter$.executeTask(DeltaFileFormatWriter.scala:611)
	... 12 more
Caused by: java.time.format.DateTimeParseException: Text '2026-05-08 12:01:50.13777' could not be parsed, unparsed text found at index 19
	at java.base/java.time.format.DateTimeFormatter.parseResolved0(DateTimeFormatter.java:2049)
	at java.base/java.time.format.DateTimeFormatter.p",2026-08-04 17:31:34.538288,
ARCHIVE,archived,archived.referral_provider_decline_reason,silver.referral_provider_decline_reason,2026-07-04 00:00:00.000000,FAILED,False,1,6d5b71dc-89d7-4fd2-b33f-6bb79b1845cd,0.0,0.0,0.0,2026-08-04 17:16:56.994036,2026-08-04 17:17:04.442305,"An error occurred while calling o40718.saveAsTable.
: org.apache.spark.SparkException: Job aborted due to stage failure: Task 0 in stage 11175.0 failed 4 times, most recent failure: Lost task 0.3 in stage 11175.0 (TID 117308) (vm-89243710 executor 2): org.apache.spark.SparkException: [TASK_WRITE_FAILED] Task failed while writing rows to abfss://fefdb483-d26c-4bd9-9a4f-0c41cc786770@onelake.dfs.fabric.microsoft.com/d286fa39-f255-4ba7-a982-32cb69362ef7/Tables/silver/slv_referral_provider_decline_reason.
	at org.apache.spark.sql.errors.QueryExecutionErrors$.taskFailedWhileWritingRowsError(QueryExecutionErrors.scala:777)
	at org.apache.spark.sql.delta.files.DeltaFileFormatWriter$.executeTask(DeltaFileFormatWriter.scala:621)
	at org.apache.spark.sql.delta.files.DeltaFileFormatWriter$.$anonfun$executeWrite$4(DeltaFileFormatWriter.scala:387)
	at org.apache.spark.scheduler.ResultTask.runTask(ResultTask.scala:93)
	at org.apache.spark.TaskContext.runTaskWithListeners(TaskContext.scala:166)
	at org.apache.spark.scheduler.Task.run(Task.scala:141)
	at org.apache.spark.executor.Executor$TaskRunner.$anonfun$run$4(Executor.scala:636)
	at org.apache.spark.util.SparkErrorUtils.tryWithSafeFinally(SparkErrorUtils.scala:64)
	at org.apache.spark.util.SparkErrorUtils.tryWithSafeFinally$(SparkErrorUtils.scala:61)
	at org.apache.spark.util.Utils$.tryWithSafeFinally(Utils.scala:95)
	at org.apache.spark.executor.Executor$TaskRunner.run(Executor.scala:639)
	at java.base/java.util.concurrent.ThreadPoolExecutor.runWorker(ThreadPoolExecutor.java:1128)
	at java.base/java.util.concurrent.ThreadPoolExecutor$Worker.run(ThreadPoolExecutor.java:628)
	at java.base/java.lang.Thread.run(Thread.java:829)
Caused by: org.apache.spark.SparkUpgradeException: [INCONSISTENT_BEHAVIOR_CROSS_VERSION.PARSE_DATETIME_BY_NEW_PARSER] You may get a different result due to the upgrading to Spark >= 3.0:
Fail to parse '2026-05-08 12:01:50.13777' in the new parser. You can set ""spark.sql.legacy.timeParserPolicy"" to ""LEGACY"" to restore the behavior before Spark 3.0, or set to ""CORRECTED"" and treat it as an invalid datetime string.
	at org.apache.spark.sql.errors.ExecutionErrors.failToParseDateTimeInNewParserError(ExecutionErrors.scala:54)
	at org.apache.spark.sql.errors.ExecutionErrors.failToParseDateTimeInNewParserError$(ExecutionErrors.scala:48)
	at org.apache.spark.sql.errors.ExecutionErrors$.failToParseDateTimeInNewParserError(ExecutionErrors.scala:218)
	at org.apache.spark.sql.catalyst.util.DateTimeFormatterHelper$$anonfun$checkParsedDiff$1.applyOrElse(DateTimeFormatterHelper.scala:142)
	at org.apache.spark.sql.catalyst.util.DateTimeFormatterHelper$$anonfun$checkParsedDiff$1.applyOrElse(DateTimeFormatterHelper.scala:135)
	at scala.runtime.AbstractPartialFunction.apply(AbstractPartialFunction.scala:38)
	at org.apache.spark.sql.catalyst.util.Iso8601TimestampFormatter.parse(TimestampFormatter.scala:195)
	at org.apache.spark.sql.catalyst.expressions.GeneratedClass$GeneratedIteratorForCodegenStage3.processNext(Unknown Source)
	at org.apache.spark.sql.execution.BufferedRowIterator.hasNext(BufferedRowIterator.java:43)
	at org.apache.spark.sql.execution.WholeStageCodegenEvaluatorFactory$WholeStageCodegenPartitionEvaluator$$anon$1.hasNext(WholeStageCodegenEvaluatorFactory.scala:43)
	at org.apache.spark.sql.execution.datasources.FileFormatDataWriter.writeWithIterator(FileFormatDataWriter.scala:121)
	at org.apache.spark.sql.delta.files.DeltaFileFormatWriter$.$anonfun$executeTask$3(DeltaFileFormatWriter.scala:603)
	at org.apache.spark.util.Utils$.tryWithSafeFinallyAndFailureCallbacks(Utils.scala:1398)
	at org.apache.spark.sql.delta.files.DeltaFileFormatWriter$.executeTask(DeltaFileFormatWriter.scala:611)
	... 12 more
Caused by: java.time.format.DateTimeParseException: Text '2026-05-08 12:01:50.13777' could not be parsed, unparsed text found at index 19
	at java.base/java.time.format.DateTimeFormatter.parseResolved0(DateTimeFormatter.java:2049)
	at java.base/java.time.format.DateTimeFormatter.p",2026-08-04 17:17:04.442305,
ARCHIVE,archived,archived.referral_provider_decline_reason,silver.referral_provider_decline_reason,2026-07-07 00:00:00.000000,FAILED,False,1,6d5b71dc-89d7-4fd2-b33f-6bb79b1845cd,0.0,0.0,0.0,2026-08-04 17:39:39.633766,2026-08-04 17:39:46.146308,"An error occurred while calling o62843.saveAsTable.
: org.apache.spark.SparkException: Job aborted due to stage failure: Task 0 in stage 18477.0 failed 4 times, most recent failure: Lost task 0.3 in stage 18477.0 (TID 194933) (vm-6e727419 executor 3): org.apache.spark.SparkException: [TASK_WRITE_FAILED] Task failed while writing rows to abfss://fefdb483-d26c-4bd9-9a4f-0c41cc786770@onelake.dfs.fabric.microsoft.com/d286fa39-f255-4ba7-a982-32cb69362ef7/Tables/silver/slv_referral_provider_decline_reason.
	at org.apache.spark.sql.errors.QueryExecutionErrors$.taskFailedWhileWritingRowsError(QueryExecutionErrors.scala:777)
	at org.apache.spark.sql.delta.files.DeltaFileFormatWriter$.executeTask(DeltaFileFormatWriter.scala:621)
	at org.apache.spark.sql.delta.files.DeltaFileFormatWriter$.$anonfun$executeWrite$4(DeltaFileFormatWriter.scala:387)
	at org.apache.spark.scheduler.ResultTask.runTask(ResultTask.scala:93)
	at org.apache.spark.TaskContext.runTaskWithListeners(TaskContext.scala:166)
	at org.apache.spark.scheduler.Task.run(Task.scala:141)
	at org.apache.spark.executor.Executor$TaskRunner.$anonfun$run$4(Executor.scala:636)
	at org.apache.spark.util.SparkErrorUtils.tryWithSafeFinally(SparkErrorUtils.scala:64)
	at org.apache.spark.util.SparkErrorUtils.tryWithSafeFinally$(SparkErrorUtils.scala:61)
	at org.apache.spark.util.Utils$.tryWithSafeFinally(Utils.scala:95)
	at org.apache.spark.executor.Executor$TaskRunner.run(Executor.scala:639)
	at java.base/java.util.concurrent.ThreadPoolExecutor.runWorker(ThreadPoolExecutor.java:1128)
	at java.base/java.util.concurrent.ThreadPoolExecutor$Worker.run(ThreadPoolExecutor.java:628)
	at java.base/java.lang.Thread.run(Thread.java:829)
Caused by: org.apache.spark.SparkUpgradeException: [INCONSISTENT_BEHAVIOR_CROSS_VERSION.PARSE_DATETIME_BY_NEW_PARSER] You may get a different result due to the upgrading to Spark >= 3.0:
Fail to parse '2026-05-08 12:01:50.13777' in the new parser. You can set ""spark.sql.legacy.timeParserPolicy"" to ""LEGACY"" to restore the behavior before Spark 3.0, or set to ""CORRECTED"" and treat it as an invalid datetime string.
	at org.apache.spark.sql.errors.ExecutionErrors.failToParseDateTimeInNewParserError(ExecutionErrors.scala:54)
	at org.apache.spark.sql.errors.ExecutionErrors.failToParseDateTimeInNewParserError$(ExecutionErrors.scala:48)
	at org.apache.spark.sql.errors.ExecutionErrors$.failToParseDateTimeInNewParserError(ExecutionErrors.scala:218)
	at org.apache.spark.sql.catalyst.util.DateTimeFormatterHelper$$anonfun$checkParsedDiff$1.applyOrElse(DateTimeFormatterHelper.scala:142)
	at org.apache.spark.sql.catalyst.util.DateTimeFormatterHelper$$anonfun$checkParsedDiff$1.applyOrElse(DateTimeFormatterHelper.scala:135)
	at scala.runtime.AbstractPartialFunction.apply(AbstractPartialFunction.scala:38)
	at org.apache.spark.sql.catalyst.util.Iso8601TimestampFormatter.parse(TimestampFormatter.scala:195)
	at org.apache.spark.sql.catalyst.expressions.GeneratedClass$GeneratedIteratorForCodegenStage3.processNext(Unknown Source)
	at org.apache.spark.sql.execution.BufferedRowIterator.hasNext(BufferedRowIterator.java:43)
	at org.apache.spark.sql.execution.WholeStageCodegenEvaluatorFactory$WholeStageCodegenPartitionEvaluator$$anon$1.hasNext(WholeStageCodegenEvaluatorFactory.scala:43)
	at org.apache.spark.sql.execution.datasources.FileFormatDataWriter.writeWithIterator(FileFormatDataWriter.scala:121)
	at org.apache.spark.sql.delta.files.DeltaFileFormatWriter$.$anonfun$executeTask$3(DeltaFileFormatWriter.scala:603)
	at org.apache.spark.util.Utils$.tryWithSafeFinallyAndFailureCallbacks(Utils.scala:1398)
	at org.apache.spark.sql.delta.files.DeltaFileFormatWriter$.executeTask(DeltaFileFormatWriter.scala:611)
	... 12 more
Caused by: java.time.format.DateTimeParseException: Text '2026-05-08 12:01:50.13777' could not be parsed, unparsed text found at index 19
	at java.base/java.time.format.DateTimeFormatter.parseResolved0(DateTimeFormatter.java:2049)
	at java.base/java.time.format.DateTimeFormatter.p",2026-08-04 17:39:46.146308,
ARCHIVE,archived,archived.referral_provider_decline_reason,silver.referral_provider_decline_reason,2026-07-05 00:00:00.000000,FAILED,False,1,6d5b71dc-89d7-4fd2-b33f-6bb79b1845cd,0.0,0.0,0.0,2026-08-04 17:23:44.653968,2026-08-04 17:23:50.646299,"An error occurred while calling o47524.saveAsTable.
: org.apache.spark.SparkException: Job aborted due to stage failure: Task 0 in stage 13411.0 failed 4 times, most recent failure: Lost task 0.3 in stage 13411.0 (TID 141109) (vm-89243710 executor 2): org.apache.spark.SparkException: [TASK_WRITE_FAILED] Task failed while writing rows to abfss://fefdb483-d26c-4bd9-9a4f-0c41cc786770@onelake.dfs.fabric.microsoft.com/d286fa39-f255-4ba7-a982-32cb69362ef7/Tables/silver/slv_referral_provider_decline_reason.
	at org.apache.spark.sql.errors.QueryExecutionErrors$.taskFailedWhileWritingRowsError(QueryExecutionErrors.scala:777)
	at org.apache.spark.sql.delta.files.DeltaFileFormatWriter$.executeTask(DeltaFileFormatWriter.scala:621)
	at org.apache.spark.sql.delta.files.DeltaFileFormatWriter$.$anonfun$executeWrite$4(DeltaFileFormatWriter.scala:387)
	at org.apache.spark.scheduler.ResultTask.runTask(ResultTask.scala:93)
	at org.apache.spark.TaskContext.runTaskWithListeners(TaskContext.scala:166)
	at org.apache.spark.scheduler.Task.run(Task.scala:141)
	at org.apache.spark.executor.Executor$TaskRunner.$anonfun$run$4(Executor.scala:636)
	at org.apache.spark.util.SparkErrorUtils.tryWithSafeFinally(SparkErrorUtils.scala:64)
	at org.apache.spark.util.SparkErrorUtils.tryWithSafeFinally$(SparkErrorUtils.scala:61)
	at org.apache.spark.util.Utils$.tryWithSafeFinally(Utils.scala:95)
	at org.apache.spark.executor.Executor$TaskRunner.run(Executor.scala:639)
	at java.base/java.util.concurrent.ThreadPoolExecutor.runWorker(ThreadPoolExecutor.java:1128)
	at java.base/java.util.concurrent.ThreadPoolExecutor$Worker.run(ThreadPoolExecutor.java:628)
	at java.base/java.lang.Thread.run(Thread.java:829)
Caused by: org.apache.spark.SparkUpgradeException: [INCONSISTENT_BEHAVIOR_CROSS_VERSION.PARSE_DATETIME_BY_NEW_PARSER] You may get a different result due to the upgrading to Spark >= 3.0:
Fail to parse '2026-05-08 12:01:50.13777' in the new parser. You can set ""spark.sql.legacy.timeParserPolicy"" to ""LEGACY"" to restore the behavior before Spark 3.0, or set to ""CORRECTED"" and treat it as an invalid datetime string.
	at org.apache.spark.sql.errors.ExecutionErrors.failToParseDateTimeInNewParserError(ExecutionErrors.scala:54)
	at org.apache.spark.sql.errors.ExecutionErrors.failToParseDateTimeInNewParserError$(ExecutionErrors.scala:48)
	at org.apache.spark.sql.errors.ExecutionErrors$.failToParseDateTimeInNewParserError(ExecutionErrors.scala:218)
	at org.apache.spark.sql.catalyst.util.DateTimeFormatterHelper$$anonfun$checkParsedDiff$1.applyOrElse(DateTimeFormatterHelper.scala:142)
	at org.apache.spark.sql.catalyst.util.DateTimeFormatterHelper$$anonfun$checkParsedDiff$1.applyOrElse(DateTimeFormatterHelper.scala:135)
	at scala.runtime.AbstractPartialFunction.apply(AbstractPartialFunction.scala:38)
	at org.apache.spark.sql.catalyst.util.Iso8601TimestampFormatter.parse(TimestampFormatter.scala:195)
	at org.apache.spark.sql.catalyst.expressions.GeneratedClass$GeneratedIteratorForCodegenStage3.processNext(Unknown Source)
	at org.apache.spark.sql.execution.BufferedRowIterator.hasNext(BufferedRowIterator.java:43)
	at org.apache.spark.sql.execution.WholeStageCodegenEvaluatorFactory$WholeStageCodegenPartitionEvaluator$$anon$1.hasNext(WholeStageCodegenEvaluatorFactory.scala:43)
	at org.apache.spark.sql.execution.datasources.FileFormatDataWriter.writeWithIterator(FileFormatDataWriter.scala:121)
	at org.apache.spark.sql.delta.files.DeltaFileFormatWriter$.$anonfun$executeTask$3(DeltaFileFormatWriter.scala:603)
	at org.apache.spark.util.Utils$.tryWithSafeFinallyAndFailureCallbacks(Utils.scala:1398)
	at org.apache.spark.sql.delta.files.DeltaFileFormatWriter$.executeTask(DeltaFileFormatWriter.scala:611)
	... 12 more
Caused by: java.time.format.DateTimeParseException: Text '2026-05-08 12:01:50.13777' could not be parsed, unparsed text found at index 19
	at java.base/java.time.format.DateTimeFormatter.parseResolved0(DateTimeFormatter.java:2049)
	at java.base/java.time.format.DateTimeFormatter.p",2026-08-04 17:23:50.646299,
ARCHIVE,archived,archived.referral_provider_cancel_reason,silver.referral_provider_cancel_reason,2026-07-05 00:00:00.000000,FAILED,False,1,6d5b71dc-89d7-4fd2-b33f-6bb79b1845cd,0.0,0.0,0.0,2026-08-04 17:23:28.829435,2026-08-04 17:23:34.966298,"An error occurred while calling o47303.saveAsTable.
: org.apache.spark.SparkException: Job aborted due to stage failure: Task 0 in stage 13321.0 failed 4 times, most recent failure: Lost task 0.3 in stage 13321.0 (TID 140157) (vm-6e727419 executor 3): org.apache.spark.SparkException: [TASK_WRITE_FAILED] Task failed while writing rows to abfss://fefdb483-d26c-4bd9-9a4f-0c41cc786770@onelake.dfs.fabric.microsoft.com/d286fa39-f255-4ba7-a982-32cb69362ef7/Tables/silver/slv_referral_provider_cancel_reason.
	at org.apache.spark.sql.errors.QueryExecutionErrors$.taskFailedWhileWritingRowsError(QueryExecutionErrors.scala:777)
	at org.apache.spark.sql.delta.files.DeltaFileFormatWriter$.executeTask(DeltaFileFormatWriter.scala:621)
	at org.apache.spark.sql.delta.files.DeltaFileFormatWriter$.$anonfun$executeWrite$4(DeltaFileFormatWriter.scala:387)
	at org.apache.spark.scheduler.ResultTask.runTask(ResultTask.scala:93)
	at org.apache.spark.TaskContext.runTaskWithListeners(TaskContext.scala:166)
	at org.apache.spark.scheduler.Task.run(Task.scala:141)
	at org.apache.spark.executor.Executor$TaskRunner.$anonfun$run$4(Executor.scala:636)
	at org.apache.spark.util.SparkErrorUtils.tryWithSafeFinally(SparkErrorUtils.scala:64)
	at org.apache.spark.util.SparkErrorUtils.tryWithSafeFinally$(SparkErrorUtils.scala:61)
	at org.apache.spark.util.Utils$.tryWithSafeFinally(Utils.scala:95)
	at org.apache.spark.executor.Executor$TaskRunner.run(Executor.scala:639)
	at java.base/java.util.concurrent.ThreadPoolExecutor.runWorker(ThreadPoolExecutor.java:1128)
	at java.base/java.util.concurrent.ThreadPoolExecutor$Worker.run(ThreadPoolExecutor.java:628)
	at java.base/java.lang.Thread.run(Thread.java:829)
Caused by: org.apache.spark.SparkUpgradeException: [INCONSISTENT_BEHAVIOR_CROSS_VERSION.PARSE_DATETIME_BY_NEW_PARSER] You may get a different result due to the upgrading to Spark >= 3.0:
Fail to parse '2026-05-08 12:00:08.52825' in the new parser. You can set ""spark.sql.legacy.timeParserPolicy"" to ""LEGACY"" to restore the behavior before Spark 3.0, or set to ""CORRECTED"" and treat it as an invalid datetime string.
	at org.apache.spark.sql.errors.ExecutionErrors.failToParseDateTimeInNewParserError(ExecutionErrors.scala:54)
	at org.apache.spark.sql.errors.ExecutionErrors.failToParseDateTimeInNewParserError$(ExecutionErrors.scala:48)
	at org.apache.spark.sql.errors.ExecutionErrors$.failToParseDateTimeInNewParserError(ExecutionErrors.scala:218)
	at org.apache.spark.sql.catalyst.util.DateTimeFormatterHelper$$anonfun$checkParsedDiff$1.applyOrElse(DateTimeFormatterHelper.scala:142)
	at org.apache.spark.sql.catalyst.util.DateTimeFormatterHelper$$anonfun$checkParsedDiff$1.applyOrElse(DateTimeFormatterHelper.scala:135)
	at scala.runtime.AbstractPartialFunction.apply(AbstractPartialFunction.scala:38)
	at org.apache.spark.sql.catalyst.util.Iso8601TimestampFormatter.parse(TimestampFormatter.scala:195)
	at org.apache.spark.sql.catalyst.expressions.GeneratedClass$GeneratedIteratorForCodegenStage3.processNext(Unknown Source)
	at org.apache.spark.sql.execution.BufferedRowIterator.hasNext(BufferedRowIterator.java:43)
	at org.apache.spark.sql.execution.WholeStageCodegenEvaluatorFactory$WholeStageCodegenPartitionEvaluator$$anon$1.hasNext(WholeStageCodegenEvaluatorFactory.scala:43)
	at org.apache.spark.sql.execution.datasources.FileFormatDataWriter.writeWithIterator(FileFormatDataWriter.scala:121)
	at org.apache.spark.sql.delta.files.DeltaFileFormatWriter$.$anonfun$executeTask$3(DeltaFileFormatWriter.scala:603)
	at org.apache.spark.util.Utils$.tryWithSafeFinallyAndFailureCallbacks(Utils.scala:1398)
	at org.apache.spark.sql.delta.files.DeltaFileFormatWriter$.executeTask(DeltaFileFormatWriter.scala:611)
	... 12 more
Caused by: java.time.format.DateTimeParseException: Text '2026-05-08 12:00:08.52825' could not be parsed, unparsed text found at index 19
	at java.base/java.time.format.DateTimeFormatter.parseResolved0(DateTimeFormatter.java:2049)
	at java.base/java.time.format.DateTimeFormatter.pa",2026-08-04 17:23:34.966298,
ARCHIVE,archived,archived.referral_provider_cancel_reason,silver.referral_provider_cancel_reason,2026-07-06 00:00:00.000000,FAILED,False,1,6d5b71dc-89d7-4fd2-b33f-6bb79b1845cd,0.0,0.0,0.0,2026-08-04 17:31:13.175583,2026-08-04 17:31:19.706321,"An error occurred while calling o54857.saveAsTable.
: org.apache.spark.SparkException: Job aborted due to stage failure: Task 0 in stage 15803.0 failed 4 times, most recent failure: Lost task 0.3 in stage 15803.0 (TID 166526) (vm-6e727419 executor 3): org.apache.spark.SparkException: [TASK_WRITE_FAILED] Task failed while writing rows to abfss://fefdb483-d26c-4bd9-9a4f-0c41cc786770@onelake.dfs.fabric.microsoft.com/d286fa39-f255-4ba7-a982-32cb69362ef7/Tables/silver/slv_referral_provider_cancel_reason.
	at org.apache.spark.sql.errors.QueryExecutionErrors$.taskFailedWhileWritingRowsError(QueryExecutionErrors.scala:777)
	at org.apache.spark.sql.delta.files.DeltaFileFormatWriter$.executeTask(DeltaFileFormatWriter.scala:621)
	at org.apache.spark.sql.delta.files.DeltaFileFormatWriter$.$anonfun$executeWrite$4(DeltaFileFormatWriter.scala:387)
	at org.apache.spark.scheduler.ResultTask.runTask(ResultTask.scala:93)
	at org.apache.spark.TaskContext.runTaskWithListeners(TaskContext.scala:166)
	at org.apache.spark.scheduler.Task.run(Task.scala:141)
	at org.apache.spark.executor.Executor$TaskRunner.$anonfun$run$4(Executor.scala:636)
	at org.apache.spark.util.SparkErrorUtils.tryWithSafeFinally(SparkErrorUtils.scala:64)
	at org.apache.spark.util.SparkErrorUtils.tryWithSafeFinally$(SparkErrorUtils.scala:61)
	at org.apache.spark.util.Utils$.tryWithSafeFinally(Utils.scala:95)
	at org.apache.spark.executor.Executor$TaskRunner.run(Executor.scala:639)
	at java.base/java.util.concurrent.ThreadPoolExecutor.runWorker(ThreadPoolExecutor.java:1128)
	at java.base/java.util.concurrent.ThreadPoolExecutor$Worker.run(ThreadPoolExecutor.java:628)
	at java.base/java.lang.Thread.run(Thread.java:829)
Caused by: org.apache.spark.SparkUpgradeException: [INCONSISTENT_BEHAVIOR_CROSS_VERSION.PARSE_DATETIME_BY_NEW_PARSER] You may get a different result due to the upgrading to Spark >= 3.0:
Fail to parse '2026-05-08 12:00:08.52825' in the new parser. You can set ""spark.sql.legacy.timeParserPolicy"" to ""LEGACY"" to restore the behavior before Spark 3.0, or set to ""CORRECTED"" and treat it as an invalid datetime string.
	at org.apache.spark.sql.errors.ExecutionErrors.failToParseDateTimeInNewParserError(ExecutionErrors.scala:54)
	at org.apache.spark.sql.errors.ExecutionErrors.failToParseDateTimeInNewParserError$(ExecutionErrors.scala:48)
	at org.apache.spark.sql.errors.ExecutionErrors$.failToParseDateTimeInNewParserError(ExecutionErrors.scala:218)
	at org.apache.spark.sql.catalyst.util.DateTimeFormatterHelper$$anonfun$checkParsedDiff$1.applyOrElse(DateTimeFormatterHelper.scala:142)
	at org.apache.spark.sql.catalyst.util.DateTimeFormatterHelper$$anonfun$checkParsedDiff$1.applyOrElse(DateTimeFormatterHelper.scala:135)
	at scala.runtime.AbstractPartialFunction.apply(AbstractPartialFunction.scala:38)
	at org.apache.spark.sql.catalyst.util.Iso8601TimestampFormatter.parse(TimestampFormatter.scala:195)
	at org.apache.spark.sql.catalyst.expressions.GeneratedClass$GeneratedIteratorForCodegenStage3.processNext(Unknown Source)
	at org.apache.spark.sql.execution.BufferedRowIterator.hasNext(BufferedRowIterator.java:43)
	at org.apache.spark.sql.execution.WholeStageCodegenEvaluatorFactory$WholeStageCodegenPartitionEvaluator$$anon$1.hasNext(WholeStageCodegenEvaluatorFactory.scala:43)
	at org.apache.spark.sql.execution.datasources.FileFormatDataWriter.writeWithIterator(FileFormatDataWriter.scala:121)
	at org.apache.spark.sql.delta.files.DeltaFileFormatWriter$.$anonfun$executeTask$3(DeltaFileFormatWriter.scala:603)
	at org.apache.spark.util.Utils$.tryWithSafeFinallyAndFailureCallbacks(Utils.scala:1398)
	at org.apache.spark.sql.delta.files.DeltaFileFormatWriter$.executeTask(DeltaFileFormatWriter.scala:611)
	... 12 more
Caused by: java.time.format.DateTimeParseException: Text '2026-05-08 12:00:08.52825' could not be parsed, unparsed text found at index 19
	at java.base/java.time.format.DateTimeFormatter.parseResolved0(DateTimeFormatter.java:2049)
	at java.base/java.time.format.DateTimeFormatter.pa",2026-08-04 17:31:19.706321,
ARCHIVE,archived,archived.referral_provider_cancel_reason,silver.referral_provider_cancel_reason,2026-07-04 00:00:00.000000,FAILED,False,1,6d5b71dc-89d7-4fd2-b33f-6bb79b1845cd,0.0,0.0,0.0,2026-08-04 17:16:43.526075,2026-08-04 17:16:49.582250,"An error occurred while calling o40497.saveAsTable.
: org.apache.spark.SparkException: Job aborted due to stage failure: Task 0 in stage 11087.0 failed 4 times, most recent failure: Lost task 0.3 in stage 11087.0 (TID 116340) (vm-6e727419 executor 3): org.apache.spark.SparkException: [TASK_WRITE_FAILED] Task failed while writing rows to abfss://fefdb483-d26c-4bd9-9a4f-0c41cc786770@onelake.dfs.fabric.microsoft.com/d286fa39-f255-4ba7-a982-32cb69362ef7/Tables/silver/slv_referral_provider_cancel_reason.
	at org.apache.spark.sql.errors.QueryExecutionErrors$.taskFailedWhileWritingRowsError(QueryExecutionErrors.scala:777)
	at org.apache.spark.sql.delta.files.DeltaFileFormatWriter$.executeTask(DeltaFileFormatWriter.scala:621)
	at org.apache.spark.sql.delta.files.DeltaFileFormatWriter$.$anonfun$executeWrite$4(DeltaFileFormatWriter.scala:387)
	at org.apache.spark.scheduler.ResultTask.runTask(ResultTask.scala:93)
	at org.apache.spark.TaskContext.runTaskWithListeners(TaskContext.scala:166)
	at org.apache.spark.scheduler.Task.run(Task.scala:141)
	at org.apache.spark.executor.Executor$TaskRunner.$anonfun$run$4(Executor.scala:636)
	at org.apache.spark.util.SparkErrorUtils.tryWithSafeFinally(SparkErrorUtils.scala:64)
	at org.apache.spark.util.SparkErrorUtils.tryWithSafeFinally$(SparkErrorUtils.scala:61)
	at org.apache.spark.util.Utils$.tryWithSafeFinally(Utils.scala:95)
	at org.apache.spark.executor.Executor$TaskRunner.run(Executor.scala:639)
	at java.base/java.util.concurrent.ThreadPoolExecutor.runWorker(ThreadPoolExecutor.java:1128)
	at java.base/java.util.concurrent.ThreadPoolExecutor$Worker.run(ThreadPoolExecutor.java:628)
	at java.base/java.lang.Thread.run(Thread.java:829)
Caused by: org.apache.spark.SparkUpgradeException: [INCONSISTENT_BEHAVIOR_CROSS_VERSION.PARSE_DATETIME_BY_NEW_PARSER] You may get a different result due to the upgrading to Spark >= 3.0:
Fail to parse '2026-05-08 12:00:08.52825' in the new parser. You can set ""spark.sql.legacy.timeParserPolicy"" to ""LEGACY"" to restore the behavior before Spark 3.0, or set to ""CORRECTED"" and treat it as an invalid datetime string.
	at org.apache.spark.sql.errors.ExecutionErrors.failToParseDateTimeInNewParserError(ExecutionErrors.scala:54)
	at org.apache.spark.sql.errors.ExecutionErrors.failToParseDateTimeInNewParserError$(ExecutionErrors.scala:48)
	at org.apache.spark.sql.errors.ExecutionErrors$.failToParseDateTimeInNewParserError(ExecutionErrors.scala:218)
	at org.apache.spark.sql.catalyst.util.DateTimeFormatterHelper$$anonfun$checkParsedDiff$1.applyOrElse(DateTimeFormatterHelper.scala:142)
	at org.apache.spark.sql.catalyst.util.DateTimeFormatterHelper$$anonfun$checkParsedDiff$1.applyOrElse(DateTimeFormatterHelper.scala:135)
	at scala.runtime.AbstractPartialFunction.apply(AbstractPartialFunction.scala:38)
	at org.apache.spark.sql.catalyst.util.Iso8601TimestampFormatter.parse(TimestampFormatter.scala:195)
	at org.apache.spark.sql.catalyst.expressions.GeneratedClass$GeneratedIteratorForCodegenStage3.processNext(Unknown Source)
	at org.apache.spark.sql.execution.BufferedRowIterator.hasNext(BufferedRowIterator.java:43)
	at org.apache.spark.sql.execution.WholeStageCodegenEvaluatorFactory$WholeStageCodegenPartitionEvaluator$$anon$1.hasNext(WholeStageCodegenEvaluatorFactory.scala:43)
	at org.apache.spark.sql.execution.datasources.FileFormatDataWriter.writeWithIterator(FileFormatDataWriter.scala:121)
	at org.apache.spark.sql.delta.files.DeltaFileFormatWriter$.$anonfun$executeTask$3(DeltaFileFormatWriter.scala:603)
	at org.apache.spark.util.Utils$.tryWithSafeFinallyAndFailureCallbacks(Utils.scala:1398)
	at org.apache.spark.sql.delta.files.DeltaFileFormatWriter$.executeTask(DeltaFileFormatWriter.scala:611)
	... 12 more
Caused by: java.time.format.DateTimeParseException: Text '2026-05-08 12:00:08.52825' could not be parsed, unparsed text found at index 19
	at java.base/java.time.format.DateTimeFormatter.parseResolved0(DateTimeFormatter.java:2049)
	at java.base/java.time.format.DateTimeFormatter.pa",2026-08-04 17:16:49.582250,
ARCHIVE,archived,archived.referral_provider_cancel_reason,silver.referral_provider_cancel_reason,2026-07-07 00:00:00.000000,FAILED,False,1,6d5b71dc-89d7-4fd2-b33f-6bb79b1845cd,0.0,0.0,0.0,2026-08-04 17:39:25.056987,2026-08-04 17:39:31.206286,"An error occurred while calling o62622.saveAsTable.
: org.apache.spark.SparkException: Job aborted due to stage failure: Task 0 in stage 18400.0 failed 4 times, most recent failure: Lost task 0.3 in stage 18400.0 (TID 194090) (vm-89243710 executor 2): org.apache.spark.SparkException: [TASK_WRITE_FAILED] Task failed while writing rows to abfss://fefdb483-d26c-4bd9-9a4f-0c41cc786770@onelake.dfs.fabric.microsoft.com/d286fa39-f255-4ba7-a982-32cb69362ef7/Tables/silver/slv_referral_provider_cancel_reason.
	at org.apache.spark.sql.errors.QueryExecutionErrors$.taskFailedWhileWritingRowsError(QueryExecutionErrors.scala:777)
	at org.apache.spark.sql.delta.files.DeltaFileFormatWriter$.executeTask(DeltaFileFormatWriter.scala:621)
	at org.apache.spark.sql.delta.files.DeltaFileFormatWriter$.$anonfun$executeWrite$4(DeltaFileFormatWriter.scala:387)
	at org.apache.spark.scheduler.ResultTask.runTask(ResultTask.scala:93)
	at org.apache.spark.TaskContext.runTaskWithListeners(TaskContext.scala:166)
	at org.apache.spark.scheduler.Task.run(Task.scala:141)
	at org.apache.spark.executor.Executor$TaskRunner.$anonfun$run$4(Executor.scala:636)
	at org.apache.spark.util.SparkErrorUtils.tryWithSafeFinally(SparkErrorUtils.scala:64)
	at org.apache.spark.util.SparkErrorUtils.tryWithSafeFinally$(SparkErrorUtils.scala:61)
	at org.apache.spark.util.Utils$.tryWithSafeFinally(Utils.scala:95)
	at org.apache.spark.executor.Executor$TaskRunner.run(Executor.scala:639)
	at java.base/java.util.concurrent.ThreadPoolExecutor.runWorker(ThreadPoolExecutor.java:1128)
	at java.base/java.util.concurrent.ThreadPoolExecutor$Worker.run(ThreadPoolExecutor.java:628)
	at java.base/java.lang.Thread.run(Thread.java:829)
Caused by: org.apache.spark.SparkUpgradeException: [INCONSISTENT_BEHAVIOR_CROSS_VERSION.PARSE_DATETIME_BY_NEW_PARSER] You may get a different result due to the upgrading to Spark >= 3.0:
Fail to parse '2026-05-08 12:00:08.52825' in the new parser. You can set ""spark.sql.legacy.timeParserPolicy"" to ""LEGACY"" to restore the behavior before Spark 3.0, or set to ""CORRECTED"" and treat it as an invalid datetime string.
	at org.apache.spark.sql.errors.ExecutionErrors.failToParseDateTimeInNewParserError(ExecutionErrors.scala:54)
	at org.apache.spark.sql.errors.ExecutionErrors.failToParseDateTimeInNewParserError$(ExecutionErrors.scala:48)
	at org.apache.spark.sql.errors.ExecutionErrors$.failToParseDateTimeInNewParserError(ExecutionErrors.scala:218)
	at org.apache.spark.sql.catalyst.util.DateTimeFormatterHelper$$anonfun$checkParsedDiff$1.applyOrElse(DateTimeFormatterHelper.scala:142)
	at org.apache.spark.sql.catalyst.util.DateTimeFormatterHelper$$anonfun$checkParsedDiff$1.applyOrElse(DateTimeFormatterHelper.scala:135)
	at scala.runtime.AbstractPartialFunction.apply(AbstractPartialFunction.scala:38)
	at org.apache.spark.sql.catalyst.util.Iso8601TimestampFormatter.parse(TimestampFormatter.scala:195)
	at org.apache.spark.sql.catalyst.expressions.GeneratedClass$GeneratedIteratorForCodegenStage3.processNext(Unknown Source)
	at org.apache.spark.sql.execution.BufferedRowIterator.hasNext(BufferedRowIterator.java:43)
	at org.apache.spark.sql.execution.WholeStageCodegenEvaluatorFactory$WholeStageCodegenPartitionEvaluator$$anon$1.hasNext(WholeStageCodegenEvaluatorFactory.scala:43)
	at org.apache.spark.sql.execution.datasources.FileFormatDataWriter.writeWithIterator(FileFormatDataWriter.scala:121)
	at org.apache.spark.sql.delta.files.DeltaFileFormatWriter$.$anonfun$executeTask$3(DeltaFileFormatWriter.scala:603)
	at org.apache.spark.util.Utils$.tryWithSafeFinallyAndFailureCallbacks(Utils.scala:1398)
	at org.apache.spark.sql.delta.files.DeltaFileFormatWriter$.executeTask(DeltaFileFormatWriter.scala:611)
	... 12 more
Caused by: java.time.format.DateTimeParseException: Text '2026-05-08 12:00:08.52825' could not be parsed, unparsed text found at index 19
	at java.base/java.time.format.DateTimeFormatter.parseResolved0(DateTimeFormatter.java:2049)
	at java.base/java.time.format.DateTimeFormatter.pa",2026-08-04 17:39:31.206286,
ARCHIVE,archived,archived.provider_education_provision,silver.provider_education_provision,2026-07-05 00:00:00.000000,FAILED,False,1,6d5b71dc-89d7-4fd2-b33f-6bb79b1845cd,0.0,0.0,0.0,2026-08-04 17:20:00.919599,2026-08-04 17:20:07.218245,"An error occurred while calling o44226.saveAsTable.
: org.apache.spark.SparkException: Job aborted due to stage failure: Task 0 in stage 12166.0 failed 4 times, most recent failure: Lost task 0.3 in stage 12166.0 (TID 128204) (vm-89243710 executor 2): org.apache.spark.SparkException: [TASK_WRITE_FAILED] Task failed while writing rows to abfss://fefdb483-d26c-4bd9-9a4f-0c41cc786770@onelake.dfs.fabric.microsoft.com/d286fa39-f255-4ba7-a982-32cb69362ef7/Tables/silver/slv_provider_education_provision.
	at org.apache.spark.sql.errors.QueryExecutionErrors$.taskFailedWhileWritingRowsError(QueryExecutionErrors.scala:777)
	at org.apache.spark.sql.delta.files.DeltaFileFormatWriter$.executeTask(DeltaFileFormatWriter.scala:621)
	at org.apache.spark.sql.delta.files.DeltaFileFormatWriter$.$anonfun$executeWrite$4(DeltaFileFormatWriter.scala:387)
	at org.apache.spark.scheduler.ResultTask.runTask(ResultTask.scala:93)
	at org.apache.spark.TaskContext.runTaskWithListeners(TaskContext.scala:166)
	at org.apache.spark.scheduler.Task.run(Task.scala:141)
	at org.apache.spark.executor.Executor$TaskRunner.$anonfun$run$4(Executor.scala:636)
	at org.apache.spark.util.SparkErrorUtils.tryWithSafeFinally(SparkErrorUtils.scala:64)
	at org.apache.spark.util.SparkErrorUtils.tryWithSafeFinally$(SparkErrorUtils.scala:61)
	at org.apache.spark.util.Utils$.tryWithSafeFinally(Utils.scala:95)
	at org.apache.spark.executor.Executor$TaskRunner.run(Executor.scala:639)
	at java.base/java.util.concurrent.ThreadPoolExecutor.runWorker(ThreadPoolExecutor.java:1128)
	at java.base/java.util.concurrent.ThreadPoolExecutor$Worker.run(ThreadPoolExecutor.java:628)
	at java.base/java.lang.Thread.run(Thread.java:829)
Caused by: org.apache.spark.SparkUpgradeException: [INCONSISTENT_BEHAVIOR_CROSS_VERSION.PARSE_DATETIME_BY_NEW_PARSER] You may get a different result due to the upgrading to Spark >= 3.0:
Fail to parse '2026-05-27 09:17:35.31' in the new parser. You can set ""spark.sql.legacy.timeParserPolicy"" to ""LEGACY"" to restore the behavior before Spark 3.0, or set to ""CORRECTED"" and treat it as an invalid datetime string.
	at org.apache.spark.sql.errors.ExecutionErrors.failToParseDateTimeInNewParserError(ExecutionErrors.scala:54)
	at org.apache.spark.sql.errors.ExecutionErrors.failToParseDateTimeInNewParserError$(ExecutionErrors.scala:48)
	at org.apache.spark.sql.errors.ExecutionErrors$.failToParseDateTimeInNewParserError(ExecutionErrors.scala:218)
	at org.apache.spark.sql.catalyst.util.DateTimeFormatterHelper$$anonfun$checkParsedDiff$1.applyOrElse(DateTimeFormatterHelper.scala:142)
	at org.apache.spark.sql.catalyst.util.DateTimeFormatterHelper$$anonfun$checkParsedDiff$1.applyOrElse(DateTimeFormatterHelper.scala:135)
	at scala.runtime.AbstractPartialFunction.apply(AbstractPartialFunction.scala:38)
	at org.apache.spark.sql.catalyst.util.Iso8601TimestampFormatter.parse(TimestampFormatter.scala:195)
	at org.apache.spark.sql.catalyst.expressions.GeneratedClass$GeneratedIteratorForCodegenStage3.processNext(Unknown Source)
	at org.apache.spark.sql.execution.BufferedRowIterator.hasNext(BufferedRowIterator.java:43)
	at org.apache.spark.sql.execution.WholeStageCodegenEvaluatorFactory$WholeStageCodegenPartitionEvaluator$$anon$1.hasNext(WholeStageCodegenEvaluatorFactory.scala:43)
	at org.apache.spark.sql.execution.datasources.FileFormatDataWriter.writeWithIterator(FileFormatDataWriter.scala:121)
	at org.apache.spark.sql.delta.files.DeltaFileFormatWriter$.$anonfun$executeTask$3(DeltaFileFormatWriter.scala:603)
	at org.apache.spark.util.Utils$.tryWithSafeFinallyAndFailureCallbacks(Utils.scala:1398)
	at org.apache.spark.sql.delta.files.DeltaFileFormatWriter$.executeTask(DeltaFileFormatWriter.scala:611)
	... 12 more
Caused by: java.time.format.DateTimeParseException: Text '2026-05-27 09:17:35.31' could not be parsed, unparsed text found at index 19
	at java.base/java.time.format.DateTimeFormatter.parseResolved0(DateTimeFormatter.java:2049)
	at java.base/java.time.format.DateTimeFormatter.parse(DateT",2026-08-04 17:20:07.218245,
ARCHIVE,archived,archived.provider_education_provision,silver.provider_education_provision,2026-07-04 00:00:00.000000,FAILED,False,1,6d5b71dc-89d7-4fd2-b33f-6bb79b1845cd,0.0,0.0,0.0,2026-08-04 17:13:20.732416,2026-08-04 17:13:26.742329,"An error occurred while calling o37420.saveAsTable.
: org.apache.spark.SparkException: Job aborted due to stage failure: Task 0 in stage 9934.0 failed 4 times, most recent failure: Lost task 0.3 in stage 9934.0 (TID 104420) (vm-89243710 executor 2): org.apache.spark.SparkException: [TASK_WRITE_FAILED] Task failed while writing rows to abfss://fefdb483-d26c-4bd9-9a4f-0c41cc786770@onelake.dfs.fabric.microsoft.com/d286fa39-f255-4ba7-a982-32cb69362ef7/Tables/silver/slv_provider_education_provision.
	at org.apache.spark.sql.errors.QueryExecutionErrors$.taskFailedWhileWritingRowsError(QueryExecutionErrors.scala:777)
	at org.apache.spark.sql.delta.files.DeltaFileFormatWriter$.executeTask(DeltaFileFormatWriter.scala:621)
	at org.apache.spark.sql.delta.files.DeltaFileFormatWriter$.$anonfun$executeWrite$4(DeltaFileFormatWriter.scala:387)
	at org.apache.spark.scheduler.ResultTask.runTask(ResultTask.scala:93)
	at org.apache.spark.TaskContext.runTaskWithListeners(TaskContext.scala:166)
	at org.apache.spark.scheduler.Task.run(Task.scala:141)
	at org.apache.spark.executor.Executor$TaskRunner.$anonfun$run$4(Executor.scala:636)
	at org.apache.spark.util.SparkErrorUtils.tryWithSafeFinally(SparkErrorUtils.scala:64)
	at org.apache.spark.util.SparkErrorUtils.tryWithSafeFinally$(SparkErrorUtils.scala:61)
	at org.apache.spark.util.Utils$.tryWithSafeFinally(Utils.scala:95)
	at org.apache.spark.executor.Executor$TaskRunner.run(Executor.scala:639)
	at java.base/java.util.concurrent.ThreadPoolExecutor.runWorker(ThreadPoolExecutor.java:1128)
	at java.base/java.util.concurrent.ThreadPoolExecutor$Worker.run(ThreadPoolExecutor.java:628)
	at java.base/java.lang.Thread.run(Thread.java:829)
Caused by: org.apache.spark.SparkUpgradeException: [INCONSISTENT_BEHAVIOR_CROSS_VERSION.PARSE_DATETIME_BY_NEW_PARSER] You may get a different result due to the upgrading to Spark >= 3.0:
Fail to parse '2026-05-27 09:17:35.31' in the new parser. You can set ""spark.sql.legacy.timeParserPolicy"" to ""LEGACY"" to restore the behavior before Spark 3.0, or set to ""CORRECTED"" and treat it as an invalid datetime string.
	at org.apache.spark.sql.errors.ExecutionErrors.failToParseDateTimeInNewParserError(ExecutionErrors.scala:54)
	at org.apache.spark.sql.errors.ExecutionErrors.failToParseDateTimeInNewParserError$(ExecutionErrors.scala:48)
	at org.apache.spark.sql.errors.ExecutionErrors$.failToParseDateTimeInNewParserError(ExecutionErrors.scala:218)
	at org.apache.spark.sql.catalyst.util.DateTimeFormatterHelper$$anonfun$checkParsedDiff$1.applyOrElse(DateTimeFormatterHelper.scala:142)
	at org.apache.spark.sql.catalyst.util.DateTimeFormatterHelper$$anonfun$checkParsedDiff$1.applyOrElse(DateTimeFormatterHelper.scala:135)
	at scala.runtime.AbstractPartialFunction.apply(AbstractPartialFunction.scala:38)
	at org.apache.spark.sql.catalyst.util.Iso8601TimestampFormatter.parse(TimestampFormatter.scala:195)
	at org.apache.spark.sql.catalyst.expressions.GeneratedClass$GeneratedIteratorForCodegenStage3.processNext(Unknown Source)
	at org.apache.spark.sql.execution.BufferedRowIterator.hasNext(BufferedRowIterator.java:43)
	at org.apache.spark.sql.execution.WholeStageCodegenEvaluatorFactory$WholeStageCodegenPartitionEvaluator$$anon$1.hasNext(WholeStageCodegenEvaluatorFactory.scala:43)
	at org.apache.spark.sql.execution.datasources.FileFormatDataWriter.writeWithIterator(FileFormatDataWriter.scala:121)
	at org.apache.spark.sql.delta.files.DeltaFileFormatWriter$.$anonfun$executeTask$3(DeltaFileFormatWriter.scala:603)
	at org.apache.spark.util.Utils$.tryWithSafeFinallyAndFailureCallbacks(Utils.scala:1398)
	at org.apache.spark.sql.delta.files.DeltaFileFormatWriter$.executeTask(DeltaFileFormatWriter.scala:611)
	... 12 more
Caused by: java.time.format.DateTimeParseException: Text '2026-05-27 09:17:35.31' could not be parsed, unparsed text found at index 19
	at java.base/java.time.format.DateTimeFormatter.parseResolved0(DateTimeFormatter.java:2049)
	at java.base/java.time.format.DateTimeFormatter.parse(DateTim",2026-08-04 17:13:26.742329,
ARCHIVE,archived,archived.provider_education_provision,silver.provider_education_provision,2026-07-07 00:00:00.000000,FAILED,False,1,6d5b71dc-89d7-4fd2-b33f-6bb79b1845cd,0.0,0.0,0.0,2026-08-04 17:35:52.351289,2026-08-04 17:35:59.962293,"An error occurred while calling o59545.saveAsTable.
: org.apache.spark.SparkException: Job aborted due to stage failure: Task 0 in stage 17243.0 failed 4 times, most recent failure: Lost task 0.3 in stage 17243.0 (TID 182133) (vm-89243710 executor 2): org.apache.spark.SparkException: [TASK_WRITE_FAILED] Task failed while writing rows to abfss://fefdb483-d26c-4bd9-9a4f-0c41cc786770@onelake.dfs.fabric.microsoft.com/d286fa39-f255-4ba7-a982-32cb69362ef7/Tables/silver/slv_provider_education_provision.
	at org.apache.spark.sql.errors.QueryExecutionErrors$.taskFailedWhileWritingRowsError(QueryExecutionErrors.scala:777)
	at org.apache.spark.sql.delta.files.DeltaFileFormatWriter$.executeTask(DeltaFileFormatWriter.scala:621)
	at org.apache.spark.sql.delta.files.DeltaFileFormatWriter$.$anonfun$executeWrite$4(DeltaFileFormatWriter.scala:387)
	at org.apache.spark.scheduler.ResultTask.runTask(ResultTask.scala:93)
	at org.apache.spark.TaskContext.runTaskWithListeners(TaskContext.scala:166)
	at org.apache.spark.scheduler.Task.run(Task.scala:141)
	at org.apache.spark.executor.Executor$TaskRunner.$anonfun$run$4(Executor.scala:636)
	at org.apache.spark.util.SparkErrorUtils.tryWithSafeFinally(SparkErrorUtils.scala:64)
	at org.apache.spark.util.SparkErrorUtils.tryWithSafeFinally$(SparkErrorUtils.scala:61)
	at org.apache.spark.util.Utils$.tryWithSafeFinally(Utils.scala:95)
	at org.apache.spark.executor.Executor$TaskRunner.run(Executor.scala:639)
	at java.base/java.util.concurrent.ThreadPoolExecutor.runWorker(ThreadPoolExecutor.java:1128)
	at java.base/java.util.concurrent.ThreadPoolExecutor$Worker.run(ThreadPoolExecutor.java:628)
	at java.base/java.lang.Thread.run(Thread.java:829)
Caused by: org.apache.spark.SparkUpgradeException: [INCONSISTENT_BEHAVIOR_CROSS_VERSION.PARSE_DATETIME_BY_NEW_PARSER] You may get a different result due to the upgrading to Spark >= 3.0:
Fail to parse '2026-05-27 09:17:35.31' in the new parser. You can set ""spark.sql.legacy.timeParserPolicy"" to ""LEGACY"" to restore the behavior before Spark 3.0, or set to ""CORRECTED"" and treat it as an invalid datetime string.
	at org.apache.spark.sql.errors.ExecutionErrors.failToParseDateTimeInNewParserError(ExecutionErrors.scala:54)
	at org.apache.spark.sql.errors.ExecutionErrors.failToParseDateTimeInNewParserError$(ExecutionErrors.scala:48)
	at org.apache.spark.sql.errors.ExecutionErrors$.failToParseDateTimeInNewParserError(ExecutionErrors.scala:218)
	at org.apache.spark.sql.catalyst.util.DateTimeFormatterHelper$$anonfun$checkParsedDiff$1.applyOrElse(DateTimeFormatterHelper.scala:142)
	at org.apache.spark.sql.catalyst.util.DateTimeFormatterHelper$$anonfun$checkParsedDiff$1.applyOrElse(DateTimeFormatterHelper.scala:135)
	at scala.runtime.AbstractPartialFunction.apply(AbstractPartialFunction.scala:38)
	at org.apache.spark.sql.catalyst.util.Iso8601TimestampFormatter.parse(TimestampFormatter.scala:195)
	at org.apache.spark.sql.catalyst.expressions.GeneratedClass$GeneratedIteratorForCodegenStage3.processNext(Unknown Source)
	at org.apache.spark.sql.execution.BufferedRowIterator.hasNext(BufferedRowIterator.java:43)
	at org.apache.spark.sql.execution.WholeStageCodegenEvaluatorFactory$WholeStageCodegenPartitionEvaluator$$anon$1.hasNext(WholeStageCodegenEvaluatorFactory.scala:43)
	at org.apache.spark.sql.execution.datasources.FileFormatDataWriter.writeWithIterator(FileFormatDataWriter.scala:121)
	at org.apache.spark.sql.delta.files.DeltaFileFormatWriter$.$anonfun$executeTask$3(DeltaFileFormatWriter.scala:603)
	at org.apache.spark.util.Utils$.tryWithSafeFinallyAndFailureCallbacks(Utils.scala:1398)
	at org.apache.spark.sql.delta.files.DeltaFileFormatWriter$.executeTask(DeltaFileFormatWriter.scala:611)
	... 12 more
Caused by: java.time.format.DateTimeParseException: Text '2026-05-27 09:17:35.31' could not be parsed, unparsed text found at index 19
	at java.base/java.time.format.DateTimeFormatter.parseResolved0(DateTimeFormatter.java:2049)
	at java.base/java.time.format.DateTimeFormatter.parse(DateT",2026-08-04 17:35:59.962293,
ARCHIVE,archived,archived.provider_education_provision,silver.provider_education_provision,2026-07-06 00:00:00.000000,FAILED,False,1,6d5b71dc-89d7-4fd2-b33f-6bb79b1845cd,0.0,0.0,0.0,2026-08-04 17:27:36.546086,2026-08-04 17:27:43.054283,"An error occurred while calling o51780.saveAsTable.
: org.apache.spark.SparkException: Job aborted due to stage failure: Task 0 in stage 14648.0 failed 4 times, most recent failure: Lost task 0.3 in stage 14648.0 (TID 154588) (vm-89243710 executor 2): org.apache.spark.SparkException: [TASK_WRITE_FAILED] Task failed while writing rows to abfss://fefdb483-d26c-4bd9-9a4f-0c41cc786770@onelake.dfs.fabric.microsoft.com/d286fa39-f255-4ba7-a982-32cb69362ef7/Tables/silver/slv_provider_education_provision.
	at org.apache.spark.sql.errors.QueryExecutionErrors$.taskFailedWhileWritingRowsError(QueryExecutionErrors.scala:777)
	at org.apache.spark.sql.delta.files.DeltaFileFormatWriter$.executeTask(DeltaFileFormatWriter.scala:621)
	at org.apache.spark.sql.delta.files.DeltaFileFormatWriter$.$anonfun$executeWrite$4(DeltaFileFormatWriter.scala:387)
	at org.apache.spark.scheduler.ResultTask.runTask(ResultTask.scala:93)
	at org.apache.spark.TaskContext.runTaskWithListeners(TaskContext.scala:166)
	at org.apache.spark.scheduler.Task.run(Task.scala:141)
	at org.apache.spark.executor.Executor$TaskRunner.$anonfun$run$4(Executor.scala:636)
	at org.apache.spark.util.SparkErrorUtils.tryWithSafeFinally(SparkErrorUtils.scala:64)
	at org.apache.spark.util.SparkErrorUtils.tryWithSafeFinally$(SparkErrorUtils.scala:61)
	at org.apache.spark.util.Utils$.tryWithSafeFinally(Utils.scala:95)
	at org.apache.spark.executor.Executor$TaskRunner.run(Executor.scala:639)
	at java.base/java.util.concurrent.ThreadPoolExecutor.runWorker(ThreadPoolExecutor.java:1128)
	at java.base/java.util.concurrent.ThreadPoolExecutor$Worker.run(ThreadPoolExecutor.java:628)
	at java.base/java.lang.Thread.run(Thread.java:829)
Caused by: org.apache.spark.SparkUpgradeException: [INCONSISTENT_BEHAVIOR_CROSS_VERSION.PARSE_DATETIME_BY_NEW_PARSER] You may get a different result due to the upgrading to Spark >= 3.0:
Fail to parse '2026-05-27 09:17:35.31' in the new parser. You can set ""spark.sql.legacy.timeParserPolicy"" to ""LEGACY"" to restore the behavior before Spark 3.0, or set to ""CORRECTED"" and treat it as an invalid datetime string.
	at org.apache.spark.sql.errors.ExecutionErrors.failToParseDateTimeInNewParserError(ExecutionErrors.scala:54)
	at org.apache.spark.sql.errors.ExecutionErrors.failToParseDateTimeInNewParserError$(ExecutionErrors.scala:48)
	at org.apache.spark.sql.errors.ExecutionErrors$.failToParseDateTimeInNewParserError(ExecutionErrors.scala:218)
	at org.apache.spark.sql.catalyst.util.DateTimeFormatterHelper$$anonfun$checkParsedDiff$1.applyOrElse(DateTimeFormatterHelper.scala:142)
	at org.apache.spark.sql.catalyst.util.DateTimeFormatterHelper$$anonfun$checkParsedDiff$1.applyOrElse(DateTimeFormatterHelper.scala:135)
	at scala.runtime.AbstractPartialFunction.apply(AbstractPartialFunction.scala:38)
	at org.apache.spark.sql.catalyst.util.Iso8601TimestampFormatter.parse(TimestampFormatter.scala:195)
	at org.apache.spark.sql.catalyst.expressions.GeneratedClass$GeneratedIteratorForCodegenStage3.processNext(Unknown Source)
	at org.apache.spark.sql.execution.BufferedRowIterator.hasNext(BufferedRowIterator.java:43)
	at org.apache.spark.sql.execution.WholeStageCodegenEvaluatorFactory$WholeStageCodegenPartitionEvaluator$$anon$1.hasNext(WholeStageCodegenEvaluatorFactory.scala:43)
	at org.apache.spark.sql.execution.datasources.FileFormatDataWriter.writeWithIterator(FileFormatDataWriter.scala:121)
	at org.apache.spark.sql.delta.files.DeltaFileFormatWriter$.$anonfun$executeTask$3(DeltaFileFormatWriter.scala:603)
	at org.apache.spark.util.Utils$.tryWithSafeFinallyAndFailureCallbacks(Utils.scala:1398)
	at org.apache.spark.sql.delta.files.DeltaFileFormatWriter$.executeTask(DeltaFileFormatWriter.scala:611)
	... 12 more
Caused by: java.time.format.DateTimeParseException: Text '2026-05-27 09:17:35.31' could not be parsed, unparsed text found at index 19
	at java.base/java.time.format.DateTimeFormatter.parseResolved0(DateTimeFormatter.java:2049)
	at java.base/java.time.format.DateTimeFormatter.parse(DateT",2026-08-04 17:27:43.054283,
ARCHIVE,archived,archived.provider_education_provision,silver.provider_education_provision,2026-07-08 00:00:00.000000,FAILED,False,1,6d5b71dc-89d7-4fd2-b33f-6bb79b1845cd,0.0,0.0,0.0,2026-08-04 17:44:00.803630,2026-08-04 17:44:07.594309,"An error occurred while calling o67310.saveAsTable.
: org.apache.spark.SparkException: Job aborted due to stage failure: Task 0 in stage 19837.0 failed 4 times, most recent failure: Lost task 0.3 in stage 19837.0 (TID 209706) (vm-89243710 executor 2): org.apache.spark.SparkException: [TASK_WRITE_FAILED] Task failed while writing rows to abfss://fefdb483-d26c-4bd9-9a4f-0c41cc786770@onelake.dfs.fabric.microsoft.com/d286fa39-f255-4ba7-a982-32cb69362ef7/Tables/silver/slv_provider_education_provision.
	at org.apache.spark.sql.errors.QueryExecutionErrors$.taskFailedWhileWritingRowsError(QueryExecutionErrors.scala:777)
	at org.apache.spark.sql.delta.files.DeltaFileFormatWriter$.executeTask(DeltaFileFormatWriter.scala:621)
	at org.apache.spark.sql.delta.files.DeltaFileFormatWriter$.$anonfun$executeWrite$4(DeltaFileFormatWriter.scala:387)
	at org.apache.spark.scheduler.ResultTask.runTask(ResultTask.scala:93)
	at org.apache.spark.TaskContext.runTaskWithListeners(TaskContext.scala:166)
	at org.apache.spark.scheduler.Task.run(Task.scala:141)
	at org.apache.spark.executor.Executor$TaskRunner.$anonfun$run$4(Executor.scala:636)
	at org.apache.spark.util.SparkErrorUtils.tryWithSafeFinally(SparkErrorUtils.scala:64)
	at org.apache.spark.util.SparkErrorUtils.tryWithSafeFinally$(SparkErrorUtils.scala:61)
	at org.apache.spark.util.Utils$.tryWithSafeFinally(Utils.scala:95)
	at org.apache.spark.executor.Executor$TaskRunner.run(Executor.scala:639)
	at java.base/java.util.concurrent.ThreadPoolExecutor.runWorker(ThreadPoolExecutor.java:1128)
	at java.base/java.util.concurrent.ThreadPoolExecutor$Worker.run(ThreadPoolExecutor.java:628)
	at java.base/java.lang.Thread.run(Thread.java:829)
Caused by: org.apache.spark.SparkUpgradeException: [INCONSISTENT_BEHAVIOR_CROSS_VERSION.PARSE_DATETIME_BY_NEW_PARSER] You may get a different result due to the upgrading to Spark >= 3.0:
Fail to parse '2026-05-27 09:17:35.31' in the new parser. You can set ""spark.sql.legacy.timeParserPolicy"" to ""LEGACY"" to restore the behavior before Spark 3.0, or set to ""CORRECTED"" and treat it as an invalid datetime string.
	at org.apache.spark.sql.errors.ExecutionErrors.failToParseDateTimeInNewParserError(ExecutionErrors.scala:54)
	at org.apache.spark.sql.errors.ExecutionErrors.failToParseDateTimeInNewParserError$(ExecutionErrors.scala:48)
	at org.apache.spark.sql.errors.ExecutionErrors$.failToParseDateTimeInNewParserError(ExecutionErrors.scala:218)
	at org.apache.spark.sql.catalyst.util.DateTimeFormatterHelper$$anonfun$checkParsedDiff$1.applyOrElse(DateTimeFormatterHelper.scala:142)
	at org.apache.spark.sql.catalyst.util.DateTimeFormatterHelper$$anonfun$checkParsedDiff$1.applyOrElse(DateTimeFormatterHelper.scala:135)
	at scala.runtime.AbstractPartialFunction.apply(AbstractPartialFunction.scala:38)
	at org.apache.spark.sql.catalyst.util.Iso8601TimestampFormatter.parse(TimestampFormatter.scala:195)
	at org.apache.spark.sql.catalyst.expressions.GeneratedClass$GeneratedIteratorForCodegenStage3.processNext(Unknown Source)
	at org.apache.spark.sql.execution.BufferedRowIterator.hasNext(BufferedRowIterator.java:43)
	at org.apache.spark.sql.execution.WholeStageCodegenEvaluatorFactory$WholeStageCodegenPartitionEvaluator$$anon$1.hasNext(WholeStageCodegenEvaluatorFactory.scala:43)
	at org.apache.spark.sql.execution.datasources.FileFormatDataWriter.writeWithIterator(FileFormatDataWriter.scala:121)
	at org.apache.spark.sql.delta.files.DeltaFileFormatWriter$.$anonfun$executeTask$3(DeltaFileFormatWriter.scala:603)
	at org.apache.spark.util.Utils$.tryWithSafeFinallyAndFailureCallbacks(Utils.scala:1398)
	at org.apache.spark.sql.delta.files.DeltaFileFormatWriter$.executeTask(DeltaFileFormatWriter.scala:611)
	... 12 more
Caused by: java.time.format.DateTimeParseException: Text '2026-05-27 09:17:35.31' could not be parsed, unparsed text found at index 19
	at java.base/java.time.format.DateTimeFormatter.parseResolved0(DateTimeFormatter.java:2049)
	at java.base/java.time.format.DateTimeFormatter.parse(DateT",2026-08-04 17:44:07.594309,
ARCHIVE,archived,archived.referral_provider_message,silver.referral_provider_message,2026-07-05 00:00:00.000000,FAILED,False,1,6d5b71dc-89d7-4fd2-b33f-6bb79b1845cd,0.0,0.0,0.0,2026-08-04 17:23:58.487968,2026-08-04 17:24:05.154315,"An error occurred while calling o47738.saveAsTable.
: org.apache.spark.SparkException: Job aborted due to stage failure: Task 0 in stage 13488.0 failed 4 times, most recent failure: Lost task 0.3 in stage 13488.0 (TID 141940) (vm-89243710 executor 2): org.apache.spark.SparkException: [TASK_WRITE_FAILED] Task failed while writing rows to abfss://fefdb483-d26c-4bd9-9a4f-0c41cc786770@onelake.dfs.fabric.microsoft.com/d286fa39-f255-4ba7-a982-32cb69362ef7/Tables/silver/slv_referral_provider_message.
	at org.apache.spark.sql.errors.QueryExecutionErrors$.taskFailedWhileWritingRowsError(QueryExecutionErrors.scala:777)
	at org.apache.spark.sql.delta.files.DeltaFileFormatWriter$.executeTask(DeltaFileFormatWriter.scala:621)
	at org.apache.spark.sql.delta.files.DeltaFileFormatWriter$.$anonfun$executeWrite$4(DeltaFileFormatWriter.scala:387)
	at org.apache.spark.scheduler.ResultTask.runTask(ResultTask.scala:93)
	at org.apache.spark.TaskContext.runTaskWithListeners(TaskContext.scala:166)
	at org.apache.spark.scheduler.Task.run(Task.scala:141)
	at org.apache.spark.executor.Executor$TaskRunner.$anonfun$run$4(Executor.scala:636)
	at org.apache.spark.util.SparkErrorUtils.tryWithSafeFinally(SparkErrorUtils.scala:64)
	at org.apache.spark.util.SparkErrorUtils.tryWithSafeFinally$(SparkErrorUtils.scala:61)
	at org.apache.spark.util.Utils$.tryWithSafeFinally(Utils.scala:95)
	at org.apache.spark.executor.Executor$TaskRunner.run(Executor.scala:639)
	at java.base/java.util.concurrent.ThreadPoolExecutor.runWorker(ThreadPoolExecutor.java:1128)
	at java.base/java.util.concurrent.ThreadPoolExecutor$Worker.run(ThreadPoolExecutor.java:628)
	at java.base/java.lang.Thread.run(Thread.java:829)
Caused by: org.apache.spark.SparkUpgradeException: [INCONSISTENT_BEHAVIOR_CROSS_VERSION.PARSE_DATETIME_BY_NEW_PARSER] You may get a different result due to the upgrading to Spark >= 3.0:
Fail to parse '2026-06-23 16:12:02.292421' in the new parser. You can set ""spark.sql.legacy.timeParserPolicy"" to ""LEGACY"" to restore the behavior before Spark 3.0, or set to ""CORRECTED"" and treat it as an invalid datetime string.
	at org.apache.spark.sql.errors.ExecutionErrors.failToParseDateTimeInNewParserError(ExecutionErrors.scala:54)
	at org.apache.spark.sql.errors.ExecutionErrors.failToParseDateTimeInNewParserError$(ExecutionErrors.scala:48)
	at org.apache.spark.sql.errors.ExecutionErrors$.failToParseDateTimeInNewParserError(ExecutionErrors.scala:218)
	at org.apache.spark.sql.catalyst.util.DateTimeFormatterHelper$$anonfun$checkParsedDiff$1.applyOrElse(DateTimeFormatterHelper.scala:142)
	at org.apache.spark.sql.catalyst.util.DateTimeFormatterHelper$$anonfun$checkParsedDiff$1.applyOrElse(DateTimeFormatterHelper.scala:135)
	at scala.runtime.AbstractPartialFunction.apply(AbstractPartialFunction.scala:38)
	at org.apache.spark.sql.catalyst.util.Iso8601TimestampFormatter.parse(TimestampFormatter.scala:195)
	at org.apache.spark.sql.catalyst.expressions.GeneratedClass$GeneratedIteratorForCodegenStage3.processNext(Unknown Source)
	at org.apache.spark.sql.execution.BufferedRowIterator.hasNext(BufferedRowIterator.java:43)
	at org.apache.spark.sql.execution.WholeStageCodegenEvaluatorFactory$WholeStageCodegenPartitionEvaluator$$anon$1.hasNext(WholeStageCodegenEvaluatorFactory.scala:43)
	at org.apache.spark.sql.execution.datasources.FileFormatDataWriter.writeWithIterator(FileFormatDataWriter.scala:121)
	at org.apache.spark.sql.delta.files.DeltaFileFormatWriter$.$anonfun$executeTask$3(DeltaFileFormatWriter.scala:603)
	at org.apache.spark.util.Utils$.tryWithSafeFinallyAndFailureCallbacks(Utils.scala:1398)
	at org.apache.spark.sql.delta.files.DeltaFileFormatWriter$.executeTask(DeltaFileFormatWriter.scala:611)
	... 12 more
Caused by: java.time.format.DateTimeParseException: Text '2026-06-23 16:12:02.292421' could not be parsed, unparsed text found at index 19
	at java.base/java.time.format.DateTimeFormatter.parseResolved0(DateTimeFormatter.java:2049)
	at java.base/java.time.format.DateTimeFormatter.parse(",2026-08-04 17:24:05.154315,
ARCHIVE,archived,archived.referral_provider_message,silver.referral_provider_message,2026-07-06 00:00:00.000000,FAILED,False,1,6d5b71dc-89d7-4fd2-b33f-6bb79b1845cd,0.0,0.0,0.0,2026-08-04 17:31:42.432566,2026-08-04 17:31:50.658234,"An error occurred while calling o55292.saveAsTable.
: org.apache.spark.SparkException: Job aborted due to stage failure: Task 0 in stage 15968.0 failed 4 times, most recent failure: Lost task 0.3 in stage 15968.0 (TID 168345) (vm-89243710 executor 2): org.apache.spark.SparkException: [TASK_WRITE_FAILED] Task failed while writing rows to abfss://fefdb483-d26c-4bd9-9a4f-0c41cc786770@onelake.dfs.fabric.microsoft.com/d286fa39-f255-4ba7-a982-32cb69362ef7/Tables/silver/slv_referral_provider_message.
	at org.apache.spark.sql.errors.QueryExecutionErrors$.taskFailedWhileWritingRowsError(QueryExecutionErrors.scala:777)
	at org.apache.spark.sql.delta.files.DeltaFileFormatWriter$.executeTask(DeltaFileFormatWriter.scala:621)
	at org.apache.spark.sql.delta.files.DeltaFileFormatWriter$.$anonfun$executeWrite$4(DeltaFileFormatWriter.scala:387)
	at org.apache.spark.scheduler.ResultTask.runTask(ResultTask.scala:93)
	at org.apache.spark.TaskContext.runTaskWithListeners(TaskContext.scala:166)
	at org.apache.spark.scheduler.Task.run(Task.scala:141)
	at org.apache.spark.executor.Executor$TaskRunner.$anonfun$run$4(Executor.scala:636)
	at org.apache.spark.util.SparkErrorUtils.tryWithSafeFinally(SparkErrorUtils.scala:64)
	at org.apache.spark.util.SparkErrorUtils.tryWithSafeFinally$(SparkErrorUtils.scala:61)
	at org.apache.spark.util.Utils$.tryWithSafeFinally(Utils.scala:95)
	at org.apache.spark.executor.Executor$TaskRunner.run(Executor.scala:639)
	at java.base/java.util.concurrent.ThreadPoolExecutor.runWorker(ThreadPoolExecutor.java:1128)
	at java.base/java.util.concurrent.ThreadPoolExecutor$Worker.run(ThreadPoolExecutor.java:628)
	at java.base/java.lang.Thread.run(Thread.java:829)
Caused by: org.apache.spark.SparkUpgradeException: [INCONSISTENT_BEHAVIOR_CROSS_VERSION.PARSE_DATETIME_BY_NEW_PARSER] You may get a different result due to the upgrading to Spark >= 3.0:
Fail to parse '2026-06-23 16:12:02.292421' in the new parser. You can set ""spark.sql.legacy.timeParserPolicy"" to ""LEGACY"" to restore the behavior before Spark 3.0, or set to ""CORRECTED"" and treat it as an invalid datetime string.
	at org.apache.spark.sql.errors.ExecutionErrors.failToParseDateTimeInNewParserError(ExecutionErrors.scala:54)
	at org.apache.spark.sql.errors.ExecutionErrors.failToParseDateTimeInNewParserError$(ExecutionErrors.scala:48)
	at org.apache.spark.sql.errors.ExecutionErrors$.failToParseDateTimeInNewParserError(ExecutionErrors.scala:218)
	at org.apache.spark.sql.catalyst.util.DateTimeFormatterHelper$$anonfun$checkParsedDiff$1.applyOrElse(DateTimeFormatterHelper.scala:142)
	at org.apache.spark.sql.catalyst.util.DateTimeFormatterHelper$$anonfun$checkParsedDiff$1.applyOrElse(DateTimeFormatterHelper.scala:135)
	at scala.runtime.AbstractPartialFunction.apply(AbstractPartialFunction.scala:38)
	at org.apache.spark.sql.catalyst.util.Iso8601TimestampFormatter.parse(TimestampFormatter.scala:195)
	at org.apache.spark.sql.catalyst.expressions.GeneratedClass$GeneratedIteratorForCodegenStage3.processNext(Unknown Source)
	at org.apache.spark.sql.execution.BufferedRowIterator.hasNext(BufferedRowIterator.java:43)
	at org.apache.spark.sql.execution.WholeStageCodegenEvaluatorFactory$WholeStageCodegenPartitionEvaluator$$anon$1.hasNext(WholeStageCodegenEvaluatorFactory.scala:43)
	at org.apache.spark.sql.execution.datasources.FileFormatDataWriter.writeWithIterator(FileFormatDataWriter.scala:121)
	at org.apache.spark.sql.delta.files.DeltaFileFormatWriter$.$anonfun$executeTask$3(DeltaFileFormatWriter.scala:603)
	at org.apache.spark.util.Utils$.tryWithSafeFinallyAndFailureCallbacks(Utils.scala:1398)
	at org.apache.spark.sql.delta.files.DeltaFileFormatWriter$.executeTask(DeltaFileFormatWriter.scala:611)
	... 12 more
Caused by: java.time.format.DateTimeParseException: Text '2026-06-23 16:12:02.292421' could not be parsed, unparsed text found at index 19
	at java.base/java.time.format.DateTimeFormatter.parseResolved0(DateTimeFormatter.java:2049)
	at java.base/java.time.format.DateTimeFormatter.parse(",2026-08-04 17:31:50.658234,
ARCHIVE,archived,archived.referral_provider_message,silver.referral_provider_message,2026-07-07 00:00:00.000000,FAILED,False,1,6d5b71dc-89d7-4fd2-b33f-6bb79b1845cd,0.0,0.0,0.0,2026-08-04 17:39:54.262797,2026-08-04 17:40:00.610279,"An error occurred while calling o63057.saveAsTable.
: org.apache.spark.SparkException: Job aborted due to stage failure: Task 0 in stage 18554.0 failed 4 times, most recent failure: Lost task 0.3 in stage 18554.0 (TID 195788) (vm-6e727419 executor 3): org.apache.spark.SparkException: [TASK_WRITE_FAILED] Task failed while writing rows to abfss://fefdb483-d26c-4bd9-9a4f-0c41cc786770@onelake.dfs.fabric.microsoft.com/d286fa39-f255-4ba7-a982-32cb69362ef7/Tables/silver/slv_referral_provider_message.
	at org.apache.spark.sql.errors.QueryExecutionErrors$.taskFailedWhileWritingRowsError(QueryExecutionErrors.scala:777)
	at org.apache.spark.sql.delta.files.DeltaFileFormatWriter$.executeTask(DeltaFileFormatWriter.scala:621)
	at org.apache.spark.sql.delta.files.DeltaFileFormatWriter$.$anonfun$executeWrite$4(DeltaFileFormatWriter.scala:387)
	at org.apache.spark.scheduler.ResultTask.runTask(ResultTask.scala:93)
	at org.apache.spark.TaskContext.runTaskWithListeners(TaskContext.scala:166)
	at org.apache.spark.scheduler.Task.run(Task.scala:141)
	at org.apache.spark.executor.Executor$TaskRunner.$anonfun$run$4(Executor.scala:636)
	at org.apache.spark.util.SparkErrorUtils.tryWithSafeFinally(SparkErrorUtils.scala:64)
	at org.apache.spark.util.SparkErrorUtils.tryWithSafeFinally$(SparkErrorUtils.scala:61)
	at org.apache.spark.util.Utils$.tryWithSafeFinally(Utils.scala:95)
	at org.apache.spark.executor.Executor$TaskRunner.run(Executor.scala:639)
	at java.base/java.util.concurrent.ThreadPoolExecutor.runWorker(ThreadPoolExecutor.java:1128)
	at java.base/java.util.concurrent.ThreadPoolExecutor$Worker.run(ThreadPoolExecutor.java:628)
	at java.base/java.lang.Thread.run(Thread.java:829)
Caused by: org.apache.spark.SparkUpgradeException: [INCONSISTENT_BEHAVIOR_CROSS_VERSION.PARSE_DATETIME_BY_NEW_PARSER] You may get a different result due to the upgrading to Spark >= 3.0:
Fail to parse '2026-06-23 16:12:02.292421' in the new parser. You can set ""spark.sql.legacy.timeParserPolicy"" to ""LEGACY"" to restore the behavior before Spark 3.0, or set to ""CORRECTED"" and treat it as an invalid datetime string.
	at org.apache.spark.sql.errors.ExecutionErrors.failToParseDateTimeInNewParserError(ExecutionErrors.scala:54)
	at org.apache.spark.sql.errors.ExecutionErrors.failToParseDateTimeInNewParserError$(ExecutionErrors.scala:48)
	at org.apache.spark.sql.errors.ExecutionErrors$.failToParseDateTimeInNewParserError(ExecutionErrors.scala:218)
	at org.apache.spark.sql.catalyst.util.DateTimeFormatterHelper$$anonfun$checkParsedDiff$1.applyOrElse(DateTimeFormatterHelper.scala:142)
	at org.apache.spark.sql.catalyst.util.DateTimeFormatterHelper$$anonfun$checkParsedDiff$1.applyOrElse(DateTimeFormatterHelper.scala:135)
	at scala.runtime.AbstractPartialFunction.apply(AbstractPartialFunction.scala:38)
	at org.apache.spark.sql.catalyst.util.Iso8601TimestampFormatter.parse(TimestampFormatter.scala:195)
	at org.apache.spark.sql.catalyst.expressions.GeneratedClass$GeneratedIteratorForCodegenStage3.processNext(Unknown Source)
	at org.apache.spark.sql.execution.BufferedRowIterator.hasNext(BufferedRowIterator.java:43)
	at org.apache.spark.sql.execution.WholeStageCodegenEvaluatorFactory$WholeStageCodegenPartitionEvaluator$$anon$1.hasNext(WholeStageCodegenEvaluatorFactory.scala:43)
	at org.apache.spark.sql.execution.datasources.FileFormatDataWriter.writeWithIterator(FileFormatDataWriter.scala:121)
	at org.apache.spark.sql.delta.files.DeltaFileFormatWriter$.$anonfun$executeTask$3(DeltaFileFormatWriter.scala:603)
	at org.apache.spark.util.Utils$.tryWithSafeFinallyAndFailureCallbacks(Utils.scala:1398)
	at org.apache.spark.sql.delta.files.DeltaFileFormatWriter$.executeTask(DeltaFileFormatWriter.scala:611)
	... 12 more
Caused by: java.time.format.DateTimeParseException: Text '2026-06-23 16:12:02.292421' could not be parsed, unparsed text found at index 19
	at java.base/java.time.format.DateTimeFormatter.parseResolved0(DateTimeFormatter.java:2049)
	at java.base/java.time.format.DateTimeFormatter.parse(",2026-08-04 17:40:00.610279,
ARCHIVE,archived,archived.referral_provider_message,silver.referral_provider_message,2026-07-04 00:00:00.000000,FAILED,False,1,6d5b71dc-89d7-4fd2-b33f-6bb79b1845cd,0.0,0.0,0.0,2026-08-04 17:17:12.365814,2026-08-04 17:17:18.354271,"An error occurred while calling o40932.saveAsTable.
: org.apache.spark.SparkException: Job aborted due to stage failure: Task 0 in stage 11254.0 failed 4 times, most recent failure: Lost task 0.3 in stage 11254.0 (TID 118137) (vm-89243710 executor 2): org.apache.spark.SparkException: [TASK_WRITE_FAILED] Task failed while writing rows to abfss://fefdb483-d26c-4bd9-9a4f-0c41cc786770@onelake.dfs.fabric.microsoft.com/d286fa39-f255-4ba7-a982-32cb69362ef7/Tables/silver/slv_referral_provider_message.
	at org.apache.spark.sql.errors.QueryExecutionErrors$.taskFailedWhileWritingRowsError(QueryExecutionErrors.scala:777)
	at org.apache.spark.sql.delta.files.DeltaFileFormatWriter$.executeTask(DeltaFileFormatWriter.scala:621)
	at org.apache.spark.sql.delta.files.DeltaFileFormatWriter$.$anonfun$executeWrite$4(DeltaFileFormatWriter.scala:387)
	at org.apache.spark.scheduler.ResultTask.runTask(ResultTask.scala:93)
	at org.apache.spark.TaskContext.runTaskWithListeners(TaskContext.scala:166)
	at org.apache.spark.scheduler.Task.run(Task.scala:141)
	at org.apache.spark.executor.Executor$TaskRunner.$anonfun$run$4(Executor.scala:636)
	at org.apache.spark.util.SparkErrorUtils.tryWithSafeFinally(SparkErrorUtils.scala:64)
	at org.apache.spark.util.SparkErrorUtils.tryWithSafeFinally$(SparkErrorUtils.scala:61)
	at org.apache.spark.util.Utils$.tryWithSafeFinally(Utils.scala:95)
	at org.apache.spark.executor.Executor$TaskRunner.run(Executor.scala:639)
	at java.base/java.util.concurrent.ThreadPoolExecutor.runWorker(ThreadPoolExecutor.java:1128)
	at java.base/java.util.concurrent.ThreadPoolExecutor$Worker.run(ThreadPoolExecutor.java:628)
	at java.base/java.lang.Thread.run(Thread.java:829)
Caused by: org.apache.spark.SparkUpgradeException: [INCONSISTENT_BEHAVIOR_CROSS_VERSION.PARSE_DATETIME_BY_NEW_PARSER] You may get a different result due to the upgrading to Spark >= 3.0:
Fail to parse '2026-06-23 16:12:02.292421' in the new parser. You can set ""spark.sql.legacy.timeParserPolicy"" to ""LEGACY"" to restore the behavior before Spark 3.0, or set to ""CORRECTED"" and treat it as an invalid datetime string.
	at org.apache.spark.sql.errors.ExecutionErrors.failToParseDateTimeInNewParserError(ExecutionErrors.scala:54)
	at org.apache.spark.sql.errors.ExecutionErrors.failToParseDateTimeInNewParserError$(ExecutionErrors.scala:48)
	at org.apache.spark.sql.errors.ExecutionErrors$.failToParseDateTimeInNewParserError(ExecutionErrors.scala:218)
	at org.apache.spark.sql.catalyst.util.DateTimeFormatterHelper$$anonfun$checkParsedDiff$1.applyOrElse(DateTimeFormatterHelper.scala:142)
	at org.apache.spark.sql.catalyst.util.DateTimeFormatterHelper$$anonfun$checkParsedDiff$1.applyOrElse(DateTimeFormatterHelper.scala:135)
	at scala.runtime.AbstractPartialFunction.apply(AbstractPartialFunction.scala:38)
	at org.apache.spark.sql.catalyst.util.Iso8601TimestampFormatter.parse(TimestampFormatter.scala:195)
	at org.apache.spark.sql.catalyst.expressions.GeneratedClass$GeneratedIteratorForCodegenStage3.processNext(Unknown Source)
	at org.apache.spark.sql.execution.BufferedRowIterator.hasNext(BufferedRowIterator.java:43)
	at org.apache.spark.sql.execution.WholeStageCodegenEvaluatorFactory$WholeStageCodegenPartitionEvaluator$$anon$1.hasNext(WholeStageCodegenEvaluatorFactory.scala:43)
	at org.apache.spark.sql.execution.datasources.FileFormatDataWriter.writeWithIterator(FileFormatDataWriter.scala:121)
	at org.apache.spark.sql.delta.files.DeltaFileFormatWriter$.$anonfun$executeTask$3(DeltaFileFormatWriter.scala:603)
	at org.apache.spark.util.Utils$.tryWithSafeFinallyAndFailureCallbacks(Utils.scala:1398)
	at org.apache.spark.sql.delta.files.DeltaFileFormatWriter$.executeTask(DeltaFileFormatWriter.scala:611)
	... 12 more
Caused by: java.time.format.DateTimeParseException: Text '2026-06-23 16:12:02.292421' could not be parsed, unparsed text found at index 19
	at java.base/java.time.format.DateTimeFormatter.parseResolved0(DateTimeFormatter.java:2049)
	at java.base/java.time.format.DateTimeFormatter.parse(",2026-08-04 17:17:18.354271,
ARCHIVE,archived,archived.offer_view_history,silver.offer_view_history,2026-07-04 00:00:00.000000,FAILED,False,1,6d5b71dc-89d7-4fd2-b33f-6bb79b1845cd,0.0,0.0,0.0,2026-08-04 17:12:50.685026,2026-08-04 17:12:56.646319,"An error occurred while calling o36706.saveAsTable.
: org.apache.spark.SparkException: Job aborted due to stage failure: Task 0 in stage 9781.0 failed 4 times, most recent failure: Lost task 0.3 in stage 9781.0 (TID 102653) (vm-6e727419 executor 3): org.apache.spark.SparkException: [TASK_WRITE_FAILED] Task failed while writing rows to abfss://fefdb483-d26c-4bd9-9a4f-0c41cc786770@onelake.dfs.fabric.microsoft.com/d286fa39-f255-4ba7-a982-32cb69362ef7/Tables/silver/slv_offer_view_history.
	at org.apache.spark.sql.errors.QueryExecutionErrors$.taskFailedWhileWritingRowsError(QueryExecutionErrors.scala:777)
	at org.apache.spark.sql.delta.files.DeltaFileFormatWriter$.executeTask(DeltaFileFormatWriter.scala:621)
	at org.apache.spark.sql.delta.files.DeltaFileFormatWriter$.$anonfun$executeWrite$4(DeltaFileFormatWriter.scala:387)
	at org.apache.spark.scheduler.ResultTask.runTask(ResultTask.scala:93)
	at org.apache.spark.TaskContext.runTaskWithListeners(TaskContext.scala:166)
	at org.apache.spark.scheduler.Task.run(Task.scala:141)
	at org.apache.spark.executor.Executor$TaskRunner.$anonfun$run$4(Executor.scala:636)
	at org.apache.spark.util.SparkErrorUtils.tryWithSafeFinally(SparkErrorUtils.scala:64)
	at org.apache.spark.util.SparkErrorUtils.tryWithSafeFinally$(SparkErrorUtils.scala:61)
	at org.apache.spark.util.Utils$.tryWithSafeFinally(Utils.scala:95)
	at org.apache.spark.executor.Executor$TaskRunner.run(Executor.scala:639)
	at java.base/java.util.concurrent.ThreadPoolExecutor.runWorker(ThreadPoolExecutor.java:1128)
	at java.base/java.util.concurrent.ThreadPoolExecutor$Worker.run(ThreadPoolExecutor.java:628)
	at java.base/java.lang.Thread.run(Thread.java:829)
Caused by: org.apache.spark.SparkUpgradeException: [INCONSISTENT_BEHAVIOR_CROSS_VERSION.PARSE_DATETIME_BY_NEW_PARSER] You may get a different result due to the upgrading to Spark >= 3.0:
Fail to parse '2026-07-02 08:52:06.862924' in the new parser. You can set ""spark.sql.legacy.timeParserPolicy"" to ""LEGACY"" to restore the behavior before Spark 3.0, or set to ""CORRECTED"" and treat it as an invalid datetime string.
	at org.apache.spark.sql.errors.ExecutionErrors.failToParseDateTimeInNewParserError(ExecutionErrors.scala:54)
	at org.apache.spark.sql.errors.ExecutionErrors.failToParseDateTimeInNewParserError$(ExecutionErrors.scala:48)
	at org.apache.spark.sql.errors.ExecutionErrors$.failToParseDateTimeInNewParserError(ExecutionErrors.scala:218)
	at org.apache.spark.sql.catalyst.util.DateTimeFormatterHelper$$anonfun$checkParsedDiff$1.applyOrElse(DateTimeFormatterHelper.scala:142)
	at org.apache.spark.sql.catalyst.util.DateTimeFormatterHelper$$anonfun$checkParsedDiff$1.applyOrElse(DateTimeFormatterHelper.scala:135)
	at scala.runtime.AbstractPartialFunction.apply(AbstractPartialFunction.scala:38)
	at org.apache.spark.sql.catalyst.util.Iso8601TimestampFormatter.parse(TimestampFormatter.scala:195)
	at org.apache.spark.sql.catalyst.expressions.GeneratedClass$GeneratedIteratorForCodegenStage3.processNext(Unknown Source)
	at org.apache.spark.sql.execution.BufferedRowIterator.hasNext(BufferedRowIterator.java:43)
	at org.apache.spark.sql.execution.WholeStageCodegenEvaluatorFactory$WholeStageCodegenPartitionEvaluator$$anon$1.hasNext(WholeStageCodegenEvaluatorFactory.scala:43)
	at org.apache.spark.sql.execution.datasources.FileFormatDataWriter.writeWithIterator(FileFormatDataWriter.scala:121)
	at org.apache.spark.sql.delta.files.DeltaFileFormatWriter$.$anonfun$executeTask$3(DeltaFileFormatWriter.scala:603)
	at org.apache.spark.util.Utils$.tryWithSafeFinallyAndFailureCallbacks(Utils.scala:1398)
	at org.apache.spark.sql.delta.files.DeltaFileFormatWriter$.executeTask(DeltaFileFormatWriter.scala:611)
	... 12 more
Caused by: java.time.format.DateTimeParseException: Text '2026-07-02 08:52:06.862924' could not be parsed, unparsed text found at index 19
	at java.base/java.time.format.DateTimeFormatter.parseResolved0(DateTimeFormatter.java:2049)
	at java.base/java.time.format.DateTimeFormatter.parse(DateTimeF",2026-08-04 17:12:56.646319,
ARCHIVE,archived,archived.offer_view_history,silver.offer_view_history,2026-07-06 00:00:00.000000,FAILED,False,1,6d5b71dc-89d7-4fd2-b33f-6bb79b1845cd,0.0,0.0,0.0,2026-08-04 17:27:06.904222,2026-08-04 17:27:12.938346,"An error occurred while calling o51066.saveAsTable.
: org.apache.spark.SparkException: Job aborted due to stage failure: Task 0 in stage 14495.0 failed 4 times, most recent failure: Lost task 0.3 in stage 14495.0 (TID 152799) (vm-89243710 executor 2): org.apache.spark.SparkException: [TASK_WRITE_FAILED] Task failed while writing rows to abfss://fefdb483-d26c-4bd9-9a4f-0c41cc786770@onelake.dfs.fabric.microsoft.com/d286fa39-f255-4ba7-a982-32cb69362ef7/Tables/silver/slv_offer_view_history.
	at org.apache.spark.sql.errors.QueryExecutionErrors$.taskFailedWhileWritingRowsError(QueryExecutionErrors.scala:777)
	at org.apache.spark.sql.delta.files.DeltaFileFormatWriter$.executeTask(DeltaFileFormatWriter.scala:621)
	at org.apache.spark.sql.delta.files.DeltaFileFormatWriter$.$anonfun$executeWrite$4(DeltaFileFormatWriter.scala:387)
	at org.apache.spark.scheduler.ResultTask.runTask(ResultTask.scala:93)
	at org.apache.spark.TaskContext.runTaskWithListeners(TaskContext.scala:166)
	at org.apache.spark.scheduler.Task.run(Task.scala:141)
	at org.apache.spark.executor.Executor$TaskRunner.$anonfun$run$4(Executor.scala:636)
	at org.apache.spark.util.SparkErrorUtils.tryWithSafeFinally(SparkErrorUtils.scala:64)
	at org.apache.spark.util.SparkErrorUtils.tryWithSafeFinally$(SparkErrorUtils.scala:61)
	at org.apache.spark.util.Utils$.tryWithSafeFinally(Utils.scala:95)
	at org.apache.spark.executor.Executor$TaskRunner.run(Executor.scala:639)
	at java.base/java.util.concurrent.ThreadPoolExecutor.runWorker(ThreadPoolExecutor.java:1128)
	at java.base/java.util.concurrent.ThreadPoolExecutor$Worker.run(ThreadPoolExecutor.java:628)
	at java.base/java.lang.Thread.run(Thread.java:829)
Caused by: org.apache.spark.SparkUpgradeException: [INCONSISTENT_BEHAVIOR_CROSS_VERSION.PARSE_DATETIME_BY_NEW_PARSER] You may get a different result due to the upgrading to Spark >= 3.0:
Fail to parse '2026-07-02 08:52:06.862924' in the new parser. You can set ""spark.sql.legacy.timeParserPolicy"" to ""LEGACY"" to restore the behavior before Spark 3.0, or set to ""CORRECTED"" and treat it as an invalid datetime string.
	at org.apache.spark.sql.errors.ExecutionErrors.failToParseDateTimeInNewParserError(ExecutionErrors.scala:54)
	at org.apache.spark.sql.errors.ExecutionErrors.failToParseDateTimeInNewParserError$(ExecutionErrors.scala:48)
	at org.apache.spark.sql.errors.ExecutionErrors$.failToParseDateTimeInNewParserError(ExecutionErrors.scala:218)
	at org.apache.spark.sql.catalyst.util.DateTimeFormatterHelper$$anonfun$checkParsedDiff$1.applyOrElse(DateTimeFormatterHelper.scala:142)
	at org.apache.spark.sql.catalyst.util.DateTimeFormatterHelper$$anonfun$checkParsedDiff$1.applyOrElse(DateTimeFormatterHelper.scala:135)
	at scala.runtime.AbstractPartialFunction.apply(AbstractPartialFunction.scala:38)
	at org.apache.spark.sql.catalyst.util.Iso8601TimestampFormatter.parse(TimestampFormatter.scala:195)
	at org.apache.spark.sql.catalyst.expressions.GeneratedClass$GeneratedIteratorForCodegenStage3.processNext(Unknown Source)
	at org.apache.spark.sql.execution.BufferedRowIterator.hasNext(BufferedRowIterator.java:43)
	at org.apache.spark.sql.execution.WholeStageCodegenEvaluatorFactory$WholeStageCodegenPartitionEvaluator$$anon$1.hasNext(WholeStageCodegenEvaluatorFactory.scala:43)
	at org.apache.spark.sql.execution.datasources.FileFormatDataWriter.writeWithIterator(FileFormatDataWriter.scala:121)
	at org.apache.spark.sql.delta.files.DeltaFileFormatWriter$.$anonfun$executeTask$3(DeltaFileFormatWriter.scala:603)
	at org.apache.spark.util.Utils$.tryWithSafeFinallyAndFailureCallbacks(Utils.scala:1398)
	at org.apache.spark.sql.delta.files.DeltaFileFormatWriter$.executeTask(DeltaFileFormatWriter.scala:611)
	... 12 more
Caused by: java.time.format.DateTimeParseException: Text '2026-07-02 08:52:06.862924' could not be parsed, unparsed text found at index 19
	at java.base/java.time.format.DateTimeFormatter.parseResolved0(DateTimeFormatter.java:2049)
	at java.base/java.time.format.DateTimeFormatter.parse(DateTim",2026-08-04 17:27:12.938346,
ARCHIVE,archived,archived.offer_view_history,silver.offer_view_history,2026-07-08 00:00:00.000000,FAILED,False,1,6d5b71dc-89d7-4fd2-b33f-6bb79b1845cd,0.0,0.0,0.0,2026-08-04 17:43:31.150803,2026-08-04 17:43:38.054376,"An error occurred while calling o66596.saveAsTable.
: org.apache.spark.SparkException: Job aborted due to stage failure: Task 0 in stage 19697.0 failed 4 times, most recent failure: Lost task 0.3 in stage 19697.0 (TID 208026) (vm-89243710 executor 2): org.apache.spark.SparkException: [TASK_WRITE_FAILED] Task failed while writing rows to abfss://fefdb483-d26c-4bd9-9a4f-0c41cc786770@onelake.dfs.fabric.microsoft.com/d286fa39-f255-4ba7-a982-32cb69362ef7/Tables/silver/slv_offer_view_history.
	at org.apache.spark.sql.errors.QueryExecutionErrors$.taskFailedWhileWritingRowsError(QueryExecutionErrors.scala:777)
	at org.apache.spark.sql.delta.files.DeltaFileFormatWriter$.executeTask(DeltaFileFormatWriter.scala:621)
	at org.apache.spark.sql.delta.files.DeltaFileFormatWriter$.$anonfun$executeWrite$4(DeltaFileFormatWriter.scala:387)
	at org.apache.spark.scheduler.ResultTask.runTask(ResultTask.scala:93)
	at org.apache.spark.TaskContext.runTaskWithListeners(TaskContext.scala:166)
	at org.apache.spark.scheduler.Task.run(Task.scala:141)
	at org.apache.spark.executor.Executor$TaskRunner.$anonfun$run$4(Executor.scala:636)
	at org.apache.spark.util.SparkErrorUtils.tryWithSafeFinally(SparkErrorUtils.scala:64)
	at org.apache.spark.util.SparkErrorUtils.tryWithSafeFinally$(SparkErrorUtils.scala:61)
	at org.apache.spark.util.Utils$.tryWithSafeFinally(Utils.scala:95)
	at org.apache.spark.executor.Executor$TaskRunner.run(Executor.scala:639)
	at java.base/java.util.concurrent.ThreadPoolExecutor.runWorker(ThreadPoolExecutor.java:1128)
	at java.base/java.util.concurrent.ThreadPoolExecutor$Worker.run(ThreadPoolExecutor.java:628)
	at java.base/java.lang.Thread.run(Thread.java:829)
Caused by: org.apache.spark.SparkUpgradeException: [INCONSISTENT_BEHAVIOR_CROSS_VERSION.PARSE_DATETIME_BY_NEW_PARSER] You may get a different result due to the upgrading to Spark >= 3.0:
Fail to parse '2026-07-02 08:52:06.862924' in the new parser. You can set ""spark.sql.legacy.timeParserPolicy"" to ""LEGACY"" to restore the behavior before Spark 3.0, or set to ""CORRECTED"" and treat it as an invalid datetime string.
	at org.apache.spark.sql.errors.ExecutionErrors.failToParseDateTimeInNewParserError(ExecutionErrors.scala:54)
	at org.apache.spark.sql.errors.ExecutionErrors.failToParseDateTimeInNewParserError$(ExecutionErrors.scala:48)
	at org.apache.spark.sql.errors.ExecutionErrors$.failToParseDateTimeInNewParserError(ExecutionErrors.scala:218)
	at org.apache.spark.sql.catalyst.util.DateTimeFormatterHelper$$anonfun$checkParsedDiff$1.applyOrElse(DateTimeFormatterHelper.scala:142)
	at org.apache.spark.sql.catalyst.util.DateTimeFormatterHelper$$anonfun$checkParsedDiff$1.applyOrElse(DateTimeFormatterHelper.scala:135)
	at scala.runtime.AbstractPartialFunction.apply(AbstractPartialFunction.scala:38)
	at org.apache.spark.sql.catalyst.util.Iso8601TimestampFormatter.parse(TimestampFormatter.scala:195)
	at org.apache.spark.sql.catalyst.expressions.GeneratedClass$GeneratedIteratorForCodegenStage3.processNext(Unknown Source)
	at org.apache.spark.sql.execution.BufferedRowIterator.hasNext(BufferedRowIterator.java:43)
	at org.apache.spark.sql.execution.WholeStageCodegenEvaluatorFactory$WholeStageCodegenPartitionEvaluator$$anon$1.hasNext(WholeStageCodegenEvaluatorFactory.scala:43)
	at org.apache.spark.sql.execution.datasources.FileFormatDataWriter.writeWithIterator(FileFormatDataWriter.scala:121)
	at org.apache.spark.sql.delta.files.DeltaFileFormatWriter$.$anonfun$executeTask$3(DeltaFileFormatWriter.scala:603)
	at org.apache.spark.util.Utils$.tryWithSafeFinallyAndFailureCallbacks(Utils.scala:1398)
	at org.apache.spark.sql.delta.files.DeltaFileFormatWriter$.executeTask(DeltaFileFormatWriter.scala:611)
	... 12 more
Caused by: java.time.format.DateTimeParseException: Text '2026-07-02 08:52:06.862924' could not be parsed, unparsed text found at index 19
	at java.base/java.time.format.DateTimeFormatter.parseResolved0(DateTimeFormatter.java:2049)
	at java.base/java.time.format.DateTimeFormatter.parse(DateTim",2026-08-04 17:43:38.054376,
ARCHIVE,archived,archived.offer_view_history,silver.offer_view_history,2026-07-05 00:00:00.000000,FAILED,False,1,6d5b71dc-89d7-4fd2-b33f-6bb79b1845cd,0.0,0.0,0.0,2026-08-04 17:19:31.286499,2026-08-04 17:19:38.638333,"An error occurred while calling o43512.saveAsTable.
: org.apache.spark.SparkException: Job aborted due to stage failure: Task 0 in stage 12024.0 failed 4 times, most recent failure: Lost task 0.3 in stage 12024.0 (TID 126566) (vm-6e727419 executor 3): org.apache.spark.SparkException: [TASK_WRITE_FAILED] Task failed while writing rows to abfss://fefdb483-d26c-4bd9-9a4f-0c41cc786770@onelake.dfs.fabric.microsoft.com/d286fa39-f255-4ba7-a982-32cb69362ef7/Tables/silver/slv_offer_view_history.
	at org.apache.spark.sql.errors.QueryExecutionErrors$.taskFailedWhileWritingRowsError(QueryExecutionErrors.scala:777)
	at org.apache.spark.sql.delta.files.DeltaFileFormatWriter$.executeTask(DeltaFileFormatWriter.scala:621)
	at org.apache.spark.sql.delta.files.DeltaFileFormatWriter$.$anonfun$executeWrite$4(DeltaFileFormatWriter.scala:387)
	at org.apache.spark.scheduler.ResultTask.runTask(ResultTask.scala:93)
	at org.apache.spark.TaskContext.runTaskWithListeners(TaskContext.scala:166)
	at org.apache.spark.scheduler.Task.run(Task.scala:141)
	at org.apache.spark.executor.Executor$TaskRunner.$anonfun$run$4(Executor.scala:636)
	at org.apache.spark.util.SparkErrorUtils.tryWithSafeFinally(SparkErrorUtils.scala:64)
	at org.apache.spark.util.SparkErrorUtils.tryWithSafeFinally$(SparkErrorUtils.scala:61)
	at org.apache.spark.util.Utils$.tryWithSafeFinally(Utils.scala:95)
	at org.apache.spark.executor.Executor$TaskRunner.run(Executor.scala:639)
	at java.base/java.util.concurrent.ThreadPoolExecutor.runWorker(ThreadPoolExecutor.java:1128)
	at java.base/java.util.concurrent.ThreadPoolExecutor$Worker.run(ThreadPoolExecutor.java:628)
	at java.base/java.lang.Thread.run(Thread.java:829)
Caused by: org.apache.spark.SparkUpgradeException: [INCONSISTENT_BEHAVIOR_CROSS_VERSION.PARSE_DATETIME_BY_NEW_PARSER] You may get a different result due to the upgrading to Spark >= 3.0:
Fail to parse '2026-07-02 08:52:06.862924' in the new parser. You can set ""spark.sql.legacy.timeParserPolicy"" to ""LEGACY"" to restore the behavior before Spark 3.0, or set to ""CORRECTED"" and treat it as an invalid datetime string.
	at org.apache.spark.sql.errors.ExecutionErrors.failToParseDateTimeInNewParserError(ExecutionErrors.scala:54)
	at org.apache.spark.sql.errors.ExecutionErrors.failToParseDateTimeInNewParserError$(ExecutionErrors.scala:48)
	at org.apache.spark.sql.errors.ExecutionErrors$.failToParseDateTimeInNewParserError(ExecutionErrors.scala:218)
	at org.apache.spark.sql.catalyst.util.DateTimeFormatterHelper$$anonfun$checkParsedDiff$1.applyOrElse(DateTimeFormatterHelper.scala:142)
	at org.apache.spark.sql.catalyst.util.DateTimeFormatterHelper$$anonfun$checkParsedDiff$1.applyOrElse(DateTimeFormatterHelper.scala:135)
	at scala.runtime.AbstractPartialFunction.apply(AbstractPartialFunction.scala:38)
	at org.apache.spark.sql.catalyst.util.Iso8601TimestampFormatter.parse(TimestampFormatter.scala:195)
	at org.apache.spark.sql.catalyst.expressions.GeneratedClass$GeneratedIteratorForCodegenStage3.processNext(Unknown Source)
	at org.apache.spark.sql.execution.BufferedRowIterator.hasNext(BufferedRowIterator.java:43)
	at org.apache.spark.sql.execution.WholeStageCodegenEvaluatorFactory$WholeStageCodegenPartitionEvaluator$$anon$1.hasNext(WholeStageCodegenEvaluatorFactory.scala:43)
	at org.apache.spark.sql.execution.datasources.FileFormatDataWriter.writeWithIterator(FileFormatDataWriter.scala:121)
	at org.apache.spark.sql.delta.files.DeltaFileFormatWriter$.$anonfun$executeTask$3(DeltaFileFormatWriter.scala:603)
	at org.apache.spark.util.Utils$.tryWithSafeFinallyAndFailureCallbacks(Utils.scala:1398)
	at org.apache.spark.sql.delta.files.DeltaFileFormatWriter$.executeTask(DeltaFileFormatWriter.scala:611)
	... 12 more
Caused by: java.time.format.DateTimeParseException: Text '2026-07-02 08:52:06.862924' could not be parsed, unparsed text found at index 19
	at java.base/java.time.format.DateTimeFormatter.parseResolved0(DateTimeFormatter.java:2049)
	at java.base/java.time.format.DateTimeFormatter.parse(DateTim",2026-08-04 17:19:38.638333,
ARCHIVE,archived,archived.offer_view_history,silver.offer_view_history,2026-07-07 00:00:00.000000,FAILED,False,1,6d5b71dc-89d7-4fd2-b33f-6bb79b1845cd,0.0,0.0,0.0,2026-08-04 17:35:24.378910,2026-08-04 17:35:30.270372,"An error occurred while calling o58831.saveAsTable.
: org.apache.spark.SparkException: Job aborted due to stage failure: Task 0 in stage 17092.0 failed 4 times, most recent failure: Lost task 0.3 in stage 17092.0 (TID 180332) (vm-89243710 executor 2): org.apache.spark.SparkException: [TASK_WRITE_FAILED] Task failed while writing rows to abfss://fefdb483-d26c-4bd9-9a4f-0c41cc786770@onelake.dfs.fabric.microsoft.com/d286fa39-f255-4ba7-a982-32cb69362ef7/Tables/silver/slv_offer_view_history.
	at org.apache.spark.sql.errors.QueryExecutionErrors$.taskFailedWhileWritingRowsError(QueryExecutionErrors.scala:777)
	at org.apache.spark.sql.delta.files.DeltaFileFormatWriter$.executeTask(DeltaFileFormatWriter.scala:621)
	at org.apache.spark.sql.delta.files.DeltaFileFormatWriter$.$anonfun$executeWrite$4(DeltaFileFormatWriter.scala:387)
	at org.apache.spark.scheduler.ResultTask.runTask(ResultTask.scala:93)
	at org.apache.spark.TaskContext.runTaskWithListeners(TaskContext.scala:166)
	at org.apache.spark.scheduler.Task.run(Task.scala:141)
	at org.apache.spark.executor.Executor$TaskRunner.$anonfun$run$4(Executor.scala:636)
	at org.apache.spark.util.SparkErrorUtils.tryWithSafeFinally(SparkErrorUtils.scala:64)
	at org.apache.spark.util.SparkErrorUtils.tryWithSafeFinally$(SparkErrorUtils.scala:61)
	at org.apache.spark.util.Utils$.tryWithSafeFinally(Utils.scala:95)
	at org.apache.spark.executor.Executor$TaskRunner.run(Executor.scala:639)
	at java.base/java.util.concurrent.ThreadPoolExecutor.runWorker(ThreadPoolExecutor.java:1128)
	at java.base/java.util.concurrent.ThreadPoolExecutor$Worker.run(ThreadPoolExecutor.java:628)
	at java.base/java.lang.Thread.run(Thread.java:829)
Caused by: org.apache.spark.SparkUpgradeException: [INCONSISTENT_BEHAVIOR_CROSS_VERSION.PARSE_DATETIME_BY_NEW_PARSER] You may get a different result due to the upgrading to Spark >= 3.0:
Fail to parse '2026-07-02 08:52:06.862924' in the new parser. You can set ""spark.sql.legacy.timeParserPolicy"" to ""LEGACY"" to restore the behavior before Spark 3.0, or set to ""CORRECTED"" and treat it as an invalid datetime string.
	at org.apache.spark.sql.errors.ExecutionErrors.failToParseDateTimeInNewParserError(ExecutionErrors.scala:54)
	at org.apache.spark.sql.errors.ExecutionErrors.failToParseDateTimeInNewParserError$(ExecutionErrors.scala:48)
	at org.apache.spark.sql.errors.ExecutionErrors$.failToParseDateTimeInNewParserError(ExecutionErrors.scala:218)
	at org.apache.spark.sql.catalyst.util.DateTimeFormatterHelper$$anonfun$checkParsedDiff$1.applyOrElse(DateTimeFormatterHelper.scala:142)
	at org.apache.spark.sql.catalyst.util.DateTimeFormatterHelper$$anonfun$checkParsedDiff$1.applyOrElse(DateTimeFormatterHelper.scala:135)
	at scala.runtime.AbstractPartialFunction.apply(AbstractPartialFunction.scala:38)
	at org.apache.spark.sql.catalyst.util.Iso8601TimestampFormatter.parse(TimestampFormatter.scala:195)
	at org.apache.spark.sql.catalyst.expressions.GeneratedClass$GeneratedIteratorForCodegenStage3.processNext(Unknown Source)
	at org.apache.spark.sql.execution.BufferedRowIterator.hasNext(BufferedRowIterator.java:43)
	at org.apache.spark.sql.execution.WholeStageCodegenEvaluatorFactory$WholeStageCodegenPartitionEvaluator$$anon$1.hasNext(WholeStageCodegenEvaluatorFactory.scala:43)
	at org.apache.spark.sql.execution.datasources.FileFormatDataWriter.writeWithIterator(FileFormatDataWriter.scala:121)
	at org.apache.spark.sql.delta.files.DeltaFileFormatWriter$.$anonfun$executeTask$3(DeltaFileFormatWriter.scala:603)
	at org.apache.spark.util.Utils$.tryWithSafeFinallyAndFailureCallbacks(Utils.scala:1398)
	at org.apache.spark.sql.delta.files.DeltaFileFormatWriter$.executeTask(DeltaFileFormatWriter.scala:611)
	... 12 more
Caused by: java.time.format.DateTimeParseException: Text '2026-07-02 08:52:06.862924' could not be parsed, unparsed text found at index 19
	at java.base/java.time.format.DateTimeFormatter.parseResolved0(DateTimeFormatter.java:2049)
	at java.base/java.time.format.DateTimeFormatter.parse(DateTim",2026-08-04 17:35:30.270372,
ARCHIVE,archived,archived.offer_updates,silver.offer_updates,2026-07-04 00:00:00.000000,FAILED,False,1,6d5b71dc-89d7-4fd2-b33f-6bb79b1845cd,0.0,0.0,0.0,2026-08-04 17:12:37.373634,2026-08-04 17:12:43.270257,"An error occurred while calling o36496.saveAsTable.
: org.apache.spark.SparkException: Job aborted due to stage failure: Task 0 in stage 9711.0 failed 4 times, most recent failure: Lost task 0.3 in stage 9711.0 (TID 101811) (vm-89243710 executor 2): org.apache.spark.SparkException: [TASK_WRITE_FAILED] Task failed while writing rows to abfss://fefdb483-d26c-4bd9-9a4f-0c41cc786770@onelake.dfs.fabric.microsoft.com/d286fa39-f255-4ba7-a982-32cb69362ef7/Tables/silver/slv_offer_updates.
	at org.apache.spark.sql.errors.QueryExecutionErrors$.taskFailedWhileWritingRowsError(QueryExecutionErrors.scala:777)
	at org.apache.spark.sql.delta.files.DeltaFileFormatWriter$.executeTask(DeltaFileFormatWriter.scala:621)
	at org.apache.spark.sql.delta.files.DeltaFileFormatWriter$.$anonfun$executeWrite$4(DeltaFileFormatWriter.scala:387)
	at org.apache.spark.scheduler.ResultTask.runTask(ResultTask.scala:93)
	at org.apache.spark.TaskContext.runTaskWithListeners(TaskContext.scala:166)
	at org.apache.spark.scheduler.Task.run(Task.scala:141)
	at org.apache.spark.executor.Executor$TaskRunner.$anonfun$run$4(Executor.scala:636)
	at org.apache.spark.util.SparkErrorUtils.tryWithSafeFinally(SparkErrorUtils.scala:64)
	at org.apache.spark.util.SparkErrorUtils.tryWithSafeFinally$(SparkErrorUtils.scala:61)
	at org.apache.spark.util.Utils$.tryWithSafeFinally(Utils.scala:95)
	at org.apache.spark.executor.Executor$TaskRunner.run(Executor.scala:639)
	at java.base/java.util.concurrent.ThreadPoolExecutor.runWorker(ThreadPoolExecutor.java:1128)
	at java.base/java.util.concurrent.ThreadPoolExecutor$Worker.run(ThreadPoolExecutor.java:628)
	at java.base/java.lang.Thread.run(Thread.java:829)
Caused by: org.apache.spark.SparkUpgradeException: [INCONSISTENT_BEHAVIOR_CROSS_VERSION.PARSE_DATETIME_BY_NEW_PARSER] You may get a different result due to the upgrading to Spark >= 3.0:
Fail to parse '2026-05-07 12:17:02.914538' in the new parser. You can set ""spark.sql.legacy.timeParserPolicy"" to ""LEGACY"" to restore the behavior before Spark 3.0, or set to ""CORRECTED"" and treat it as an invalid datetime string.
	at org.apache.spark.sql.errors.ExecutionErrors.failToParseDateTimeInNewParserError(ExecutionErrors.scala:54)
	at org.apache.spark.sql.errors.ExecutionErrors.failToParseDateTimeInNewParserError$(ExecutionErrors.scala:48)
	at org.apache.spark.sql.errors.ExecutionErrors$.failToParseDateTimeInNewParserError(ExecutionErrors.scala:218)
	at org.apache.spark.sql.catalyst.util.DateTimeFormatterHelper$$anonfun$checkParsedDiff$1.applyOrElse(DateTimeFormatterHelper.scala:142)
	at org.apache.spark.sql.catalyst.util.DateTimeFormatterHelper$$anonfun$checkParsedDiff$1.applyOrElse(DateTimeFormatterHelper.scala:135)
	at scala.runtime.AbstractPartialFunction.apply(AbstractPartialFunction.scala:38)
	at org.apache.spark.sql.catalyst.util.Iso8601TimestampFormatter.parse(TimestampFormatter.scala:195)
	at org.apache.spark.sql.catalyst.expressions.GeneratedClass$GeneratedIteratorForCodegenStage3.processNext(Unknown Source)
	at org.apache.spark.sql.execution.BufferedRowIterator.hasNext(BufferedRowIterator.java:43)
	at org.apache.spark.sql.execution.WholeStageCodegenEvaluatorFactory$WholeStageCodegenPartitionEvaluator$$anon$1.hasNext(WholeStageCodegenEvaluatorFactory.scala:43)
	at org.apache.spark.sql.execution.datasources.FileFormatDataWriter.writeWithIterator(FileFormatDataWriter.scala:121)
	at org.apache.spark.sql.delta.files.DeltaFileFormatWriter$.$anonfun$executeTask$3(DeltaFileFormatWriter.scala:603)
	at org.apache.spark.util.Utils$.tryWithSafeFinallyAndFailureCallbacks(Utils.scala:1398)
	at org.apache.spark.sql.delta.files.DeltaFileFormatWriter$.executeTask(DeltaFileFormatWriter.scala:611)
	... 12 more
Caused by: java.time.format.DateTimeParseException: Text '2026-05-07 12:17:02.914538' could not be parsed, unparsed text found at index 19
	at java.base/java.time.format.DateTimeFormatter.parseResolved0(DateTimeFormatter.java:2049)
	at java.base/java.time.format.DateTimeFormatter.parse(DateTimeFormat",2026-08-04 17:12:43.270257,
ARCHIVE,archived,archived.offer_updates,silver.offer_updates,2026-07-08 00:00:00.000000,FAILED,False,1,6d5b71dc-89d7-4fd2-b33f-6bb79b1845cd,0.0,0.0,0.0,2026-08-04 17:43:17.441074,2026-08-04 17:43:23.522299,"An error occurred while calling o66386.saveAsTable.
: org.apache.spark.SparkException: Job aborted due to stage failure: Task 0 in stage 19627.0 failed 4 times, most recent failure: Lost task 0.3 in stage 19627.0 (TID 207198) (vm-89243710 executor 2): org.apache.spark.SparkException: [TASK_WRITE_FAILED] Task failed while writing rows to abfss://fefdb483-d26c-4bd9-9a4f-0c41cc786770@onelake.dfs.fabric.microsoft.com/d286fa39-f255-4ba7-a982-32cb69362ef7/Tables/silver/slv_offer_updates.
	at org.apache.spark.sql.errors.QueryExecutionErrors$.taskFailedWhileWritingRowsError(QueryExecutionErrors.scala:777)
	at org.apache.spark.sql.delta.files.DeltaFileFormatWriter$.executeTask(DeltaFileFormatWriter.scala:621)
	at org.apache.spark.sql.delta.files.DeltaFileFormatWriter$.$anonfun$executeWrite$4(DeltaFileFormatWriter.scala:387)
	at org.apache.spark.scheduler.ResultTask.runTask(ResultTask.scala:93)
	at org.apache.spark.TaskContext.runTaskWithListeners(TaskContext.scala:166)
	at org.apache.spark.scheduler.Task.run(Task.scala:141)
	at org.apache.spark.executor.Executor$TaskRunner.$anonfun$run$4(Executor.scala:636)
	at org.apache.spark.util.SparkErrorUtils.tryWithSafeFinally(SparkErrorUtils.scala:64)
	at org.apache.spark.util.SparkErrorUtils.tryWithSafeFinally$(SparkErrorUtils.scala:61)
	at org.apache.spark.util.Utils$.tryWithSafeFinally(Utils.scala:95)
	at org.apache.spark.executor.Executor$TaskRunner.run(Executor.scala:639)
	at java.base/java.util.concurrent.ThreadPoolExecutor.runWorker(ThreadPoolExecutor.java:1128)
	at java.base/java.util.concurrent.ThreadPoolExecutor$Worker.run(ThreadPoolExecutor.java:628)
	at java.base/java.lang.Thread.run(Thread.java:829)
Caused by: org.apache.spark.SparkUpgradeException: [INCONSISTENT_BEHAVIOR_CROSS_VERSION.PARSE_DATETIME_BY_NEW_PARSER] You may get a different result due to the upgrading to Spark >= 3.0:
Fail to parse '2026-07-07 15:58:14.799423' in the new parser. You can set ""spark.sql.legacy.timeParserPolicy"" to ""LEGACY"" to restore the behavior before Spark 3.0, or set to ""CORRECTED"" and treat it as an invalid datetime string.
	at org.apache.spark.sql.errors.ExecutionErrors.failToParseDateTimeInNewParserError(ExecutionErrors.scala:54)
	at org.apache.spark.sql.errors.ExecutionErrors.failToParseDateTimeInNewParserError$(ExecutionErrors.scala:48)
	at org.apache.spark.sql.errors.ExecutionErrors$.failToParseDateTimeInNewParserError(ExecutionErrors.scala:218)
	at org.apache.spark.sql.catalyst.util.DateTimeFormatterHelper$$anonfun$checkParsedDiff$1.applyOrElse(DateTimeFormatterHelper.scala:142)
	at org.apache.spark.sql.catalyst.util.DateTimeFormatterHelper$$anonfun$checkParsedDiff$1.applyOrElse(DateTimeFormatterHelper.scala:135)
	at scala.runtime.AbstractPartialFunction.apply(AbstractPartialFunction.scala:38)
	at org.apache.spark.sql.catalyst.util.Iso8601TimestampFormatter.parse(TimestampFormatter.scala:195)
	at org.apache.spark.sql.catalyst.expressions.GeneratedClass$GeneratedIteratorForCodegenStage3.processNext(Unknown Source)
	at org.apache.spark.sql.execution.BufferedRowIterator.hasNext(BufferedRowIterator.java:43)
	at org.apache.spark.sql.execution.WholeStageCodegenEvaluatorFactory$WholeStageCodegenPartitionEvaluator$$anon$1.hasNext(WholeStageCodegenEvaluatorFactory.scala:43)
	at org.apache.spark.sql.execution.datasources.FileFormatDataWriter.writeWithIterator(FileFormatDataWriter.scala:121)
	at org.apache.spark.sql.delta.files.DeltaFileFormatWriter$.$anonfun$executeTask$3(DeltaFileFormatWriter.scala:603)
	at org.apache.spark.util.Utils$.tryWithSafeFinallyAndFailureCallbacks(Utils.scala:1398)
	at org.apache.spark.sql.delta.files.DeltaFileFormatWriter$.executeTask(DeltaFileFormatWriter.scala:611)
	... 12 more
Caused by: java.time.format.DateTimeParseException: Text '2026-07-07 15:58:14.799423' could not be parsed, unparsed text found at index 19
	at java.base/java.time.format.DateTimeFormatter.parseResolved0(DateTimeFormatter.java:2049)
	at java.base/java.time.format.DateTimeFormatter.parse(DateTimeForm",2026-08-04 17:43:23.522299,
ARCHIVE,archived,archived.offer_updates,silver.offer_updates,2026-07-07 00:00:00.000000,FAILED,False,1,6d5b71dc-89d7-4fd2-b33f-6bb79b1845cd,0.0,0.0,0.0,2026-08-04 17:35:10.415074,2026-08-04 17:35:16.438392,"An error occurred while calling o58621.saveAsTable.
: org.apache.spark.SparkException: Job aborted due to stage failure: Task 0 in stage 17022.0 failed 4 times, most recent failure: Lost task 0.3 in stage 17022.0 (TID 179500) (vm-6e727419 executor 3): org.apache.spark.SparkException: [TASK_WRITE_FAILED] Task failed while writing rows to abfss://fefdb483-d26c-4bd9-9a4f-0c41cc786770@onelake.dfs.fabric.microsoft.com/d286fa39-f255-4ba7-a982-32cb69362ef7/Tables/silver/slv_offer_updates.
	at org.apache.spark.sql.errors.QueryExecutionErrors$.taskFailedWhileWritingRowsError(QueryExecutionErrors.scala:777)
	at org.apache.spark.sql.delta.files.DeltaFileFormatWriter$.executeTask(DeltaFileFormatWriter.scala:621)
	at org.apache.spark.sql.delta.files.DeltaFileFormatWriter$.$anonfun$executeWrite$4(DeltaFileFormatWriter.scala:387)
	at org.apache.spark.scheduler.ResultTask.runTask(ResultTask.scala:93)
	at org.apache.spark.TaskContext.runTaskWithListeners(TaskContext.scala:166)
	at org.apache.spark.scheduler.Task.run(Task.scala:141)
	at org.apache.spark.executor.Executor$TaskRunner.$anonfun$run$4(Executor.scala:636)
	at org.apache.spark.util.SparkErrorUtils.tryWithSafeFinally(SparkErrorUtils.scala:64)
	at org.apache.spark.util.SparkErrorUtils.tryWithSafeFinally$(SparkErrorUtils.scala:61)
	at org.apache.spark.util.Utils$.tryWithSafeFinally(Utils.scala:95)
	at org.apache.spark.executor.Executor$TaskRunner.run(Executor.scala:639)
	at java.base/java.util.concurrent.ThreadPoolExecutor.runWorker(ThreadPoolExecutor.java:1128)
	at java.base/java.util.concurrent.ThreadPoolExecutor$Worker.run(ThreadPoolExecutor.java:628)
	at java.base/java.lang.Thread.run(Thread.java:829)
Caused by: org.apache.spark.SparkUpgradeException: [INCONSISTENT_BEHAVIOR_CROSS_VERSION.PARSE_DATETIME_BY_NEW_PARSER] You may get a different result due to the upgrading to Spark >= 3.0:
Fail to parse '2026-07-07 15:58:14.799423' in the new parser. You can set ""spark.sql.legacy.timeParserPolicy"" to ""LEGACY"" to restore the behavior before Spark 3.0, or set to ""CORRECTED"" and treat it as an invalid datetime string.
	at org.apache.spark.sql.errors.ExecutionErrors.failToParseDateTimeInNewParserError(ExecutionErrors.scala:54)
	at org.apache.spark.sql.errors.ExecutionErrors.failToParseDateTimeInNewParserError$(ExecutionErrors.scala:48)
	at org.apache.spark.sql.errors.ExecutionErrors$.failToParseDateTimeInNewParserError(ExecutionErrors.scala:218)
	at org.apache.spark.sql.catalyst.util.DateTimeFormatterHelper$$anonfun$checkParsedDiff$1.applyOrElse(DateTimeFormatterHelper.scala:142)
	at org.apache.spark.sql.catalyst.util.DateTimeFormatterHelper$$anonfun$checkParsedDiff$1.applyOrElse(DateTimeFormatterHelper.scala:135)
	at scala.runtime.AbstractPartialFunction.apply(AbstractPartialFunction.scala:38)
	at org.apache.spark.sql.catalyst.util.Iso8601TimestampFormatter.parse(TimestampFormatter.scala:195)
	at org.apache.spark.sql.catalyst.expressions.GeneratedClass$GeneratedIteratorForCodegenStage3.processNext(Unknown Source)
	at org.apache.spark.sql.execution.BufferedRowIterator.hasNext(BufferedRowIterator.java:43)
	at org.apache.spark.sql.execution.WholeStageCodegenEvaluatorFactory$WholeStageCodegenPartitionEvaluator$$anon$1.hasNext(WholeStageCodegenEvaluatorFactory.scala:43)
	at org.apache.spark.sql.execution.datasources.FileFormatDataWriter.writeWithIterator(FileFormatDataWriter.scala:121)
	at org.apache.spark.sql.delta.files.DeltaFileFormatWriter$.$anonfun$executeTask$3(DeltaFileFormatWriter.scala:603)
	at org.apache.spark.util.Utils$.tryWithSafeFinallyAndFailureCallbacks(Utils.scala:1398)
	at org.apache.spark.sql.delta.files.DeltaFileFormatWriter$.executeTask(DeltaFileFormatWriter.scala:611)
	... 12 more
Caused by: java.time.format.DateTimeParseException: Text '2026-07-07 15:58:14.799423' could not be parsed, unparsed text found at index 19
	at java.base/java.time.format.DateTimeFormatter.parseResolved0(DateTimeFormatter.java:2049)
	at java.base/java.time.format.DateTimeFormatter.parse(DateTimeForm",2026-08-04 17:35:16.438392,
ARCHIVE,archived,archived.offer_updates,silver.offer_updates,2026-07-05 00:00:00.000000,FAILED,False,1,6d5b71dc-89d7-4fd2-b33f-6bb79b1845cd,0.0,0.0,0.0,2026-08-04 17:19:18.068826,2026-08-04 17:19:23.986290,"An error occurred while calling o43302.saveAsTable.
: org.apache.spark.SparkException: Job aborted due to stage failure: Task 0 in stage 11943.0 failed 4 times, most recent failure: Lost task 0.3 in stage 11943.0 (TID 125607) (vm-6e727419 executor 3): org.apache.spark.SparkException: [TASK_WRITE_FAILED] Task failed while writing rows to abfss://fefdb483-d26c-4bd9-9a4f-0c41cc786770@onelake.dfs.fabric.microsoft.com/d286fa39-f255-4ba7-a982-32cb69362ef7/Tables/silver/slv_offer_updates.
	at org.apache.spark.sql.errors.QueryExecutionErrors$.taskFailedWhileWritingRowsError(QueryExecutionErrors.scala:777)
	at org.apache.spark.sql.delta.files.DeltaFileFormatWriter$.executeTask(DeltaFileFormatWriter.scala:621)
	at org.apache.spark.sql.delta.files.DeltaFileFormatWriter$.$anonfun$executeWrite$4(DeltaFileFormatWriter.scala:387)
	at org.apache.spark.scheduler.ResultTask.runTask(ResultTask.scala:93)
	at org.apache.spark.TaskContext.runTaskWithListeners(TaskContext.scala:166)
	at org.apache.spark.scheduler.Task.run(Task.scala:141)
	at org.apache.spark.executor.Executor$TaskRunner.$anonfun$run$4(Executor.scala:636)
	at org.apache.spark.util.SparkErrorUtils.tryWithSafeFinally(SparkErrorUtils.scala:64)
	at org.apache.spark.util.SparkErrorUtils.tryWithSafeFinally$(SparkErrorUtils.scala:61)
	at org.apache.spark.util.Utils$.tryWithSafeFinally(Utils.scala:95)
	at org.apache.spark.executor.Executor$TaskRunner.run(Executor.scala:639)
	at java.base/java.util.concurrent.ThreadPoolExecutor.runWorker(ThreadPoolExecutor.java:1128)
	at java.base/java.util.concurrent.ThreadPoolExecutor$Worker.run(ThreadPoolExecutor.java:628)
	at java.base/java.lang.Thread.run(Thread.java:829)
Caused by: org.apache.spark.SparkUpgradeException: [INCONSISTENT_BEHAVIOR_CROSS_VERSION.PARSE_DATETIME_BY_NEW_PARSER] You may get a different result due to the upgrading to Spark >= 3.0:
Fail to parse '2026-05-07 12:17:02.914538' in the new parser. You can set ""spark.sql.legacy.timeParserPolicy"" to ""LEGACY"" to restore the behavior before Spark 3.0, or set to ""CORRECTED"" and treat it as an invalid datetime string.
	at org.apache.spark.sql.errors.ExecutionErrors.failToParseDateTimeInNewParserError(ExecutionErrors.scala:54)
	at org.apache.spark.sql.errors.ExecutionErrors.failToParseDateTimeInNewParserError$(ExecutionErrors.scala:48)
	at org.apache.spark.sql.errors.ExecutionErrors$.failToParseDateTimeInNewParserError(ExecutionErrors.scala:218)
	at org.apache.spark.sql.catalyst.util.DateTimeFormatterHelper$$anonfun$checkParsedDiff$1.applyOrElse(DateTimeFormatterHelper.scala:142)
	at org.apache.spark.sql.catalyst.util.DateTimeFormatterHelper$$anonfun$checkParsedDiff$1.applyOrElse(DateTimeFormatterHelper.scala:135)
	at scala.runtime.AbstractPartialFunction.apply(AbstractPartialFunction.scala:38)
	at org.apache.spark.sql.catalyst.util.Iso8601TimestampFormatter.parse(TimestampFormatter.scala:195)
	at org.apache.spark.sql.catalyst.expressions.GeneratedClass$GeneratedIteratorForCodegenStage3.processNext(Unknown Source)
	at org.apache.spark.sql.execution.BufferedRowIterator.hasNext(BufferedRowIterator.java:43)
	at org.apache.spark.sql.execution.WholeStageCodegenEvaluatorFactory$WholeStageCodegenPartitionEvaluator$$anon$1.hasNext(WholeStageCodegenEvaluatorFactory.scala:43)
	at org.apache.spark.sql.execution.datasources.FileFormatDataWriter.writeWithIterator(FileFormatDataWriter.scala:121)
	at org.apache.spark.sql.delta.files.DeltaFileFormatWriter$.$anonfun$executeTask$3(DeltaFileFormatWriter.scala:603)
	at org.apache.spark.util.Utils$.tryWithSafeFinallyAndFailureCallbacks(Utils.scala:1398)
	at org.apache.spark.sql.delta.files.DeltaFileFormatWriter$.executeTask(DeltaFileFormatWriter.scala:611)
	... 12 more
Caused by: java.time.format.DateTimeParseException: Text '2026-05-07 12:17:02.914538' could not be parsed, unparsed text found at index 19
	at java.base/java.time.format.DateTimeFormatter.parseResolved0(DateTimeFormatter.java:2049)
	at java.base/java.time.format.DateTimeFormatter.parse(DateTimeForm",2026-08-04 17:19:23.986290,
ARCHIVE,archived,archived.offer_updates,silver.offer_updates,2026-07-06 00:00:00.000000,FAILED,False,1,6d5b71dc-89d7-4fd2-b33f-6bb79b1845cd,0.0,0.0,0.0,2026-08-04 17:26:52.817834,2026-08-04 17:26:58.722339,"An error occurred while calling o50856.saveAsTable.
: org.apache.spark.SparkException: Job aborted due to stage failure: Task 0 in stage 14425.0 failed 4 times, most recent failure: Lost task 0.3 in stage 14425.0 (TID 151965) (vm-89243710 executor 2): org.apache.spark.SparkException: [TASK_WRITE_FAILED] Task failed while writing rows to abfss://fefdb483-d26c-4bd9-9a4f-0c41cc786770@onelake.dfs.fabric.microsoft.com/d286fa39-f255-4ba7-a982-32cb69362ef7/Tables/silver/slv_offer_updates.
	at org.apache.spark.sql.errors.QueryExecutionErrors$.taskFailedWhileWritingRowsError(QueryExecutionErrors.scala:777)
	at org.apache.spark.sql.delta.files.DeltaFileFormatWriter$.executeTask(DeltaFileFormatWriter.scala:621)
	at org.apache.spark.sql.delta.files.DeltaFileFormatWriter$.$anonfun$executeWrite$4(DeltaFileFormatWriter.scala:387)
	at org.apache.spark.scheduler.ResultTask.runTask(ResultTask.scala:93)
	at org.apache.spark.TaskContext.runTaskWithListeners(TaskContext.scala:166)
	at org.apache.spark.scheduler.Task.run(Task.scala:141)
	at org.apache.spark.executor.Executor$TaskRunner.$anonfun$run$4(Executor.scala:636)
	at org.apache.spark.util.SparkErrorUtils.tryWithSafeFinally(SparkErrorUtils.scala:64)
	at org.apache.spark.util.SparkErrorUtils.tryWithSafeFinally$(SparkErrorUtils.scala:61)
	at org.apache.spark.util.Utils$.tryWithSafeFinally(Utils.scala:95)
	at org.apache.spark.executor.Executor$TaskRunner.run(Executor.scala:639)
	at java.base/java.util.concurrent.ThreadPoolExecutor.runWorker(ThreadPoolExecutor.java:1128)
	at java.base/java.util.concurrent.ThreadPoolExecutor$Worker.run(ThreadPoolExecutor.java:628)
	at java.base/java.lang.Thread.run(Thread.java:829)
Caused by: org.apache.spark.SparkUpgradeException: [INCONSISTENT_BEHAVIOR_CROSS_VERSION.PARSE_DATETIME_BY_NEW_PARSER] You may get a different result due to the upgrading to Spark >= 3.0:
Fail to parse '2026-05-07 12:17:02.914538' in the new parser. You can set ""spark.sql.legacy.timeParserPolicy"" to ""LEGACY"" to restore the behavior before Spark 3.0, or set to ""CORRECTED"" and treat it as an invalid datetime string.
	at org.apache.spark.sql.errors.ExecutionErrors.failToParseDateTimeInNewParserError(ExecutionErrors.scala:54)
	at org.apache.spark.sql.errors.ExecutionErrors.failToParseDateTimeInNewParserError$(ExecutionErrors.scala:48)
	at org.apache.spark.sql.errors.ExecutionErrors$.failToParseDateTimeInNewParserError(ExecutionErrors.scala:218)
	at org.apache.spark.sql.catalyst.util.DateTimeFormatterHelper$$anonfun$checkParsedDiff$1.applyOrElse(DateTimeFormatterHelper.scala:142)
	at org.apache.spark.sql.catalyst.util.DateTimeFormatterHelper$$anonfun$checkParsedDiff$1.applyOrElse(DateTimeFormatterHelper.scala:135)
	at scala.runtime.AbstractPartialFunction.apply(AbstractPartialFunction.scala:38)
	at org.apache.spark.sql.catalyst.util.Iso8601TimestampFormatter.parse(TimestampFormatter.scala:195)
	at org.apache.spark.sql.catalyst.expressions.GeneratedClass$GeneratedIteratorForCodegenStage3.processNext(Unknown Source)
	at org.apache.spark.sql.execution.BufferedRowIterator.hasNext(BufferedRowIterator.java:43)
	at org.apache.spark.sql.execution.WholeStageCodegenEvaluatorFactory$WholeStageCodegenPartitionEvaluator$$anon$1.hasNext(WholeStageCodegenEvaluatorFactory.scala:43)
	at org.apache.spark.sql.execution.datasources.FileFormatDataWriter.writeWithIterator(FileFormatDataWriter.scala:121)
	at org.apache.spark.sql.delta.files.DeltaFileFormatWriter$.$anonfun$executeTask$3(DeltaFileFormatWriter.scala:603)
	at org.apache.spark.util.Utils$.tryWithSafeFinallyAndFailureCallbacks(Utils.scala:1398)
	at org.apache.spark.sql.delta.files.DeltaFileFormatWriter$.executeTask(DeltaFileFormatWriter.scala:611)
	... 12 more
Caused by: java.time.format.DateTimeParseException: Text '2026-05-07 12:17:02.914538' could not be parsed, unparsed text found at index 19
	at java.base/java.time.format.DateTimeFormatter.parseResolved0(DateTimeFormatter.java:2049)
	at java.base/java.time.format.DateTimeFormatter.parse(DateTimeForm",2026-08-04 17:26:58.722339,
ARCHIVE,archived,archived.provider_home,silver.provider_home,2026-07-05 00:00:00.000000,FAILED,False,1,6d5b71dc-89d7-4fd2-b33f-6bb79b1845cd,0.0,0.0,0.0,2026-08-04 17:20:32.078514,2026-08-04 17:20:38.386372,"An error occurred while calling o44851.saveAsTable.
: org.apache.spark.SparkException: Job aborted due to stage failure: Task 0 in stage 12335.0 failed 4 times, most recent failure: Lost task 0.3 in stage 12335.0 (TID 130062) (vm-89243710 executor 2): org.apache.spark.SparkException: [TASK_WRITE_FAILED] Task failed while writing rows to abfss://fefdb483-d26c-4bd9-9a4f-0c41cc786770@onelake.dfs.fabric.microsoft.com/d286fa39-f255-4ba7-a982-32cb69362ef7/Tables/silver/slv_provider_home.
	at org.apache.spark.sql.errors.QueryExecutionErrors$.taskFailedWhileWritingRowsError(QueryExecutionErrors.scala:777)
	at org.apache.spark.sql.delta.files.DeltaFileFormatWriter$.executeTask(DeltaFileFormatWriter.scala:621)
	at org.apache.spark.sql.delta.files.DeltaFileFormatWriter$.$anonfun$executeWrite$4(DeltaFileFormatWriter.scala:387)
	at org.apache.spark.scheduler.ResultTask.runTask(ResultTask.scala:93)
	at org.apache.spark.TaskContext.runTaskWithListeners(TaskContext.scala:166)
	at org.apache.spark.scheduler.Task.run(Task.scala:141)
	at org.apache.spark.executor.Executor$TaskRunner.$anonfun$run$4(Executor.scala:636)
	at org.apache.spark.util.SparkErrorUtils.tryWithSafeFinally(SparkErrorUtils.scala:64)
	at org.apache.spark.util.SparkErrorUtils.tryWithSafeFinally$(SparkErrorUtils.scala:61)
	at org.apache.spark.util.Utils$.tryWithSafeFinally(Utils.scala:95)
	at org.apache.spark.executor.Executor$TaskRunner.run(Executor.scala:639)
	at java.base/java.util.concurrent.ThreadPoolExecutor.runWorker(ThreadPoolExecutor.java:1128)
	at java.base/java.util.concurrent.ThreadPoolExecutor$Worker.run(ThreadPoolExecutor.java:628)
	at java.base/java.lang.Thread.run(Thread.java:829)
Caused by: org.apache.spark.SparkUpgradeException: [INCONSISTENT_BEHAVIOR_CROSS_VERSION.PARSE_DATETIME_BY_NEW_PARSER] You may get a different result due to the upgrading to Spark >= 3.0:
Fail to parse '2026-01-14 09:08:04.827' in the new parser. You can set ""spark.sql.legacy.timeParserPolicy"" to ""LEGACY"" to restore the behavior before Spark 3.0, or set to ""CORRECTED"" and treat it as an invalid datetime string.
	at org.apache.spark.sql.errors.ExecutionErrors.failToParseDateTimeInNewParserError(ExecutionErrors.scala:54)
	at org.apache.spark.sql.errors.ExecutionErrors.failToParseDateTimeInNewParserError$(ExecutionErrors.scala:48)
	at org.apache.spark.sql.errors.ExecutionErrors$.failToParseDateTimeInNewParserError(ExecutionErrors.scala:218)
	at org.apache.spark.sql.catalyst.util.DateTimeFormatterHelper$$anonfun$checkParsedDiff$1.applyOrElse(DateTimeFormatterHelper.scala:142)
	at org.apache.spark.sql.catalyst.util.DateTimeFormatterHelper$$anonfun$checkParsedDiff$1.applyOrElse(DateTimeFormatterHelper.scala:135)
	at scala.runtime.AbstractPartialFunction.apply(AbstractPartialFunction.scala:38)
	at org.apache.spark.sql.catalyst.util.Iso8601TimestampFormatter.parse(TimestampFormatter.scala:195)
	at org.apache.spark.sql.catalyst.expressions.GeneratedClass$GeneratedIteratorForCodegenStage3.processNext(Unknown Source)
	at org.apache.spark.sql.execution.BufferedRowIterator.hasNext(BufferedRowIterator.java:43)
	at org.apache.spark.sql.execution.WholeStageCodegenEvaluatorFactory$WholeStageCodegenPartitionEvaluator$$anon$1.hasNext(WholeStageCodegenEvaluatorFactory.scala:43)
	at org.apache.spark.sql.execution.datasources.FileFormatDataWriter.writeWithIterator(FileFormatDataWriter.scala:121)
	at org.apache.spark.sql.delta.files.DeltaFileFormatWriter$.$anonfun$executeTask$3(DeltaFileFormatWriter.scala:603)
	at org.apache.spark.util.Utils$.tryWithSafeFinallyAndFailureCallbacks(Utils.scala:1398)
	at org.apache.spark.sql.delta.files.DeltaFileFormatWriter$.executeTask(DeltaFileFormatWriter.scala:611)
	... 12 more
Caused by: java.time.format.DateTimeParseException: Text '2026-01-14 09:08:04.827' could not be parsed, unparsed text found at index 19
	at java.base/java.time.format.DateTimeFormatter.parseResolved0(DateTimeFormatter.java:2049)
	at java.base/java.time.format.DateTimeFormatter.parse(DateTimeFormatter.",2026-08-04 17:20:38.386372,
ARCHIVE,archived,archived.provider_home,silver.provider_home,2026-07-07 00:00:00.000000,FAILED,False,1,6d5b71dc-89d7-4fd2-b33f-6bb79b1845cd,0.0,0.0,0.0,2026-08-04 17:36:25.405599,2026-08-04 17:36:31.802289,"An error occurred while calling o60170.saveAsTable.
: org.apache.spark.SparkException: Job aborted due to stage failure: Task 0 in stage 17414.0 failed 4 times, most recent failure: Lost task 0.3 in stage 17414.0 (TID 183966) (vm-6e727419 executor 3): org.apache.spark.SparkException: [TASK_WRITE_FAILED] Task failed while writing rows to abfss://fefdb483-d26c-4bd9-9a4f-0c41cc786770@onelake.dfs.fabric.microsoft.com/d286fa39-f255-4ba7-a982-32cb69362ef7/Tables/silver/slv_provider_home.
	at org.apache.spark.sql.errors.QueryExecutionErrors$.taskFailedWhileWritingRowsError(QueryExecutionErrors.scala:777)
	at org.apache.spark.sql.delta.files.DeltaFileFormatWriter$.executeTask(DeltaFileFormatWriter.scala:621)
	at org.apache.spark.sql.delta.files.DeltaFileFormatWriter$.$anonfun$executeWrite$4(DeltaFileFormatWriter.scala:387)
	at org.apache.spark.scheduler.ResultTask.runTask(ResultTask.scala:93)
	at org.apache.spark.TaskContext.runTaskWithListeners(TaskContext.scala:166)
	at org.apache.spark.scheduler.Task.run(Task.scala:141)
	at org.apache.spark.executor.Executor$TaskRunner.$anonfun$run$4(Executor.scala:636)
	at org.apache.spark.util.SparkErrorUtils.tryWithSafeFinally(SparkErrorUtils.scala:64)
	at org.apache.spark.util.SparkErrorUtils.tryWithSafeFinally$(SparkErrorUtils.scala:61)
	at org.apache.spark.util.Utils$.tryWithSafeFinally(Utils.scala:95)
	at org.apache.spark.executor.Executor$TaskRunner.run(Executor.scala:639)
	at java.base/java.util.concurrent.ThreadPoolExecutor.runWorker(ThreadPoolExecutor.java:1128)
	at java.base/java.util.concurrent.ThreadPoolExecutor$Worker.run(ThreadPoolExecutor.java:628)
	at java.base/java.lang.Thread.run(Thread.java:829)
Caused by: org.apache.spark.SparkUpgradeException: [INCONSISTENT_BEHAVIOR_CROSS_VERSION.PARSE_DATETIME_BY_NEW_PARSER] You may get a different result due to the upgrading to Spark >= 3.0:
Fail to parse '2026-01-14 09:08:04.827' in the new parser. You can set ""spark.sql.legacy.timeParserPolicy"" to ""LEGACY"" to restore the behavior before Spark 3.0, or set to ""CORRECTED"" and treat it as an invalid datetime string.
	at org.apache.spark.sql.errors.ExecutionErrors.failToParseDateTimeInNewParserError(ExecutionErrors.scala:54)
	at org.apache.spark.sql.errors.ExecutionErrors.failToParseDateTimeInNewParserError$(ExecutionErrors.scala:48)
	at org.apache.spark.sql.errors.ExecutionErrors$.failToParseDateTimeInNewParserError(ExecutionErrors.scala:218)
	at org.apache.spark.sql.catalyst.util.DateTimeFormatterHelper$$anonfun$checkParsedDiff$1.applyOrElse(DateTimeFormatterHelper.scala:142)
	at org.apache.spark.sql.catalyst.util.DateTimeFormatterHelper$$anonfun$checkParsedDiff$1.applyOrElse(DateTimeFormatterHelper.scala:135)
	at scala.runtime.AbstractPartialFunction.apply(AbstractPartialFunction.scala:38)
	at org.apache.spark.sql.catalyst.util.Iso8601TimestampFormatter.parse(TimestampFormatter.scala:195)
	at org.apache.spark.sql.catalyst.expressions.GeneratedClass$GeneratedIteratorForCodegenStage3.processNext(Unknown Source)
	at org.apache.spark.sql.execution.BufferedRowIterator.hasNext(BufferedRowIterator.java:43)
	at org.apache.spark.sql.execution.WholeStageCodegenEvaluatorFactory$WholeStageCodegenPartitionEvaluator$$anon$1.hasNext(WholeStageCodegenEvaluatorFactory.scala:43)
	at org.apache.spark.sql.execution.datasources.FileFormatDataWriter.writeWithIterator(FileFormatDataWriter.scala:121)
	at org.apache.spark.sql.delta.files.DeltaFileFormatWriter$.$anonfun$executeTask$3(DeltaFileFormatWriter.scala:603)
	at org.apache.spark.util.Utils$.tryWithSafeFinallyAndFailureCallbacks(Utils.scala:1398)
	at org.apache.spark.sql.delta.files.DeltaFileFormatWriter$.executeTask(DeltaFileFormatWriter.scala:611)
	... 12 more
Caused by: java.time.format.DateTimeParseException: Text '2026-01-14 09:08:04.827' could not be parsed, unparsed text found at index 19
	at java.base/java.time.format.DateTimeFormatter.parseResolved0(DateTimeFormatter.java:2049)
	at java.base/java.time.format.DateTimeFormatter.parse(DateTimeFormatter.",2026-08-04 17:36:31.802289,
ARCHIVE,archived,archived.provider_home,silver.provider_home,2026-07-06 00:00:00.000000,FAILED,False,1,6d5b71dc-89d7-4fd2-b33f-6bb79b1845cd,0.0,0.0,0.0,2026-08-04 17:28:10.388281,2026-08-04 17:28:16.798805,"An error occurred while calling o52405.saveAsTable.
: org.apache.spark.SparkException: Job aborted due to stage failure: Task 0 in stage 14828.0 failed 4 times, most recent failure: Lost task 0.3 in stage 14828.0 (TID 156542) (vm-89243710 executor 2): org.apache.spark.SparkException: [TASK_WRITE_FAILED] Task failed while writing rows to abfss://fefdb483-d26c-4bd9-9a4f-0c41cc786770@onelake.dfs.fabric.microsoft.com/d286fa39-f255-4ba7-a982-32cb69362ef7/Tables/silver/slv_provider_home.
	at org.apache.spark.sql.errors.QueryExecutionErrors$.taskFailedWhileWritingRowsError(QueryExecutionErrors.scala:777)
	at org.apache.spark.sql.delta.files.DeltaFileFormatWriter$.executeTask(DeltaFileFormatWriter.scala:621)
	at org.apache.spark.sql.delta.files.DeltaFileFormatWriter$.$anonfun$executeWrite$4(DeltaFileFormatWriter.scala:387)
	at org.apache.spark.scheduler.ResultTask.runTask(ResultTask.scala:93)
	at org.apache.spark.TaskContext.runTaskWithListeners(TaskContext.scala:166)
	at org.apache.spark.scheduler.Task.run(Task.scala:141)
	at org.apache.spark.executor.Executor$TaskRunner.$anonfun$run$4(Executor.scala:636)
	at org.apache.spark.util.SparkErrorUtils.tryWithSafeFinally(SparkErrorUtils.scala:64)
	at org.apache.spark.util.SparkErrorUtils.tryWithSafeFinally$(SparkErrorUtils.scala:61)
	at org.apache.spark.util.Utils$.tryWithSafeFinally(Utils.scala:95)
	at org.apache.spark.executor.Executor$TaskRunner.run(Executor.scala:639)
	at java.base/java.util.concurrent.ThreadPoolExecutor.runWorker(ThreadPoolExecutor.java:1128)
	at java.base/java.util.concurrent.ThreadPoolExecutor$Worker.run(ThreadPoolExecutor.java:628)
	at java.base/java.lang.Thread.run(Thread.java:829)
Caused by: org.apache.spark.SparkUpgradeException: [INCONSISTENT_BEHAVIOR_CROSS_VERSION.PARSE_DATETIME_BY_NEW_PARSER] You may get a different result due to the upgrading to Spark >= 3.0:
Fail to parse '2026-01-14 09:08:04.827' in the new parser. You can set ""spark.sql.legacy.timeParserPolicy"" to ""LEGACY"" to restore the behavior before Spark 3.0, or set to ""CORRECTED"" and treat it as an invalid datetime string.
	at org.apache.spark.sql.errors.ExecutionErrors.failToParseDateTimeInNewParserError(ExecutionErrors.scala:54)
	at org.apache.spark.sql.errors.ExecutionErrors.failToParseDateTimeInNewParserError$(ExecutionErrors.scala:48)
	at org.apache.spark.sql.errors.ExecutionErrors$.failToParseDateTimeInNewParserError(ExecutionErrors.scala:218)
	at org.apache.spark.sql.catalyst.util.DateTimeFormatterHelper$$anonfun$checkParsedDiff$1.applyOrElse(DateTimeFormatterHelper.scala:142)
	at org.apache.spark.sql.catalyst.util.DateTimeFormatterHelper$$anonfun$checkParsedDiff$1.applyOrElse(DateTimeFormatterHelper.scala:135)
	at scala.runtime.AbstractPartialFunction.apply(AbstractPartialFunction.scala:38)
	at org.apache.spark.sql.catalyst.util.Iso8601TimestampFormatter.parse(TimestampFormatter.scala:195)
	at org.apache.spark.sql.catalyst.expressions.GeneratedClass$GeneratedIteratorForCodegenStage3.processNext(Unknown Source)
	at org.apache.spark.sql.execution.BufferedRowIterator.hasNext(BufferedRowIterator.java:43)
	at org.apache.spark.sql.execution.WholeStageCodegenEvaluatorFactory$WholeStageCodegenPartitionEvaluator$$anon$1.hasNext(WholeStageCodegenEvaluatorFactory.scala:43)
	at org.apache.spark.sql.execution.datasources.FileFormatDataWriter.writeWithIterator(FileFormatDataWriter.scala:121)
	at org.apache.spark.sql.delta.files.DeltaFileFormatWriter$.$anonfun$executeTask$3(DeltaFileFormatWriter.scala:603)
	at org.apache.spark.util.Utils$.tryWithSafeFinallyAndFailureCallbacks(Utils.scala:1398)
	at org.apache.spark.sql.delta.files.DeltaFileFormatWriter$.executeTask(DeltaFileFormatWriter.scala:611)
	... 12 more
Caused by: java.time.format.DateTimeParseException: Text '2026-01-14 09:08:04.827' could not be parsed, unparsed text found at index 19
	at java.base/java.time.format.DateTimeFormatter.parseResolved0(DateTimeFormatter.java:2049)
	at java.base/java.time.format.DateTimeFormatter.parse(DateTimeFormatter.",2026-08-04 17:28:16.798805,
ARCHIVE,archived,archived.provider_home,silver.provider_home,2026-07-04 00:00:00.000000,FAILED,False,1,6d5b71dc-89d7-4fd2-b33f-6bb79b1845cd,0.0,0.0,0.0,2026-08-04 17:13:50.882924,2026-08-04 17:13:57.066418,"An error occurred while calling o38045.saveAsTable.
: org.apache.spark.SparkException: Job aborted due to stage failure: Task 0 in stage 10103.0 failed 4 times, most recent failure: Lost task 0.3 in stage 10103.0 (TID 106265) (vm-6e727419 executor 3): org.apache.spark.SparkException: [TASK_WRITE_FAILED] Task failed while writing rows to abfss://fefdb483-d26c-4bd9-9a4f-0c41cc786770@onelake.dfs.fabric.microsoft.com/d286fa39-f255-4ba7-a982-32cb69362ef7/Tables/silver/slv_provider_home.
	at org.apache.spark.sql.errors.QueryExecutionErrors$.taskFailedWhileWritingRowsError(QueryExecutionErrors.scala:777)
	at org.apache.spark.sql.delta.files.DeltaFileFormatWriter$.executeTask(DeltaFileFormatWriter.scala:621)
	at org.apache.spark.sql.delta.files.DeltaFileFormatWriter$.$anonfun$executeWrite$4(DeltaFileFormatWriter.scala:387)
	at org.apache.spark.scheduler.ResultTask.runTask(ResultTask.scala:93)
	at org.apache.spark.TaskContext.runTaskWithListeners(TaskContext.scala:166)
	at org.apache.spark.scheduler.Task.run(Task.scala:141)
	at org.apache.spark.executor.Executor$TaskRunner.$anonfun$run$4(Executor.scala:636)
	at org.apache.spark.util.SparkErrorUtils.tryWithSafeFinally(SparkErrorUtils.scala:64)
	at org.apache.spark.util.SparkErrorUtils.tryWithSafeFinally$(SparkErrorUtils.scala:61)
	at org.apache.spark.util.Utils$.tryWithSafeFinally(Utils.scala:95)
	at org.apache.spark.executor.Executor$TaskRunner.run(Executor.scala:639)
	at java.base/java.util.concurrent.ThreadPoolExecutor.runWorker(ThreadPoolExecutor.java:1128)
	at java.base/java.util.concurrent.ThreadPoolExecutor$Worker.run(ThreadPoolExecutor.java:628)
	at java.base/java.lang.Thread.run(Thread.java:829)
Caused by: org.apache.spark.SparkUpgradeException: [INCONSISTENT_BEHAVIOR_CROSS_VERSION.PARSE_DATETIME_BY_NEW_PARSER] You may get a different result due to the upgrading to Spark >= 3.0:
Fail to parse '2026-01-14 09:08:04.827' in the new parser. You can set ""spark.sql.legacy.timeParserPolicy"" to ""LEGACY"" to restore the behavior before Spark 3.0, or set to ""CORRECTED"" and treat it as an invalid datetime string.
	at org.apache.spark.sql.errors.ExecutionErrors.failToParseDateTimeInNewParserError(ExecutionErrors.scala:54)
	at org.apache.spark.sql.errors.ExecutionErrors.failToParseDateTimeInNewParserError$(ExecutionErrors.scala:48)
	at org.apache.spark.sql.errors.ExecutionErrors$.failToParseDateTimeInNewParserError(ExecutionErrors.scala:218)
	at org.apache.spark.sql.catalyst.util.DateTimeFormatterHelper$$anonfun$checkParsedDiff$1.applyOrElse(DateTimeFormatterHelper.scala:142)
	at org.apache.spark.sql.catalyst.util.DateTimeFormatterHelper$$anonfun$checkParsedDiff$1.applyOrElse(DateTimeFormatterHelper.scala:135)
	at scala.runtime.AbstractPartialFunction.apply(AbstractPartialFunction.scala:38)
	at org.apache.spark.sql.catalyst.util.Iso8601TimestampFormatter.parse(TimestampFormatter.scala:195)
	at org.apache.spark.sql.catalyst.expressions.GeneratedClass$GeneratedIteratorForCodegenStage3.processNext(Unknown Source)
	at org.apache.spark.sql.execution.BufferedRowIterator.hasNext(BufferedRowIterator.java:43)
	at org.apache.spark.sql.execution.WholeStageCodegenEvaluatorFactory$WholeStageCodegenPartitionEvaluator$$anon$1.hasNext(WholeStageCodegenEvaluatorFactory.scala:43)
	at org.apache.spark.sql.execution.datasources.FileFormatDataWriter.writeWithIterator(FileFormatDataWriter.scala:121)
	at org.apache.spark.sql.delta.files.DeltaFileFormatWriter$.$anonfun$executeTask$3(DeltaFileFormatWriter.scala:603)
	at org.apache.spark.util.Utils$.tryWithSafeFinallyAndFailureCallbacks(Utils.scala:1398)
	at org.apache.spark.sql.delta.files.DeltaFileFormatWriter$.executeTask(DeltaFileFormatWriter.scala:611)
	... 12 more
Caused by: java.time.format.DateTimeParseException: Text '2026-01-14 09:08:04.827' could not be parsed, unparsed text found at index 19
	at java.base/java.time.format.DateTimeFormatter.parseResolved0(DateTimeFormatter.java:2049)
	at java.base/java.time.format.DateTimeFormatter.parse(DateTimeFormatter.",2026-08-04 17:13:57.066418,
ARCHIVE,archived,archived.provider_home,silver.provider_home,2026-07-08 00:00:00.000000,FAILED,False,1,6d5b71dc-89d7-4fd2-b33f-6bb79b1845cd,0.0,0.0,0.0,2026-08-04 17:44:35.301799,2026-08-04 17:44:41.806260,"An error occurred while calling o67935.saveAsTable.
: org.apache.spark.SparkException: Job aborted due to stage failure: Task 0 in stage 20019.0 failed 4 times, most recent failure: Lost task 0.3 in stage 20019.0 (TID 211662) (vm-89243710 executor 2): org.apache.spark.SparkException: [TASK_WRITE_FAILED] Task failed while writing rows to abfss://fefdb483-d26c-4bd9-9a4f-0c41cc786770@onelake.dfs.fabric.microsoft.com/d286fa39-f255-4ba7-a982-32cb69362ef7/Tables/silver/slv_provider_home.
	at org.apache.spark.sql.errors.QueryExecutionErrors$.taskFailedWhileWritingRowsError(QueryExecutionErrors.scala:777)
	at org.apache.spark.sql.delta.files.DeltaFileFormatWriter$.executeTask(DeltaFileFormatWriter.scala:621)
	at org.apache.spark.sql.delta.files.DeltaFileFormatWriter$.$anonfun$executeWrite$4(DeltaFileFormatWriter.scala:387)
	at org.apache.spark.scheduler.ResultTask.runTask(ResultTask.scala:93)
	at org.apache.spark.TaskContext.runTaskWithListeners(TaskContext.scala:166)
	at org.apache.spark.scheduler.Task.run(Task.scala:141)
	at org.apache.spark.executor.Executor$TaskRunner.$anonfun$run$4(Executor.scala:636)
	at org.apache.spark.util.SparkErrorUtils.tryWithSafeFinally(SparkErrorUtils.scala:64)
	at org.apache.spark.util.SparkErrorUtils.tryWithSafeFinally$(SparkErrorUtils.scala:61)
	at org.apache.spark.util.Utils$.tryWithSafeFinally(Utils.scala:95)
	at org.apache.spark.executor.Executor$TaskRunner.run(Executor.scala:639)
	at java.base/java.util.concurrent.ThreadPoolExecutor.runWorker(ThreadPoolExecutor.java:1128)
	at java.base/java.util.concurrent.ThreadPoolExecutor$Worker.run(ThreadPoolExecutor.java:628)
	at java.base/java.lang.Thread.run(Thread.java:829)
Caused by: org.apache.spark.SparkUpgradeException: [INCONSISTENT_BEHAVIOR_CROSS_VERSION.PARSE_DATETIME_BY_NEW_PARSER] You may get a different result due to the upgrading to Spark >= 3.0:
Fail to parse '2026-01-14 09:08:04.827' in the new parser. You can set ""spark.sql.legacy.timeParserPolicy"" to ""LEGACY"" to restore the behavior before Spark 3.0, or set to ""CORRECTED"" and treat it as an invalid datetime string.
	at org.apache.spark.sql.errors.ExecutionErrors.failToParseDateTimeInNewParserError(ExecutionErrors.scala:54)
	at org.apache.spark.sql.errors.ExecutionErrors.failToParseDateTimeInNewParserError$(ExecutionErrors.scala:48)
	at org.apache.spark.sql.errors.ExecutionErrors$.failToParseDateTimeInNewParserError(ExecutionErrors.scala:218)
	at org.apache.spark.sql.catalyst.util.DateTimeFormatterHelper$$anonfun$checkParsedDiff$1.applyOrElse(DateTimeFormatterHelper.scala:142)
	at org.apache.spark.sql.catalyst.util.DateTimeFormatterHelper$$anonfun$checkParsedDiff$1.applyOrElse(DateTimeFormatterHelper.scala:135)
	at scala.runtime.AbstractPartialFunction.apply(AbstractPartialFunction.scala:38)
	at org.apache.spark.sql.catalyst.util.Iso8601TimestampFormatter.parse(TimestampFormatter.scala:195)
	at org.apache.spark.sql.catalyst.expressions.GeneratedClass$GeneratedIteratorForCodegenStage3.processNext(Unknown Source)
	at org.apache.spark.sql.execution.BufferedRowIterator.hasNext(BufferedRowIterator.java:43)
	at org.apache.spark.sql.execution.WholeStageCodegenEvaluatorFactory$WholeStageCodegenPartitionEvaluator$$anon$1.hasNext(WholeStageCodegenEvaluatorFactory.scala:43)
	at org.apache.spark.sql.execution.datasources.FileFormatDataWriter.writeWithIterator(FileFormatDataWriter.scala:121)
	at org.apache.spark.sql.delta.files.DeltaFileFormatWriter$.$anonfun$executeTask$3(DeltaFileFormatWriter.scala:603)
	at org.apache.spark.util.Utils$.tryWithSafeFinallyAndFailureCallbacks(Utils.scala:1398)
	at org.apache.spark.sql.delta.files.DeltaFileFormatWriter$.executeTask(DeltaFileFormatWriter.scala:611)
	... 12 more
Caused by: java.time.format.DateTimeParseException: Text '2026-01-14 09:08:04.827' could not be parsed, unparsed text found at index 19
	at java.base/java.time.format.DateTimeFormatter.parseResolved0(DateTimeFormatter.java:2049)
	at java.base/java.time.format.DateTimeFormatter.parse(DateTimeFormatter.",2026-08-04 17:44:41.806260,
ARCHIVE,archived,archived.foster_carer,silver.foster_carer,2026-07-07 00:00:00.000000,FAILED,False,1,6d5b71dc-89d7-4fd2-b33f-6bb79b1845cd,0.0,0.0,0.0,2026-08-04 17:32:55.538482,2026-08-04 17:33:01.566344,"An error occurred while calling o56240.saveAsTable.
: org.apache.spark.SparkException: Job aborted due to stage failure: Task 0 in stage 16343.0 failed 4 times, most recent failure: Lost task 0.3 in stage 16343.0 (TID 172208) (vm-6e727419 executor 3): org.apache.spark.SparkException: [TASK_WRITE_FAILED] Task failed while writing rows to abfss://fefdb483-d26c-4bd9-9a4f-0c41cc786770@onelake.dfs.fabric.microsoft.com/d286fa39-f255-4ba7-a982-32cb69362ef7/Tables/silver/slv_foster_carer.
	at org.apache.spark.sql.errors.QueryExecutionErrors$.taskFailedWhileWritingRowsError(QueryExecutionErrors.scala:777)
	at org.apache.spark.sql.delta.files.DeltaFileFormatWriter$.executeTask(DeltaFileFormatWriter.scala:621)
	at org.apache.spark.sql.delta.files.DeltaFileFormatWriter$.$anonfun$executeWrite$4(DeltaFileFormatWriter.scala:387)
	at org.apache.spark.scheduler.ResultTask.runTask(ResultTask.scala:93)
	at org.apache.spark.TaskContext.runTaskWithListeners(TaskContext.scala:166)
	at org.apache.spark.scheduler.Task.run(Task.scala:141)
	at org.apache.spark.executor.Executor$TaskRunner.$anonfun$run$4(Executor.scala:636)
	at org.apache.spark.util.SparkErrorUtils.tryWithSafeFinally(SparkErrorUtils.scala:64)
	at org.apache.spark.util.SparkErrorUtils.tryWithSafeFinally$(SparkErrorUtils.scala:61)
	at org.apache.spark.util.Utils$.tryWithSafeFinally(Utils.scala:95)
	at org.apache.spark.executor.Executor$TaskRunner.run(Executor.scala:639)
	at java.base/java.util.concurrent.ThreadPoolExecutor.runWorker(ThreadPoolExecutor.java:1128)
	at java.base/java.util.concurrent.ThreadPoolExecutor$Worker.run(ThreadPoolExecutor.java:628)
	at java.base/java.lang.Thread.run(Thread.java:829)
Caused by: org.apache.spark.SparkUpgradeException: [INCONSISTENT_BEHAVIOR_CROSS_VERSION.PARSE_DATETIME_BY_NEW_PARSER] You may get a different result due to the upgrading to Spark >= 3.0:
Fail to parse '2016-03-02 00:00:00.0' in the new parser. You can set ""spark.sql.legacy.timeParserPolicy"" to ""LEGACY"" to restore the behavior before Spark 3.0, or set to ""CORRECTED"" and treat it as an invalid datetime string.
	at org.apache.spark.sql.errors.ExecutionErrors.failToParseDateTimeInNewParserError(ExecutionErrors.scala:54)
	at org.apache.spark.sql.errors.ExecutionErrors.failToParseDateTimeInNewParserError$(ExecutionErrors.scala:48)
	at org.apache.spark.sql.errors.ExecutionErrors$.failToParseDateTimeInNewParserError(ExecutionErrors.scala:218)
	at org.apache.spark.sql.catalyst.util.DateTimeFormatterHelper$$anonfun$checkParsedDiff$1.applyOrElse(DateTimeFormatterHelper.scala:142)
	at org.apache.spark.sql.catalyst.util.DateTimeFormatterHelper$$anonfun$checkParsedDiff$1.applyOrElse(DateTimeFormatterHelper.scala:135)
	at scala.runtime.AbstractPartialFunction.apply(AbstractPartialFunction.scala:38)
	at org.apache.spark.sql.catalyst.util.Iso8601TimestampFormatter.parse(TimestampFormatter.scala:195)
	at org.apache.spark.sql.catalyst.expressions.GeneratedClass$GeneratedIteratorForCodegenStage3.processNext(Unknown Source)
	at org.apache.spark.sql.execution.BufferedRowIterator.hasNext(BufferedRowIterator.java:43)
	at org.apache.spark.sql.execution.WholeStageCodegenEvaluatorFactory$WholeStageCodegenPartitionEvaluator$$anon$1.hasNext(WholeStageCodegenEvaluatorFactory.scala:43)
	at org.apache.spark.sql.execution.datasources.FileFormatDataWriter.writeWithIterator(FileFormatDataWriter.scala:121)
	at org.apache.spark.sql.delta.files.DeltaFileFormatWriter$.$anonfun$executeTask$3(DeltaFileFormatWriter.scala:603)
	at org.apache.spark.util.Utils$.tryWithSafeFinallyAndFailureCallbacks(Utils.scala:1398)
	at org.apache.spark.sql.delta.files.DeltaFileFormatWriter$.executeTask(DeltaFileFormatWriter.scala:611)
	... 12 more
Caused by: java.time.format.DateTimeParseException: Text '2016-03-02 00:00:00.0' could not be parsed, unparsed text found at index 19
	at java.base/java.time.format.DateTimeFormatter.parseResolved0(DateTimeFormatter.java:2049)
	at java.base/java.time.format.DateTimeFormatter.parse(DateTimeFormatter.java:",2026-08-04 17:33:01.566344,
ARCHIVE,archived,archived.foster_carer,silver.foster_carer,2026-07-06 00:00:00.000000,FAILED,False,1,6d5b71dc-89d7-4fd2-b33f-6bb79b1845cd,0.0,0.0,0.0,2026-08-04 17:24:47.631437,2026-08-04 17:24:53.702341,"An error occurred while calling o48475.saveAsTable.
: org.apache.spark.SparkException: Job aborted due to stage failure: Task 0 in stage 13762.0 failed 4 times, most recent failure: Lost task 0.3 in stage 13762.0 (TID 144875) (vm-6e727419 executor 3): org.apache.spark.SparkException: [TASK_WRITE_FAILED] Task failed while writing rows to abfss://fefdb483-d26c-4bd9-9a4f-0c41cc786770@onelake.dfs.fabric.microsoft.com/d286fa39-f255-4ba7-a982-32cb69362ef7/Tables/silver/slv_foster_carer.
	at org.apache.spark.sql.errors.QueryExecutionErrors$.taskFailedWhileWritingRowsError(QueryExecutionErrors.scala:777)
	at org.apache.spark.sql.delta.files.DeltaFileFormatWriter$.executeTask(DeltaFileFormatWriter.scala:621)
	at org.apache.spark.sql.delta.files.DeltaFileFormatWriter$.$anonfun$executeWrite$4(DeltaFileFormatWriter.scala:387)
	at org.apache.spark.scheduler.ResultTask.runTask(ResultTask.scala:93)
	at org.apache.spark.TaskContext.runTaskWithListeners(TaskContext.scala:166)
	at org.apache.spark.scheduler.Task.run(Task.scala:141)
	at org.apache.spark.executor.Executor$TaskRunner.$anonfun$run$4(Executor.scala:636)
	at org.apache.spark.util.SparkErrorUtils.tryWithSafeFinally(SparkErrorUtils.scala:64)
	at org.apache.spark.util.SparkErrorUtils.tryWithSafeFinally$(SparkErrorUtils.scala:61)
	at org.apache.spark.util.Utils$.tryWithSafeFinally(Utils.scala:95)
	at org.apache.spark.executor.Executor$TaskRunner.run(Executor.scala:639)
	at java.base/java.util.concurrent.ThreadPoolExecutor.runWorker(ThreadPoolExecutor.java:1128)
	at java.base/java.util.concurrent.ThreadPoolExecutor$Worker.run(ThreadPoolExecutor.java:628)
	at java.base/java.lang.Thread.run(Thread.java:829)
Caused by: org.apache.spark.SparkUpgradeException: [INCONSISTENT_BEHAVIOR_CROSS_VERSION.PARSE_DATETIME_BY_NEW_PARSER] You may get a different result due to the upgrading to Spark >= 3.0:
Fail to parse '2021-03-30 00:00:00.0' in the new parser. You can set ""spark.sql.legacy.timeParserPolicy"" to ""LEGACY"" to restore the behavior before Spark 3.0, or set to ""CORRECTED"" and treat it as an invalid datetime string.
	at org.apache.spark.sql.errors.ExecutionErrors.failToParseDateTimeInNewParserError(ExecutionErrors.scala:54)
	at org.apache.spark.sql.errors.ExecutionErrors.failToParseDateTimeInNewParserError$(ExecutionErrors.scala:48)
	at org.apache.spark.sql.errors.ExecutionErrors$.failToParseDateTimeInNewParserError(ExecutionErrors.scala:218)
	at org.apache.spark.sql.catalyst.util.DateTimeFormatterHelper$$anonfun$checkParsedDiff$1.applyOrElse(DateTimeFormatterHelper.scala:142)
	at org.apache.spark.sql.catalyst.util.DateTimeFormatterHelper$$anonfun$checkParsedDiff$1.applyOrElse(DateTimeFormatterHelper.scala:135)
	at scala.runtime.AbstractPartialFunction.apply(AbstractPartialFunction.scala:38)
	at org.apache.spark.sql.catalyst.util.Iso8601TimestampFormatter.parse(TimestampFormatter.scala:195)
	at org.apache.spark.sql.catalyst.expressions.GeneratedClass$GeneratedIteratorForCodegenStage3.processNext(Unknown Source)
	at org.apache.spark.sql.execution.BufferedRowIterator.hasNext(BufferedRowIterator.java:43)
	at org.apache.spark.sql.execution.WholeStageCodegenEvaluatorFactory$WholeStageCodegenPartitionEvaluator$$anon$1.hasNext(WholeStageCodegenEvaluatorFactory.scala:43)
	at org.apache.spark.sql.execution.datasources.FileFormatDataWriter.writeWithIterator(FileFormatDataWriter.scala:121)
	at org.apache.spark.sql.delta.files.DeltaFileFormatWriter$.$anonfun$executeTask$3(DeltaFileFormatWriter.scala:603)
	at org.apache.spark.util.Utils$.tryWithSafeFinallyAndFailureCallbacks(Utils.scala:1398)
	at org.apache.spark.sql.delta.files.DeltaFileFormatWriter$.executeTask(DeltaFileFormatWriter.scala:611)
	... 12 more
Caused by: java.time.format.DateTimeParseException: Text '2021-03-30 00:00:00.0' could not be parsed, unparsed text found at index 19
	at java.base/java.time.format.DateTimeFormatter.parseResolved0(DateTimeFormatter.java:2049)
	at java.base/java.time.format.DateTimeFormatter.parse(DateTimeFormatter.java:",2026-08-04 17:24:53.702341,
ARCHIVE,archived,archived.foster_carer,silver.foster_carer,2026-07-08 00:00:00.000000,FAILED,False,1,6d5b71dc-89d7-4fd2-b33f-6bb79b1845cd,0.0,0.0,0.0,2026-08-04 17:41:07.879871,2026-08-04 17:41:14.150349,"An error occurred while calling o64005.saveAsTable.
: org.apache.spark.SparkException: Job aborted due to stage failure: Task 0 in stage 18935.0 failed 4 times, most recent failure: Lost task 0.3 in stage 18935.0 (TID 199758) (vm-89243710 executor 2): org.apache.spark.SparkException: [TASK_WRITE_FAILED] Task failed while writing rows to abfss://fefdb483-d26c-4bd9-9a4f-0c41cc786770@onelake.dfs.fabric.microsoft.com/d286fa39-f255-4ba7-a982-32cb69362ef7/Tables/silver/slv_foster_carer.
	at org.apache.spark.sql.errors.QueryExecutionErrors$.taskFailedWhileWritingRowsError(QueryExecutionErrors.scala:777)
	at org.apache.spark.sql.delta.files.DeltaFileFormatWriter$.executeTask(DeltaFileFormatWriter.scala:621)
	at org.apache.spark.sql.delta.files.DeltaFileFormatWriter$.$anonfun$executeWrite$4(DeltaFileFormatWriter.scala:387)
	at org.apache.spark.scheduler.ResultTask.runTask(ResultTask.scala:93)
	at org.apache.spark.TaskContext.runTaskWithListeners(TaskContext.scala:166)
	at org.apache.spark.scheduler.Task.run(Task.scala:141)
	at org.apache.spark.executor.Executor$TaskRunner.$anonfun$run$4(Executor.scala:636)
	at org.apache.spark.util.SparkErrorUtils.tryWithSafeFinally(SparkErrorUtils.scala:64)
	at org.apache.spark.util.SparkErrorUtils.tryWithSafeFinally$(SparkErrorUtils.scala:61)
	at org.apache.spark.util.Utils$.tryWithSafeFinally(Utils.scala:95)
	at org.apache.spark.executor.Executor$TaskRunner.run(Executor.scala:639)
	at java.base/java.util.concurrent.ThreadPoolExecutor.runWorker(ThreadPoolExecutor.java:1128)
	at java.base/java.util.concurrent.ThreadPoolExecutor$Worker.run(ThreadPoolExecutor.java:628)
	at java.base/java.lang.Thread.run(Thread.java:829)
Caused by: org.apache.spark.SparkUpgradeException: [INCONSISTENT_BEHAVIOR_CROSS_VERSION.PARSE_DATETIME_BY_NEW_PARSER] You may get a different result due to the upgrading to Spark >= 3.0:
Fail to parse '2016-03-02 00:00:00.0' in the new parser. You can set ""spark.sql.legacy.timeParserPolicy"" to ""LEGACY"" to restore the behavior before Spark 3.0, or set to ""CORRECTED"" and treat it as an invalid datetime string.
	at org.apache.spark.sql.errors.ExecutionErrors.failToParseDateTimeInNewParserError(ExecutionErrors.scala:54)
	at org.apache.spark.sql.errors.ExecutionErrors.failToParseDateTimeInNewParserError$(ExecutionErrors.scala:48)
	at org.apache.spark.sql.errors.ExecutionErrors$.failToParseDateTimeInNewParserError(ExecutionErrors.scala:218)
	at org.apache.spark.sql.catalyst.util.DateTimeFormatterHelper$$anonfun$checkParsedDiff$1.applyOrElse(DateTimeFormatterHelper.scala:142)
	at org.apache.spark.sql.catalyst.util.DateTimeFormatterHelper$$anonfun$checkParsedDiff$1.applyOrElse(DateTimeFormatterHelper.scala:135)
	at scala.runtime.AbstractPartialFunction.apply(AbstractPartialFunction.scala:38)
	at org.apache.spark.sql.catalyst.util.Iso8601TimestampFormatter.parse(TimestampFormatter.scala:195)
	at org.apache.spark.sql.catalyst.expressions.GeneratedClass$GeneratedIteratorForCodegenStage3.processNext(Unknown Source)
	at org.apache.spark.sql.execution.BufferedRowIterator.hasNext(BufferedRowIterator.java:43)
	at org.apache.spark.sql.execution.WholeStageCodegenEvaluatorFactory$WholeStageCodegenPartitionEvaluator$$anon$1.hasNext(WholeStageCodegenEvaluatorFactory.scala:43)
	at org.apache.spark.sql.execution.datasources.FileFormatDataWriter.writeWithIterator(FileFormatDataWriter.scala:121)
	at org.apache.spark.sql.delta.files.DeltaFileFormatWriter$.$anonfun$executeTask$3(DeltaFileFormatWriter.scala:603)
	at org.apache.spark.util.Utils$.tryWithSafeFinallyAndFailureCallbacks(Utils.scala:1398)
	at org.apache.spark.sql.delta.files.DeltaFileFormatWriter$.executeTask(DeltaFileFormatWriter.scala:611)
	... 12 more
Caused by: java.time.format.DateTimeParseException: Text '2016-03-02 00:00:00.0' could not be parsed, unparsed text found at index 19
	at java.base/java.time.format.DateTimeFormatter.parseResolved0(DateTimeFormatter.java:2049)
	at java.base/java.time.format.DateTimeFormatter.parse(DateTimeFormatter.java:",2026-08-04 17:41:14.150349,
ARCHIVE,archived,archived.provider,silver.provider,2026-07-08 00:00:00.000000,FAILED,False,1,6d5b71dc-89d7-4fd2-b33f-6bb79b1845cd,0.0,0.0,0.0,2026-08-04 17:43:46.321079,2026-08-04 17:43:52.758277,"An error occurred while calling o67025.saveAsTable.
: org.apache.spark.SparkException: Job aborted due to stage failure: Task 0 in stage 19767.0 failed 4 times, most recent failure: Lost task 0.3 in stage 19767.0 (TID 208862) (vm-89243710 executor 2): org.apache.spark.SparkException: [TASK_WRITE_FAILED] Task failed while writing rows to abfss://fefdb483-d26c-4bd9-9a4f-0c41cc786770@onelake.dfs.fabric.microsoft.com/d286fa39-f255-4ba7-a982-32cb69362ef7/Tables/silver/slv_provider.
	at org.apache.spark.sql.errors.QueryExecutionErrors$.taskFailedWhileWritingRowsError(QueryExecutionErrors.scala:777)
	at org.apache.spark.sql.delta.files.DeltaFileFormatWriter$.executeTask(DeltaFileFormatWriter.scala:621)
	at org.apache.spark.sql.delta.files.DeltaFileFormatWriter$.$anonfun$executeWrite$4(DeltaFileFormatWriter.scala:387)
	at org.apache.spark.scheduler.ResultTask.runTask(ResultTask.scala:93)
	at org.apache.spark.TaskContext.runTaskWithListeners(TaskContext.scala:166)
	at org.apache.spark.scheduler.Task.run(Task.scala:141)
	at org.apache.spark.executor.Executor$TaskRunner.$anonfun$run$4(Executor.scala:636)
	at org.apache.spark.util.SparkErrorUtils.tryWithSafeFinally(SparkErrorUtils.scala:64)
	at org.apache.spark.util.SparkErrorUtils.tryWithSafeFinally$(SparkErrorUtils.scala:61)
	at org.apache.spark.util.Utils$.tryWithSafeFinally(Utils.scala:95)
	at org.apache.spark.executor.Executor$TaskRunner.run(Executor.scala:639)
	at java.base/java.util.concurrent.ThreadPoolExecutor.runWorker(ThreadPoolExecutor.java:1128)
	at java.base/java.util.concurrent.ThreadPoolExecutor$Worker.run(ThreadPoolExecutor.java:628)
	at java.base/java.lang.Thread.run(Thread.java:829)
Caused by: org.apache.spark.SparkUpgradeException: [INCONSISTENT_BEHAVIOR_CROSS_VERSION.PARSE_DATETIME_BY_NEW_PARSER] You may get a different result due to the upgrading to Spark >= 3.0:
Fail to parse '2026-03-25 14:43:09.438954' in the new parser. You can set ""spark.sql.legacy.timeParserPolicy"" to ""LEGACY"" to restore the behavior before Spark 3.0, or set to ""CORRECTED"" and treat it as an invalid datetime string.
	at org.apache.spark.sql.errors.ExecutionErrors.failToParseDateTimeInNewParserError(ExecutionErrors.scala:54)
	at org.apache.spark.sql.errors.ExecutionErrors.failToParseDateTimeInNewParserError$(ExecutionErrors.scala:48)
	at org.apache.spark.sql.errors.ExecutionErrors$.failToParseDateTimeInNewParserError(ExecutionErrors.scala:218)
	at org.apache.spark.sql.catalyst.util.DateTimeFormatterHelper$$anonfun$checkParsedDiff$1.applyOrElse(DateTimeFormatterHelper.scala:142)
	at org.apache.spark.sql.catalyst.util.DateTimeFormatterHelper$$anonfun$checkParsedDiff$1.applyOrElse(DateTimeFormatterHelper.scala:135)
	at scala.runtime.AbstractPartialFunction.apply(AbstractPartialFunction.scala:38)
	at org.apache.spark.sql.catalyst.util.Iso8601TimestampFormatter.parse(TimestampFormatter.scala:195)
	at org.apache.spark.sql.catalyst.expressions.GeneratedClass$GeneratedIteratorForCodegenStage3.processNext(Unknown Source)
	at org.apache.spark.sql.execution.BufferedRowIterator.hasNext(BufferedRowIterator.java:43)
	at org.apache.spark.sql.execution.WholeStageCodegenEvaluatorFactory$WholeStageCodegenPartitionEvaluator$$anon$1.hasNext(WholeStageCodegenEvaluatorFactory.scala:43)
	at org.apache.spark.sql.execution.datasources.FileFormatDataWriter.writeWithIterator(FileFormatDataWriter.scala:121)
	at org.apache.spark.sql.delta.files.DeltaFileFormatWriter$.$anonfun$executeTask$3(DeltaFileFormatWriter.scala:603)
	at org.apache.spark.util.Utils$.tryWithSafeFinallyAndFailureCallbacks(Utils.scala:1398)
	at org.apache.spark.sql.delta.files.DeltaFileFormatWriter$.executeTask(DeltaFileFormatWriter.scala:611)
	... 12 more
Caused by: java.time.format.DateTimeParseException: Text '2026-03-25 14:43:09.438954' could not be parsed, unparsed text found at index 19
	at java.base/java.time.format.DateTimeFormatter.parseResolved0(DateTimeFormatter.java:2049)
	at java.base/java.time.format.DateTimeFormatter.parse(DateTimeFormatter",2026-08-04 17:43:52.758277,
ARCHIVE,archived,archived.provider,silver.provider,2026-07-06 00:00:00.000000,FAILED,False,1,6d5b71dc-89d7-4fd2-b33f-6bb79b1845cd,0.0,0.0,0.0,2026-08-04 17:27:20.708293,2026-08-04 17:27:27.234359,"An error occurred while calling o51495.saveAsTable.
: org.apache.spark.SparkException: Job aborted due to stage failure: Task 0 in stage 14565.0 failed 4 times, most recent failure: Lost task 0.3 in stage 14565.0 (TID 153641) (vm-89243710 executor 2): org.apache.spark.SparkException: [TASK_WRITE_FAILED] Task failed while writing rows to abfss://fefdb483-d26c-4bd9-9a4f-0c41cc786770@onelake.dfs.fabric.microsoft.com/d286fa39-f255-4ba7-a982-32cb69362ef7/Tables/silver/slv_provider.
	at org.apache.spark.sql.errors.QueryExecutionErrors$.taskFailedWhileWritingRowsError(QueryExecutionErrors.scala:777)
	at org.apache.spark.sql.delta.files.DeltaFileFormatWriter$.executeTask(DeltaFileFormatWriter.scala:621)
	at org.apache.spark.sql.delta.files.DeltaFileFormatWriter$.$anonfun$executeWrite$4(DeltaFileFormatWriter.scala:387)
	at org.apache.spark.scheduler.ResultTask.runTask(ResultTask.scala:93)
	at org.apache.spark.TaskContext.runTaskWithListeners(TaskContext.scala:166)
	at org.apache.spark.scheduler.Task.run(Task.scala:141)
	at org.apache.spark.executor.Executor$TaskRunner.$anonfun$run$4(Executor.scala:636)
	at org.apache.spark.util.SparkErrorUtils.tryWithSafeFinally(SparkErrorUtils.scala:64)
	at org.apache.spark.util.SparkErrorUtils.tryWithSafeFinally$(SparkErrorUtils.scala:61)
	at org.apache.spark.util.Utils$.tryWithSafeFinally(Utils.scala:95)
	at org.apache.spark.executor.Executor$TaskRunner.run(Executor.scala:639)
	at java.base/java.util.concurrent.ThreadPoolExecutor.runWorker(ThreadPoolExecutor.java:1128)
	at java.base/java.util.concurrent.ThreadPoolExecutor$Worker.run(ThreadPoolExecutor.java:628)
	at java.base/java.lang.Thread.run(Thread.java:829)
Caused by: org.apache.spark.SparkUpgradeException: [INCONSISTENT_BEHAVIOR_CROSS_VERSION.PARSE_DATETIME_BY_NEW_PARSER] You may get a different result due to the upgrading to Spark >= 3.0:
Fail to parse '2026-03-25 14:43:09.438954' in the new parser. You can set ""spark.sql.legacy.timeParserPolicy"" to ""LEGACY"" to restore the behavior before Spark 3.0, or set to ""CORRECTED"" and treat it as an invalid datetime string.
	at org.apache.spark.sql.errors.ExecutionErrors.failToParseDateTimeInNewParserError(ExecutionErrors.scala:54)
	at org.apache.spark.sql.errors.ExecutionErrors.failToParseDateTimeInNewParserError$(ExecutionErrors.scala:48)
	at org.apache.spark.sql.errors.ExecutionErrors$.failToParseDateTimeInNewParserError(ExecutionErrors.scala:218)
	at org.apache.spark.sql.catalyst.util.DateTimeFormatterHelper$$anonfun$checkParsedDiff$1.applyOrElse(DateTimeFormatterHelper.scala:142)
	at org.apache.spark.sql.catalyst.util.DateTimeFormatterHelper$$anonfun$checkParsedDiff$1.applyOrElse(DateTimeFormatterHelper.scala:135)
	at scala.runtime.AbstractPartialFunction.apply(AbstractPartialFunction.scala:38)
	at org.apache.spark.sql.catalyst.util.Iso8601TimestampFormatter.parse(TimestampFormatter.scala:195)
	at org.apache.spark.sql.catalyst.expressions.GeneratedClass$GeneratedIteratorForCodegenStage3.processNext(Unknown Source)
	at org.apache.spark.sql.execution.BufferedRowIterator.hasNext(BufferedRowIterator.java:43)
	at org.apache.spark.sql.execution.WholeStageCodegenEvaluatorFactory$WholeStageCodegenPartitionEvaluator$$anon$1.hasNext(WholeStageCodegenEvaluatorFactory.scala:43)
	at org.apache.spark.sql.execution.datasources.FileFormatDataWriter.writeWithIterator(FileFormatDataWriter.scala:121)
	at org.apache.spark.sql.delta.files.DeltaFileFormatWriter$.$anonfun$executeTask$3(DeltaFileFormatWriter.scala:603)
	at org.apache.spark.util.Utils$.tryWithSafeFinallyAndFailureCallbacks(Utils.scala:1398)
	at org.apache.spark.sql.delta.files.DeltaFileFormatWriter$.executeTask(DeltaFileFormatWriter.scala:611)
	... 12 more
Caused by: java.time.format.DateTimeParseException: Text '2026-03-25 14:43:09.438954' could not be parsed, unparsed text found at index 19
	at java.base/java.time.format.DateTimeFormatter.parseResolved0(DateTimeFormatter.java:2049)
	at java.base/java.time.format.DateTimeFormatter.parse(DateTimeFormatter",2026-08-04 17:27:27.234359,
ARCHIVE,archived,archived.provider,silver.provider,2026-07-07 00:00:00.000000,FAILED,False,1,6d5b71dc-89d7-4fd2-b33f-6bb79b1845cd,0.0,0.0,0.0,2026-08-04 17:35:37.750195,2026-08-04 17:35:44.454253,"An error occurred while calling o59260.saveAsTable.
: org.apache.spark.SparkException: Job aborted due to stage failure: Task 0 in stage 17162.0 failed 4 times, most recent failure: Lost task 0.3 in stage 17162.0 (TID 181172) (vm-89243710 executor 2): org.apache.spark.SparkException: [TASK_WRITE_FAILED] Task failed while writing rows to abfss://fefdb483-d26c-4bd9-9a4f-0c41cc786770@onelake.dfs.fabric.microsoft.com/d286fa39-f255-4ba7-a982-32cb69362ef7/Tables/silver/slv_provider.
	at org.apache.spark.sql.errors.QueryExecutionErrors$.taskFailedWhileWritingRowsError(QueryExecutionErrors.scala:777)
	at org.apache.spark.sql.delta.files.DeltaFileFormatWriter$.executeTask(DeltaFileFormatWriter.scala:621)
	at org.apache.spark.sql.delta.files.DeltaFileFormatWriter$.$anonfun$executeWrite$4(DeltaFileFormatWriter.scala:387)
	at org.apache.spark.scheduler.ResultTask.runTask(ResultTask.scala:93)
	at org.apache.spark.TaskContext.runTaskWithListeners(TaskContext.scala:166)
	at org.apache.spark.scheduler.Task.run(Task.scala:141)
	at org.apache.spark.executor.Executor$TaskRunner.$anonfun$run$4(Executor.scala:636)
	at org.apache.spark.util.SparkErrorUtils.tryWithSafeFinally(SparkErrorUtils.scala:64)
	at org.apache.spark.util.SparkErrorUtils.tryWithSafeFinally$(SparkErrorUtils.scala:61)
	at org.apache.spark.util.Utils$.tryWithSafeFinally(Utils.scala:95)
	at org.apache.spark.executor.Executor$TaskRunner.run(Executor.scala:639)
	at java.base/java.util.concurrent.ThreadPoolExecutor.runWorker(ThreadPoolExecutor.java:1128)
	at java.base/java.util.concurrent.ThreadPoolExecutor$Worker.run(ThreadPoolExecutor.java:628)
	at java.base/java.lang.Thread.run(Thread.java:829)
Caused by: org.apache.spark.SparkUpgradeException: [INCONSISTENT_BEHAVIOR_CROSS_VERSION.PARSE_DATETIME_BY_NEW_PARSER] You may get a different result due to the upgrading to Spark >= 3.0:
Fail to parse '2026-03-25 14:43:09.438954' in the new parser. You can set ""spark.sql.legacy.timeParserPolicy"" to ""LEGACY"" to restore the behavior before Spark 3.0, or set to ""CORRECTED"" and treat it as an invalid datetime string.
	at org.apache.spark.sql.errors.ExecutionErrors.failToParseDateTimeInNewParserError(ExecutionErrors.scala:54)
	at org.apache.spark.sql.errors.ExecutionErrors.failToParseDateTimeInNewParserError$(ExecutionErrors.scala:48)
	at org.apache.spark.sql.errors.ExecutionErrors$.failToParseDateTimeInNewParserError(ExecutionErrors.scala:218)
	at org.apache.spark.sql.catalyst.util.DateTimeFormatterHelper$$anonfun$checkParsedDiff$1.applyOrElse(DateTimeFormatterHelper.scala:142)
	at org.apache.spark.sql.catalyst.util.DateTimeFormatterHelper$$anonfun$checkParsedDiff$1.applyOrElse(DateTimeFormatterHelper.scala:135)
	at scala.runtime.AbstractPartialFunction.apply(AbstractPartialFunction.scala:38)
	at org.apache.spark.sql.catalyst.util.Iso8601TimestampFormatter.parse(TimestampFormatter.scala:195)
	at org.apache.spark.sql.catalyst.expressions.GeneratedClass$GeneratedIteratorForCodegenStage3.processNext(Unknown Source)
	at org.apache.spark.sql.execution.BufferedRowIterator.hasNext(BufferedRowIterator.java:43)
	at org.apache.spark.sql.execution.WholeStageCodegenEvaluatorFactory$WholeStageCodegenPartitionEvaluator$$anon$1.hasNext(WholeStageCodegenEvaluatorFactory.scala:43)
	at org.apache.spark.sql.execution.datasources.FileFormatDataWriter.writeWithIterator(FileFormatDataWriter.scala:121)
	at org.apache.spark.sql.delta.files.DeltaFileFormatWriter$.$anonfun$executeTask$3(DeltaFileFormatWriter.scala:603)
	at org.apache.spark.util.Utils$.tryWithSafeFinallyAndFailureCallbacks(Utils.scala:1398)
	at org.apache.spark.sql.delta.files.DeltaFileFormatWriter$.executeTask(DeltaFileFormatWriter.scala:611)
	... 12 more
Caused by: java.time.format.DateTimeParseException: Text '2026-03-25 14:43:09.438954' could not be parsed, unparsed text found at index 19
	at java.base/java.time.format.DateTimeFormatter.parseResolved0(DateTimeFormatter.java:2049)
	at java.base/java.time.format.DateTimeFormatter.parse(DateTimeFormatter",2026-08-04 17:35:44.454253,
ARCHIVE,archived,archived.provider,silver.provider,2026-07-05 00:00:00.000000,FAILED,False,1,6d5b71dc-89d7-4fd2-b33f-6bb79b1845cd,0.0,0.0,0.0,2026-08-04 17:19:47.185292,2026-08-04 17:19:53.518313,"An error occurred while calling o43941.saveAsTable.
: org.apache.spark.SparkException: Job aborted due to stage failure: Task 0 in stage 12096.0 failed 4 times, most recent failure: Lost task 0.3 in stage 12096.0 (TID 127382) (vm-89243710 executor 2): org.apache.spark.SparkException: [TASK_WRITE_FAILED] Task failed while writing rows to abfss://fefdb483-d26c-4bd9-9a4f-0c41cc786770@onelake.dfs.fabric.microsoft.com/d286fa39-f255-4ba7-a982-32cb69362ef7/Tables/silver/slv_provider.
	at org.apache.spark.sql.errors.QueryExecutionErrors$.taskFailedWhileWritingRowsError(QueryExecutionErrors.scala:777)
	at org.apache.spark.sql.delta.files.DeltaFileFormatWriter$.executeTask(DeltaFileFormatWriter.scala:621)
	at org.apache.spark.sql.delta.files.DeltaFileFormatWriter$.$anonfun$executeWrite$4(DeltaFileFormatWriter.scala:387)
	at org.apache.spark.scheduler.ResultTask.runTask(ResultTask.scala:93)
	at org.apache.spark.TaskContext.runTaskWithListeners(TaskContext.scala:166)
	at org.apache.spark.scheduler.Task.run(Task.scala:141)
	at org.apache.spark.executor.Executor$TaskRunner.$anonfun$run$4(Executor.scala:636)
	at org.apache.spark.util.SparkErrorUtils.tryWithSafeFinally(SparkErrorUtils.scala:64)
	at org.apache.spark.util.SparkErrorUtils.tryWithSafeFinally$(SparkErrorUtils.scala:61)
	at org.apache.spark.util.Utils$.tryWithSafeFinally(Utils.scala:95)
	at org.apache.spark.executor.Executor$TaskRunner.run(Executor.scala:639)
	at java.base/java.util.concurrent.ThreadPoolExecutor.runWorker(ThreadPoolExecutor.java:1128)
	at java.base/java.util.concurrent.ThreadPoolExecutor$Worker.run(ThreadPoolExecutor.java:628)
	at java.base/java.lang.Thread.run(Thread.java:829)
Caused by: org.apache.spark.SparkUpgradeException: [INCONSISTENT_BEHAVIOR_CROSS_VERSION.PARSE_DATETIME_BY_NEW_PARSER] You may get a different result due to the upgrading to Spark >= 3.0:
Fail to parse '2026-03-25 14:43:09.438954' in the new parser. You can set ""spark.sql.legacy.timeParserPolicy"" to ""LEGACY"" to restore the behavior before Spark 3.0, or set to ""CORRECTED"" and treat it as an invalid datetime string.
	at org.apache.spark.sql.errors.ExecutionErrors.failToParseDateTimeInNewParserError(ExecutionErrors.scala:54)
	at org.apache.spark.sql.errors.ExecutionErrors.failToParseDateTimeInNewParserError$(ExecutionErrors.scala:48)
	at org.apache.spark.sql.errors.ExecutionErrors$.failToParseDateTimeInNewParserError(ExecutionErrors.scala:218)
	at org.apache.spark.sql.catalyst.util.DateTimeFormatterHelper$$anonfun$checkParsedDiff$1.applyOrElse(DateTimeFormatterHelper.scala:142)
	at org.apache.spark.sql.catalyst.util.DateTimeFormatterHelper$$anonfun$checkParsedDiff$1.applyOrElse(DateTimeFormatterHelper.scala:135)
	at scala.runtime.AbstractPartialFunction.apply(AbstractPartialFunction.scala:38)
	at org.apache.spark.sql.catalyst.util.Iso8601TimestampFormatter.parse(TimestampFormatter.scala:195)
	at org.apache.spark.sql.catalyst.expressions.GeneratedClass$GeneratedIteratorForCodegenStage3.processNext(Unknown Source)
	at org.apache.spark.sql.execution.BufferedRowIterator.hasNext(BufferedRowIterator.java:43)
	at org.apache.spark.sql.execution.WholeStageCodegenEvaluatorFactory$WholeStageCodegenPartitionEvaluator$$anon$1.hasNext(WholeStageCodegenEvaluatorFactory.scala:43)
	at org.apache.spark.sql.execution.datasources.FileFormatDataWriter.writeWithIterator(FileFormatDataWriter.scala:121)
	at org.apache.spark.sql.delta.files.DeltaFileFormatWriter$.$anonfun$executeTask$3(DeltaFileFormatWriter.scala:603)
	at org.apache.spark.util.Utils$.tryWithSafeFinallyAndFailureCallbacks(Utils.scala:1398)
	at org.apache.spark.sql.delta.files.DeltaFileFormatWriter$.executeTask(DeltaFileFormatWriter.scala:611)
	... 12 more
Caused by: java.time.format.DateTimeParseException: Text '2026-03-25 14:43:09.438954' could not be parsed, unparsed text found at index 19
	at java.base/java.time.format.DateTimeFormatter.parseResolved0(DateTimeFormatter.java:2049)
	at java.base/java.time.format.DateTimeFormatter.parse(DateTimeFormatter",2026-08-04 17:19:53.518313,
ARCHIVE,archived,archived.provider,silver.provider,2026-07-04 00:00:00.000000,FAILED,False,1,6d5b71dc-89d7-4fd2-b33f-6bb79b1845cd,0.0,0.0,0.0,2026-08-04 17:13:06.687686,2026-08-04 17:13:12.838276,"An error occurred while calling o37135.saveAsTable.
: org.apache.spark.SparkException: Job aborted due to stage failure: Task 0 in stage 9864.0 failed 4 times, most recent failure: Lost task 0.3 in stage 9864.0 (TID 103600) (vm-89243710 executor 2): org.apache.spark.SparkException: [TASK_WRITE_FAILED] Task failed while writing rows to abfss://fefdb483-d26c-4bd9-9a4f-0c41cc786770@onelake.dfs.fabric.microsoft.com/d286fa39-f255-4ba7-a982-32cb69362ef7/Tables/silver/slv_provider.
	at org.apache.spark.sql.errors.QueryExecutionErrors$.taskFailedWhileWritingRowsError(QueryExecutionErrors.scala:777)
	at org.apache.spark.sql.delta.files.DeltaFileFormatWriter$.executeTask(DeltaFileFormatWriter.scala:621)
	at org.apache.spark.sql.delta.files.DeltaFileFormatWriter$.$anonfun$executeWrite$4(DeltaFileFormatWriter.scala:387)
	at org.apache.spark.scheduler.ResultTask.runTask(ResultTask.scala:93)
	at org.apache.spark.TaskContext.runTaskWithListeners(TaskContext.scala:166)
	at org.apache.spark.scheduler.Task.run(Task.scala:141)
	at org.apache.spark.executor.Executor$TaskRunner.$anonfun$run$4(Executor.scala:636)
	at org.apache.spark.util.SparkErrorUtils.tryWithSafeFinally(SparkErrorUtils.scala:64)
	at org.apache.spark.util.SparkErrorUtils.tryWithSafeFinally$(SparkErrorUtils.scala:61)
	at org.apache.spark.util.Utils$.tryWithSafeFinally(Utils.scala:95)
	at org.apache.spark.executor.Executor$TaskRunner.run(Executor.scala:639)
	at java.base/java.util.concurrent.ThreadPoolExecutor.runWorker(ThreadPoolExecutor.java:1128)
	at java.base/java.util.concurrent.ThreadPoolExecutor$Worker.run(ThreadPoolExecutor.java:628)
	at java.base/java.lang.Thread.run(Thread.java:829)
Caused by: org.apache.spark.SparkUpgradeException: [INCONSISTENT_BEHAVIOR_CROSS_VERSION.PARSE_DATETIME_BY_NEW_PARSER] You may get a different result due to the upgrading to Spark >= 3.0:
Fail to parse '2026-03-25 14:43:09.438954' in the new parser. You can set ""spark.sql.legacy.timeParserPolicy"" to ""LEGACY"" to restore the behavior before Spark 3.0, or set to ""CORRECTED"" and treat it as an invalid datetime string.
	at org.apache.spark.sql.errors.ExecutionErrors.failToParseDateTimeInNewParserError(ExecutionErrors.scala:54)
	at org.apache.spark.sql.errors.ExecutionErrors.failToParseDateTimeInNewParserError$(ExecutionErrors.scala:48)
	at org.apache.spark.sql.errors.ExecutionErrors$.failToParseDateTimeInNewParserError(ExecutionErrors.scala:218)
	at org.apache.spark.sql.catalyst.util.DateTimeFormatterHelper$$anonfun$checkParsedDiff$1.applyOrElse(DateTimeFormatterHelper.scala:142)
	at org.apache.spark.sql.catalyst.util.DateTimeFormatterHelper$$anonfun$checkParsedDiff$1.applyOrElse(DateTimeFormatterHelper.scala:135)
	at scala.runtime.AbstractPartialFunction.apply(AbstractPartialFunction.scala:38)
	at org.apache.spark.sql.catalyst.util.Iso8601TimestampFormatter.parse(TimestampFormatter.scala:195)
	at org.apache.spark.sql.catalyst.expressions.GeneratedClass$GeneratedIteratorForCodegenStage3.processNext(Unknown Source)
	at org.apache.spark.sql.execution.BufferedRowIterator.hasNext(BufferedRowIterator.java:43)
	at org.apache.spark.sql.execution.WholeStageCodegenEvaluatorFactory$WholeStageCodegenPartitionEvaluator$$anon$1.hasNext(WholeStageCodegenEvaluatorFactory.scala:43)
	at org.apache.spark.sql.execution.datasources.FileFormatDataWriter.writeWithIterator(FileFormatDataWriter.scala:121)
	at org.apache.spark.sql.delta.files.DeltaFileFormatWriter$.$anonfun$executeTask$3(DeltaFileFormatWriter.scala:603)
	at org.apache.spark.util.Utils$.tryWithSafeFinallyAndFailureCallbacks(Utils.scala:1398)
	at org.apache.spark.sql.delta.files.DeltaFileFormatWriter$.executeTask(DeltaFileFormatWriter.scala:611)
	... 12 more
Caused by: java.time.format.DateTimeParseException: Text '2026-03-25 14:43:09.438954' could not be parsed, unparsed text found at index 19
	at java.base/java.time.format.DateTimeFormatter.parseResolved0(DateTimeFormatter.java:2049)
	at java.base/java.time.format.DateTimeFormatter.parse(DateTimeFormatter.j",2026-08-04 17:13:12.838276,
ARCHIVE,archived,archived.offer,silver.offer,2026-07-05 00:00:00.000000,FAILED,False,1,6d5b71dc-89d7-4fd2-b33f-6bb79b1845cd,0.0,0.0,0.0,2026-08-04 17:19:04.360790,2026-08-04 17:19:10.280855,"An error occurred while calling o43064.saveAsTable.
: org.apache.spark.SparkException: Job aborted due to stage failure: Task 0 in stage 11873.0 failed 4 times, most recent failure: Lost task 0.3 in stage 11873.0 (TID 124769) (vm-89243710 executor 2): org.apache.spark.SparkException: [TASK_WRITE_FAILED] Task failed while writing rows to abfss://fefdb483-d26c-4bd9-9a4f-0c41cc786770@onelake.dfs.fabric.microsoft.com/d286fa39-f255-4ba7-a982-32cb69362ef7/Tables/silver/slv_offer.
	at org.apache.spark.sql.errors.QueryExecutionErrors$.taskFailedWhileWritingRowsError(QueryExecutionErrors.scala:777)
	at org.apache.spark.sql.delta.files.DeltaFileFormatWriter$.executeTask(DeltaFileFormatWriter.scala:621)
	at org.apache.spark.sql.delta.files.DeltaFileFormatWriter$.$anonfun$executeWrite$4(DeltaFileFormatWriter.scala:387)
	at org.apache.spark.scheduler.ResultTask.runTask(ResultTask.scala:93)
	at org.apache.spark.TaskContext.runTaskWithListeners(TaskContext.scala:166)
	at org.apache.spark.scheduler.Task.run(Task.scala:141)
	at org.apache.spark.executor.Executor$TaskRunner.$anonfun$run$4(Executor.scala:636)
	at org.apache.spark.util.SparkErrorUtils.tryWithSafeFinally(SparkErrorUtils.scala:64)
	at org.apache.spark.util.SparkErrorUtils.tryWithSafeFinally$(SparkErrorUtils.scala:61)
	at org.apache.spark.util.Utils$.tryWithSafeFinally(Utils.scala:95)
	at org.apache.spark.executor.Executor$TaskRunner.run(Executor.scala:639)
	at java.base/java.util.concurrent.ThreadPoolExecutor.runWorker(ThreadPoolExecutor.java:1128)
	at java.base/java.util.concurrent.ThreadPoolExecutor$Worker.run(ThreadPoolExecutor.java:628)
	at java.base/java.lang.Thread.run(Thread.java:829)
Caused by: org.apache.spark.SparkUpgradeException: [INCONSISTENT_BEHAVIOR_CROSS_VERSION.PARSE_DATETIME_BY_NEW_PARSER] You may get a different result due to the upgrading to Spark >= 3.0:
Fail to parse '2026-06-05 09:28:43.959135' in the new parser. You can set ""spark.sql.legacy.timeParserPolicy"" to ""LEGACY"" to restore the behavior before Spark 3.0, or set to ""CORRECTED"" and treat it as an invalid datetime string.
	at org.apache.spark.sql.errors.ExecutionErrors.failToParseDateTimeInNewParserError(ExecutionErrors.scala:54)
	at org.apache.spark.sql.errors.ExecutionErrors.failToParseDateTimeInNewParserError$(ExecutionErrors.scala:48)
	at org.apache.spark.sql.errors.ExecutionErrors$.failToParseDateTimeInNewParserError(ExecutionErrors.scala:218)
	at org.apache.spark.sql.catalyst.util.DateTimeFormatterHelper$$anonfun$checkParsedDiff$1.applyOrElse(DateTimeFormatterHelper.scala:142)
	at org.apache.spark.sql.catalyst.util.DateTimeFormatterHelper$$anonfun$checkParsedDiff$1.applyOrElse(DateTimeFormatterHelper.scala:135)
	at scala.runtime.AbstractPartialFunction.apply(AbstractPartialFunction.scala:38)
	at org.apache.spark.sql.catalyst.util.Iso8601TimestampFormatter.parse(TimestampFormatter.scala:195)
	at org.apache.spark.sql.catalyst.expressions.GeneratedClass$GeneratedIteratorForCodegenStage3.processNext(Unknown Source)
	at org.apache.spark.sql.execution.BufferedRowIterator.hasNext(BufferedRowIterator.java:43)
	at org.apache.spark.sql.execution.WholeStageCodegenEvaluatorFactory$WholeStageCodegenPartitionEvaluator$$anon$1.hasNext(WholeStageCodegenEvaluatorFactory.scala:43)
	at org.apache.spark.sql.execution.datasources.FileFormatDataWriter.writeWithIterator(FileFormatDataWriter.scala:121)
	at org.apache.spark.sql.delta.files.DeltaFileFormatWriter$.$anonfun$executeTask$3(DeltaFileFormatWriter.scala:603)
	at org.apache.spark.util.Utils$.tryWithSafeFinallyAndFailureCallbacks(Utils.scala:1398)
	at org.apache.spark.sql.delta.files.DeltaFileFormatWriter$.executeTask(DeltaFileFormatWriter.scala:611)
	... 12 more
Caused by: java.time.format.DateTimeParseException: Text '2026-06-05 09:28:43.959135' could not be parsed, unparsed text found at index 19
	at java.base/java.time.format.DateTimeFormatter.parseResolved0(DateTimeFormatter.java:2049)
	at java.base/java.time.format.DateTimeFormatter.parse(DateTimeFormatter.ja",2026-08-04 17:19:10.280855,
ARCHIVE,archived,archived.offer,silver.offer,2026-07-06 00:00:00.000000,FAILED,False,1,6d5b71dc-89d7-4fd2-b33f-6bb79b1845cd,0.0,0.0,0.0,2026-08-04 17:26:38.873131,2026-08-04 17:26:45.306305,"An error occurred while calling o50618.saveAsTable.
: org.apache.spark.SparkException: Job aborted due to stage failure: Task 0 in stage 14355.0 failed 4 times, most recent failure: Lost task 0.3 in stage 14355.0 (TID 151139) (vm-89243710 executor 2): org.apache.spark.SparkException: [TASK_WRITE_FAILED] Task failed while writing rows to abfss://fefdb483-d26c-4bd9-9a4f-0c41cc786770@onelake.dfs.fabric.microsoft.com/d286fa39-f255-4ba7-a982-32cb69362ef7/Tables/silver/slv_offer.
	at org.apache.spark.sql.errors.QueryExecutionErrors$.taskFailedWhileWritingRowsError(QueryExecutionErrors.scala:777)
	at org.apache.spark.sql.delta.files.DeltaFileFormatWriter$.executeTask(DeltaFileFormatWriter.scala:621)
	at org.apache.spark.sql.delta.files.DeltaFileFormatWriter$.$anonfun$executeWrite$4(DeltaFileFormatWriter.scala:387)
	at org.apache.spark.scheduler.ResultTask.runTask(ResultTask.scala:93)
	at org.apache.spark.TaskContext.runTaskWithListeners(TaskContext.scala:166)
	at org.apache.spark.scheduler.Task.run(Task.scala:141)
	at org.apache.spark.executor.Executor$TaskRunner.$anonfun$run$4(Executor.scala:636)
	at org.apache.spark.util.SparkErrorUtils.tryWithSafeFinally(SparkErrorUtils.scala:64)
	at org.apache.spark.util.SparkErrorUtils.tryWithSafeFinally$(SparkErrorUtils.scala:61)
	at org.apache.spark.util.Utils$.tryWithSafeFinally(Utils.scala:95)
	at org.apache.spark.executor.Executor$TaskRunner.run(Executor.scala:639)
	at java.base/java.util.concurrent.ThreadPoolExecutor.runWorker(ThreadPoolExecutor.java:1128)
	at java.base/java.util.concurrent.ThreadPoolExecutor$Worker.run(ThreadPoolExecutor.java:628)
	at java.base/java.lang.Thread.run(Thread.java:829)
Caused by: org.apache.spark.SparkUpgradeException: [INCONSISTENT_BEHAVIOR_CROSS_VERSION.PARSE_DATETIME_BY_NEW_PARSER] You may get a different result due to the upgrading to Spark >= 3.0:
Fail to parse '2026-06-05 09:28:43.959135' in the new parser. You can set ""spark.sql.legacy.timeParserPolicy"" to ""LEGACY"" to restore the behavior before Spark 3.0, or set to ""CORRECTED"" and treat it as an invalid datetime string.
	at org.apache.spark.sql.errors.ExecutionErrors.failToParseDateTimeInNewParserError(ExecutionErrors.scala:54)
	at org.apache.spark.sql.errors.ExecutionErrors.failToParseDateTimeInNewParserError$(ExecutionErrors.scala:48)
	at org.apache.spark.sql.errors.ExecutionErrors$.failToParseDateTimeInNewParserError(ExecutionErrors.scala:218)
	at org.apache.spark.sql.catalyst.util.DateTimeFormatterHelper$$anonfun$checkParsedDiff$1.applyOrElse(DateTimeFormatterHelper.scala:142)
	at org.apache.spark.sql.catalyst.util.DateTimeFormatterHelper$$anonfun$checkParsedDiff$1.applyOrElse(DateTimeFormatterHelper.scala:135)
	at scala.runtime.AbstractPartialFunction.apply(AbstractPartialFunction.scala:38)
	at org.apache.spark.sql.catalyst.util.Iso8601TimestampFormatter.parse(TimestampFormatter.scala:195)
	at org.apache.spark.sql.catalyst.expressions.GeneratedClass$GeneratedIteratorForCodegenStage3.processNext(Unknown Source)
	at org.apache.spark.sql.execution.BufferedRowIterator.hasNext(BufferedRowIterator.java:43)
	at org.apache.spark.sql.execution.WholeStageCodegenEvaluatorFactory$WholeStageCodegenPartitionEvaluator$$anon$1.hasNext(WholeStageCodegenEvaluatorFactory.scala:43)
	at org.apache.spark.sql.execution.datasources.FileFormatDataWriter.writeWithIterator(FileFormatDataWriter.scala:121)
	at org.apache.spark.sql.delta.files.DeltaFileFormatWriter$.$anonfun$executeTask$3(DeltaFileFormatWriter.scala:603)
	at org.apache.spark.util.Utils$.tryWithSafeFinallyAndFailureCallbacks(Utils.scala:1398)
	at org.apache.spark.sql.delta.files.DeltaFileFormatWriter$.executeTask(DeltaFileFormatWriter.scala:611)
	... 12 more
Caused by: java.time.format.DateTimeParseException: Text '2026-06-05 09:28:43.959135' could not be parsed, unparsed text found at index 19
	at java.base/java.time.format.DateTimeFormatter.parseResolved0(DateTimeFormatter.java:2049)
	at java.base/java.time.format.DateTimeFormatter.parse(DateTimeFormatter.ja",2026-08-04 17:26:45.306305,
ARCHIVE,archived,archived.offer,silver.offer,2026-07-07 00:00:00.000000,FAILED,False,1,6d5b71dc-89d7-4fd2-b33f-6bb79b1845cd,0.0,0.0,0.0,2026-08-04 17:34:55.942221,2026-08-04 17:35:02.489759,"An error occurred while calling o58383.saveAsTable.
: org.apache.spark.SparkException: Job aborted due to stage failure: Task 0 in stage 16952.0 failed 4 times, most recent failure: Lost task 0.3 in stage 16952.0 (TID 178678) (vm-6e727419 executor 3): org.apache.spark.SparkException: [TASK_WRITE_FAILED] Task failed while writing rows to abfss://fefdb483-d26c-4bd9-9a4f-0c41cc786770@onelake.dfs.fabric.microsoft.com/d286fa39-f255-4ba7-a982-32cb69362ef7/Tables/silver/slv_offer.
	at org.apache.spark.sql.errors.QueryExecutionErrors$.taskFailedWhileWritingRowsError(QueryExecutionErrors.scala:777)
	at org.apache.spark.sql.delta.files.DeltaFileFormatWriter$.executeTask(DeltaFileFormatWriter.scala:621)
	at org.apache.spark.sql.delta.files.DeltaFileFormatWriter$.$anonfun$executeWrite$4(DeltaFileFormatWriter.scala:387)
	at org.apache.spark.scheduler.ResultTask.runTask(ResultTask.scala:93)
	at org.apache.spark.TaskContext.runTaskWithListeners(TaskContext.scala:166)
	at org.apache.spark.scheduler.Task.run(Task.scala:141)
	at org.apache.spark.executor.Executor$TaskRunner.$anonfun$run$4(Executor.scala:636)
	at org.apache.spark.util.SparkErrorUtils.tryWithSafeFinally(SparkErrorUtils.scala:64)
	at org.apache.spark.util.SparkErrorUtils.tryWithSafeFinally$(SparkErrorUtils.scala:61)
	at org.apache.spark.util.Utils$.tryWithSafeFinally(Utils.scala:95)
	at org.apache.spark.executor.Executor$TaskRunner.run(Executor.scala:639)
	at java.base/java.util.concurrent.ThreadPoolExecutor.runWorker(ThreadPoolExecutor.java:1128)
	at java.base/java.util.concurrent.ThreadPoolExecutor$Worker.run(ThreadPoolExecutor.java:628)
	at java.base/java.lang.Thread.run(Thread.java:829)
Caused by: org.apache.spark.SparkUpgradeException: [INCONSISTENT_BEHAVIOR_CROSS_VERSION.PARSE_DATETIME_BY_NEW_PARSER] You may get a different result due to the upgrading to Spark >= 3.0:
Fail to parse '2026-07-07 14:33:35.101468' in the new parser. You can set ""spark.sql.legacy.timeParserPolicy"" to ""LEGACY"" to restore the behavior before Spark 3.0, or set to ""CORRECTED"" and treat it as an invalid datetime string.
	at org.apache.spark.sql.errors.ExecutionErrors.failToParseDateTimeInNewParserError(ExecutionErrors.scala:54)
	at org.apache.spark.sql.errors.ExecutionErrors.failToParseDateTimeInNewParserError$(ExecutionErrors.scala:48)
	at org.apache.spark.sql.errors.ExecutionErrors$.failToParseDateTimeInNewParserError(ExecutionErrors.scala:218)
	at org.apache.spark.sql.catalyst.util.DateTimeFormatterHelper$$anonfun$checkParsedDiff$1.applyOrElse(DateTimeFormatterHelper.scala:142)
	at org.apache.spark.sql.catalyst.util.DateTimeFormatterHelper$$anonfun$checkParsedDiff$1.applyOrElse(DateTimeFormatterHelper.scala:135)
	at scala.runtime.AbstractPartialFunction.apply(AbstractPartialFunction.scala:38)
	at org.apache.spark.sql.catalyst.util.Iso8601TimestampFormatter.parse(TimestampFormatter.scala:195)
	at org.apache.spark.sql.catalyst.expressions.GeneratedClass$GeneratedIteratorForCodegenStage3.processNext(Unknown Source)
	at org.apache.spark.sql.execution.BufferedRowIterator.hasNext(BufferedRowIterator.java:43)
	at org.apache.spark.sql.execution.WholeStageCodegenEvaluatorFactory$WholeStageCodegenPartitionEvaluator$$anon$1.hasNext(WholeStageCodegenEvaluatorFactory.scala:43)
	at org.apache.spark.sql.execution.datasources.FileFormatDataWriter.writeWithIterator(FileFormatDataWriter.scala:121)
	at org.apache.spark.sql.delta.files.DeltaFileFormatWriter$.$anonfun$executeTask$3(DeltaFileFormatWriter.scala:603)
	at org.apache.spark.util.Utils$.tryWithSafeFinallyAndFailureCallbacks(Utils.scala:1398)
	at org.apache.spark.sql.delta.files.DeltaFileFormatWriter$.executeTask(DeltaFileFormatWriter.scala:611)
	... 12 more
Caused by: java.time.format.DateTimeParseException: Text '2026-07-07 14:33:35.101468' could not be parsed, unparsed text found at index 19
	at java.base/java.time.format.DateTimeFormatter.parseResolved0(DateTimeFormatter.java:2049)
	at java.base/java.time.format.DateTimeFormatter.parse(DateTimeFormatter.ja",2026-08-04 17:35:02.489759,
ARCHIVE,archived,archived.offer,silver.offer,2026-07-08 00:00:00.000000,FAILED,False,1,6d5b71dc-89d7-4fd2-b33f-6bb79b1845cd,0.0,0.0,0.0,2026-08-04 17:43:02.920393,2026-08-04 17:43:09.610300,"An error occurred while calling o66148.saveAsTable.
: org.apache.spark.SparkException: Job aborted due to stage failure: Task 0 in stage 19557.0 failed 4 times, most recent failure: Lost task 0.3 in stage 19557.0 (TID 206378) (vm-89243710 executor 2): org.apache.spark.SparkException: [TASK_WRITE_FAILED] Task failed while writing rows to abfss://fefdb483-d26c-4bd9-9a4f-0c41cc786770@onelake.dfs.fabric.microsoft.com/d286fa39-f255-4ba7-a982-32cb69362ef7/Tables/silver/slv_offer.
	at org.apache.spark.sql.errors.QueryExecutionErrors$.taskFailedWhileWritingRowsError(QueryExecutionErrors.scala:777)
	at org.apache.spark.sql.delta.files.DeltaFileFormatWriter$.executeTask(DeltaFileFormatWriter.scala:621)
	at org.apache.spark.sql.delta.files.DeltaFileFormatWriter$.$anonfun$executeWrite$4(DeltaFileFormatWriter.scala:387)
	at org.apache.spark.scheduler.ResultTask.runTask(ResultTask.scala:93)
	at org.apache.spark.TaskContext.runTaskWithListeners(TaskContext.scala:166)
	at org.apache.spark.scheduler.Task.run(Task.scala:141)
	at org.apache.spark.executor.Executor$TaskRunner.$anonfun$run$4(Executor.scala:636)
	at org.apache.spark.util.SparkErrorUtils.tryWithSafeFinally(SparkErrorUtils.scala:64)
	at org.apache.spark.util.SparkErrorUtils.tryWithSafeFinally$(SparkErrorUtils.scala:61)
	at org.apache.spark.util.Utils$.tryWithSafeFinally(Utils.scala:95)
	at org.apache.spark.executor.Executor$TaskRunner.run(Executor.scala:639)
	at java.base/java.util.concurrent.ThreadPoolExecutor.runWorker(ThreadPoolExecutor.java:1128)
	at java.base/java.util.concurrent.ThreadPoolExecutor$Worker.run(ThreadPoolExecutor.java:628)
	at java.base/java.lang.Thread.run(Thread.java:829)
Caused by: org.apache.spark.SparkUpgradeException: [INCONSISTENT_BEHAVIOR_CROSS_VERSION.PARSE_DATETIME_BY_NEW_PARSER] You may get a different result due to the upgrading to Spark >= 3.0:
Fail to parse '2026-07-07 14:33:35.101468' in the new parser. You can set ""spark.sql.legacy.timeParserPolicy"" to ""LEGACY"" to restore the behavior before Spark 3.0, or set to ""CORRECTED"" and treat it as an invalid datetime string.
	at org.apache.spark.sql.errors.ExecutionErrors.failToParseDateTimeInNewParserError(ExecutionErrors.scala:54)
	at org.apache.spark.sql.errors.ExecutionErrors.failToParseDateTimeInNewParserError$(ExecutionErrors.scala:48)
	at org.apache.spark.sql.errors.ExecutionErrors$.failToParseDateTimeInNewParserError(ExecutionErrors.scala:218)
	at org.apache.spark.sql.catalyst.util.DateTimeFormatterHelper$$anonfun$checkParsedDiff$1.applyOrElse(DateTimeFormatterHelper.scala:142)
	at org.apache.spark.sql.catalyst.util.DateTimeFormatterHelper$$anonfun$checkParsedDiff$1.applyOrElse(DateTimeFormatterHelper.scala:135)
	at scala.runtime.AbstractPartialFunction.apply(AbstractPartialFunction.scala:38)
	at org.apache.spark.sql.catalyst.util.Iso8601TimestampFormatter.parse(TimestampFormatter.scala:195)
	at org.apache.spark.sql.catalyst.expressions.GeneratedClass$GeneratedIteratorForCodegenStage3.processNext(Unknown Source)
	at org.apache.spark.sql.execution.BufferedRowIterator.hasNext(BufferedRowIterator.java:43)
	at org.apache.spark.sql.execution.WholeStageCodegenEvaluatorFactory$WholeStageCodegenPartitionEvaluator$$anon$1.hasNext(WholeStageCodegenEvaluatorFactory.scala:43)
	at org.apache.spark.sql.execution.datasources.FileFormatDataWriter.writeWithIterator(FileFormatDataWriter.scala:121)
	at org.apache.spark.sql.delta.files.DeltaFileFormatWriter$.$anonfun$executeTask$3(DeltaFileFormatWriter.scala:603)
	at org.apache.spark.util.Utils$.tryWithSafeFinallyAndFailureCallbacks(Utils.scala:1398)
	at org.apache.spark.sql.delta.files.DeltaFileFormatWriter$.executeTask(DeltaFileFormatWriter.scala:611)
	... 12 more
Caused by: java.time.format.DateTimeParseException: Text '2026-07-07 14:33:35.101468' could not be parsed, unparsed text found at index 19
	at java.base/java.time.format.DateTimeFormatter.parseResolved0(DateTimeFormatter.java:2049)
	at java.base/java.time.format.DateTimeFormatter.parse(DateTimeFormatter.ja",2026-08-04 17:43:09.610300,
ARCHIVE,archived,archived.ipa,silver.ipa,2026-07-07 00:00:00.000000,FAILED,False,1,6d5b71dc-89d7-4fd2-b33f-6bb79b1845cd,0.0,0.0,0.0,2026-08-04 17:34:12.906735,2026-08-04 17:34:19.750247,"An error occurred while calling o57731.saveAsTable.
: org.apache.spark.SparkException: Job aborted due to stage failure: Task 0 in stage 16744.0 failed 4 times, most recent failure: Lost task 0.3 in stage 16744.0 (TID 176402) (vm-6e727419 executor 3): org.apache.spark.SparkException: [TASK_WRITE_FAILED] Task failed while writing rows to abfss://fefdb483-d26c-4bd9-9a4f-0c41cc786770@onelake.dfs.fabric.microsoft.com/d286fa39-f255-4ba7-a982-32cb69362ef7/Tables/silver/slv_ipa.
	at org.apache.spark.sql.errors.QueryExecutionErrors$.taskFailedWhileWritingRowsError(QueryExecutionErrors.scala:777)
	at org.apache.spark.sql.delta.files.DeltaFileFormatWriter$.executeTask(DeltaFileFormatWriter.scala:621)
	at org.apache.spark.sql.delta.files.DeltaFileFormatWriter$.$anonfun$executeWrite$4(DeltaFileFormatWriter.scala:387)
	at org.apache.spark.scheduler.ResultTask.runTask(ResultTask.scala:93)
	at org.apache.spark.TaskContext.runTaskWithListeners(TaskContext.scala:166)
	at org.apache.spark.scheduler.Task.run(Task.scala:141)
	at org.apache.spark.executor.Executor$TaskRunner.$anonfun$run$4(Executor.scala:636)
	at org.apache.spark.util.SparkErrorUtils.tryWithSafeFinally(SparkErrorUtils.scala:64)
	at org.apache.spark.util.SparkErrorUtils.tryWithSafeFinally$(SparkErrorUtils.scala:61)
	at org.apache.spark.util.Utils$.tryWithSafeFinally(Utils.scala:95)
	at org.apache.spark.executor.Executor$TaskRunner.run(Executor.scala:639)
	at java.base/java.util.concurrent.ThreadPoolExecutor.runWorker(ThreadPoolExecutor.java:1128)
	at java.base/java.util.concurrent.ThreadPoolExecutor$Worker.run(ThreadPoolExecutor.java:628)
	at java.base/java.lang.Thread.run(Thread.java:829)
Caused by: org.apache.spark.SparkUpgradeException: [INCONSISTENT_BEHAVIOR_CROSS_VERSION.PARSE_DATETIME_BY_NEW_PARSER] You may get a different result due to the upgrading to Spark >= 3.0:
Fail to parse '2026-05-19 08:51:41.0' in the new parser. You can set ""spark.sql.legacy.timeParserPolicy"" to ""LEGACY"" to restore the behavior before Spark 3.0, or set to ""CORRECTED"" and treat it as an invalid datetime string.
	at org.apache.spark.sql.errors.ExecutionErrors.failToParseDateTimeInNewParserError(ExecutionErrors.scala:54)
	at org.apache.spark.sql.errors.ExecutionErrors.failToParseDateTimeInNewParserError$(ExecutionErrors.scala:48)
	at org.apache.spark.sql.errors.ExecutionErrors$.failToParseDateTimeInNewParserError(ExecutionErrors.scala:218)
	at org.apache.spark.sql.catalyst.util.DateTimeFormatterHelper$$anonfun$checkParsedDiff$1.applyOrElse(DateTimeFormatterHelper.scala:142)
	at org.apache.spark.sql.catalyst.util.DateTimeFormatterHelper$$anonfun$checkParsedDiff$1.applyOrElse(DateTimeFormatterHelper.scala:135)
	at scala.runtime.AbstractPartialFunction.apply(AbstractPartialFunction.scala:38)
	at org.apache.spark.sql.catalyst.util.Iso8601TimestampFormatter.parse(TimestampFormatter.scala:195)
	at org.apache.spark.sql.catalyst.expressions.GeneratedClass$GeneratedIteratorForCodegenStage3.processNext(Unknown Source)
	at org.apache.spark.sql.execution.BufferedRowIterator.hasNext(BufferedRowIterator.java:43)
	at org.apache.spark.sql.execution.WholeStageCodegenEvaluatorFactory$WholeStageCodegenPartitionEvaluator$$anon$1.hasNext(WholeStageCodegenEvaluatorFactory.scala:43)
	at org.apache.spark.sql.execution.datasources.FileFormatDataWriter.writeWithIterator(FileFormatDataWriter.scala:121)
	at org.apache.spark.sql.delta.files.DeltaFileFormatWriter$.$anonfun$executeTask$3(DeltaFileFormatWriter.scala:603)
	at org.apache.spark.util.Utils$.tryWithSafeFinallyAndFailureCallbacks(Utils.scala:1398)
	at org.apache.spark.sql.delta.files.DeltaFileFormatWriter$.executeTask(DeltaFileFormatWriter.scala:611)
	... 12 more
Caused by: java.time.format.DateTimeParseException: Text '2026-05-19 08:51:41.0' could not be parsed, unparsed text found at index 19
	at java.base/java.time.format.DateTimeFormatter.parseResolved0(DateTimeFormatter.java:2049)
	at java.base/java.time.format.DateTimeFormatter.parse(DateTimeFormatter.java:1874)
	at",2026-08-04 17:34:19.750247,
ARCHIVE,archived,archived.ipa,silver.ipa,2026-07-08 00:00:00.000000,FAILED,False,1,6d5b71dc-89d7-4fd2-b33f-6bb79b1845cd,0.0,0.0,0.0,2026-08-04 17:42:22.488299,2026-08-04 17:42:29.514264,"An error occurred while calling o65496.saveAsTable.
: org.apache.spark.SparkException: Job aborted due to stage failure: Task 0 in stage 19347.0 failed 4 times, most recent failure: Lost task 0.3 in stage 19347.0 (TID 204091) (vm-6e727419 executor 3): org.apache.spark.SparkException: [TASK_WRITE_FAILED] Task failed while writing rows to abfss://fefdb483-d26c-4bd9-9a4f-0c41cc786770@onelake.dfs.fabric.microsoft.com/d286fa39-f255-4ba7-a982-32cb69362ef7/Tables/silver/slv_ipa.
	at org.apache.spark.sql.errors.QueryExecutionErrors$.taskFailedWhileWritingRowsError(QueryExecutionErrors.scala:777)
	at org.apache.spark.sql.delta.files.DeltaFileFormatWriter$.executeTask(DeltaFileFormatWriter.scala:621)
	at org.apache.spark.sql.delta.files.DeltaFileFormatWriter$.$anonfun$executeWrite$4(DeltaFileFormatWriter.scala:387)
	at org.apache.spark.scheduler.ResultTask.runTask(ResultTask.scala:93)
	at org.apache.spark.TaskContext.runTaskWithListeners(TaskContext.scala:166)
	at org.apache.spark.scheduler.Task.run(Task.scala:141)
	at org.apache.spark.executor.Executor$TaskRunner.$anonfun$run$4(Executor.scala:636)
	at org.apache.spark.util.SparkErrorUtils.tryWithSafeFinally(SparkErrorUtils.scala:64)
	at org.apache.spark.util.SparkErrorUtils.tryWithSafeFinally$(SparkErrorUtils.scala:61)
	at org.apache.spark.util.Utils$.tryWithSafeFinally(Utils.scala:95)
	at org.apache.spark.executor.Executor$TaskRunner.run(Executor.scala:639)
	at java.base/java.util.concurrent.ThreadPoolExecutor.runWorker(ThreadPoolExecutor.java:1128)
	at java.base/java.util.concurrent.ThreadPoolExecutor$Worker.run(ThreadPoolExecutor.java:628)
	at java.base/java.lang.Thread.run(Thread.java:829)
Caused by: org.apache.spark.SparkUpgradeException: [INCONSISTENT_BEHAVIOR_CROSS_VERSION.PARSE_DATETIME_BY_NEW_PARSER] You may get a different result due to the upgrading to Spark >= 3.0:
Fail to parse '2026-05-19 08:51:41.0' in the new parser. You can set ""spark.sql.legacy.timeParserPolicy"" to ""LEGACY"" to restore the behavior before Spark 3.0, or set to ""CORRECTED"" and treat it as an invalid datetime string.
	at org.apache.spark.sql.errors.ExecutionErrors.failToParseDateTimeInNewParserError(ExecutionErrors.scala:54)
	at org.apache.spark.sql.errors.ExecutionErrors.failToParseDateTimeInNewParserError$(ExecutionErrors.scala:48)
	at org.apache.spark.sql.errors.ExecutionErrors$.failToParseDateTimeInNewParserError(ExecutionErrors.scala:218)
	at org.apache.spark.sql.catalyst.util.DateTimeFormatterHelper$$anonfun$checkParsedDiff$1.applyOrElse(DateTimeFormatterHelper.scala:142)
	at org.apache.spark.sql.catalyst.util.DateTimeFormatterHelper$$anonfun$checkParsedDiff$1.applyOrElse(DateTimeFormatterHelper.scala:135)
	at scala.runtime.AbstractPartialFunction.apply(AbstractPartialFunction.scala:38)
	at org.apache.spark.sql.catalyst.util.Iso8601TimestampFormatter.parse(TimestampFormatter.scala:195)
	at org.apache.spark.sql.catalyst.expressions.GeneratedClass$GeneratedIteratorForCodegenStage3.processNext(Unknown Source)
	at org.apache.spark.sql.execution.BufferedRowIterator.hasNext(BufferedRowIterator.java:43)
	at org.apache.spark.sql.execution.WholeStageCodegenEvaluatorFactory$WholeStageCodegenPartitionEvaluator$$anon$1.hasNext(WholeStageCodegenEvaluatorFactory.scala:43)
	at org.apache.spark.sql.execution.datasources.FileFormatDataWriter.writeWithIterator(FileFormatDataWriter.scala:121)
	at org.apache.spark.sql.delta.files.DeltaFileFormatWriter$.$anonfun$executeTask$3(DeltaFileFormatWriter.scala:603)
	at org.apache.spark.util.Utils$.tryWithSafeFinallyAndFailureCallbacks(Utils.scala:1398)
	at org.apache.spark.sql.delta.files.DeltaFileFormatWriter$.executeTask(DeltaFileFormatWriter.scala:611)
	... 12 more
Caused by: java.time.format.DateTimeParseException: Text '2026-05-19 08:51:41.0' could not be parsed, unparsed text found at index 19
	at java.base/java.time.format.DateTimeFormatter.parseResolved0(DateTimeFormatter.java:2049)
	at java.base/java.time.format.DateTimeFormatter.parse(DateTimeFormatter.java:1874)
	at",2026-08-04 17:42:29.514264,
ARCHIVE,archived,archived.ipa,silver.ipa,2026-07-05 00:00:00.000000,FAILED,False,1,6d5b71dc-89d7-4fd2-b33f-6bb79b1845cd,0.0,0.0,0.0,2026-08-04 17:18:27.935752,2026-08-04 17:18:34.666264,"An error occurred while calling o42412.saveAsTable.
: org.apache.spark.SparkException: Job aborted due to stage failure: Task 0 in stage 11678.0 failed 4 times, most recent failure: Lost task 0.3 in stage 11678.0 (TID 122637) (vm-89243710 executor 2): org.apache.spark.SparkException: [TASK_WRITE_FAILED] Task failed while writing rows to abfss://fefdb483-d26c-4bd9-9a4f-0c41cc786770@onelake.dfs.fabric.microsoft.com/d286fa39-f255-4ba7-a982-32cb69362ef7/Tables/silver/slv_ipa.
	at org.apache.spark.sql.errors.QueryExecutionErrors$.taskFailedWhileWritingRowsError(QueryExecutionErrors.scala:777)
	at org.apache.spark.sql.delta.files.DeltaFileFormatWriter$.executeTask(DeltaFileFormatWriter.scala:621)
	at org.apache.spark.sql.delta.files.DeltaFileFormatWriter$.$anonfun$executeWrite$4(DeltaFileFormatWriter.scala:387)
	at org.apache.spark.scheduler.ResultTask.runTask(ResultTask.scala:93)
	at org.apache.spark.TaskContext.runTaskWithListeners(TaskContext.scala:166)
	at org.apache.spark.scheduler.Task.run(Task.scala:141)
	at org.apache.spark.executor.Executor$TaskRunner.$anonfun$run$4(Executor.scala:636)
	at org.apache.spark.util.SparkErrorUtils.tryWithSafeFinally(SparkErrorUtils.scala:64)
	at org.apache.spark.util.SparkErrorUtils.tryWithSafeFinally$(SparkErrorUtils.scala:61)
	at org.apache.spark.util.Utils$.tryWithSafeFinally(Utils.scala:95)
	at org.apache.spark.executor.Executor$TaskRunner.run(Executor.scala:639)
	at java.base/java.util.concurrent.ThreadPoolExecutor.runWorker(ThreadPoolExecutor.java:1128)
	at java.base/java.util.concurrent.ThreadPoolExecutor$Worker.run(ThreadPoolExecutor.java:628)
	at java.base/java.lang.Thread.run(Thread.java:829)
Caused by: org.apache.spark.SparkUpgradeException: [INCONSISTENT_BEHAVIOR_CROSS_VERSION.PARSE_DATETIME_BY_NEW_PARSER] You may get a different result due to the upgrading to Spark >= 3.0:
Fail to parse '2026-05-19 08:51:41.0' in the new parser. You can set ""spark.sql.legacy.timeParserPolicy"" to ""LEGACY"" to restore the behavior before Spark 3.0, or set to ""CORRECTED"" and treat it as an invalid datetime string.
	at org.apache.spark.sql.errors.ExecutionErrors.failToParseDateTimeInNewParserError(ExecutionErrors.scala:54)
	at org.apache.spark.sql.errors.ExecutionErrors.failToParseDateTimeInNewParserError$(ExecutionErrors.scala:48)
	at org.apache.spark.sql.errors.ExecutionErrors$.failToParseDateTimeInNewParserError(ExecutionErrors.scala:218)
	at org.apache.spark.sql.catalyst.util.DateTimeFormatterHelper$$anonfun$checkParsedDiff$1.applyOrElse(DateTimeFormatterHelper.scala:142)
	at org.apache.spark.sql.catalyst.util.DateTimeFormatterHelper$$anonfun$checkParsedDiff$1.applyOrElse(DateTimeFormatterHelper.scala:135)
	at scala.runtime.AbstractPartialFunction.apply(AbstractPartialFunction.scala:38)
	at org.apache.spark.sql.catalyst.util.Iso8601TimestampFormatter.parse(TimestampFormatter.scala:195)
	at org.apache.spark.sql.catalyst.expressions.GeneratedClass$GeneratedIteratorForCodegenStage3.processNext(Unknown Source)
	at org.apache.spark.sql.execution.BufferedRowIterator.hasNext(BufferedRowIterator.java:43)
	at org.apache.spark.sql.execution.WholeStageCodegenEvaluatorFactory$WholeStageCodegenPartitionEvaluator$$anon$1.hasNext(WholeStageCodegenEvaluatorFactory.scala:43)
	at org.apache.spark.sql.execution.datasources.FileFormatDataWriter.writeWithIterator(FileFormatDataWriter.scala:121)
	at org.apache.spark.sql.delta.files.DeltaFileFormatWriter$.$anonfun$executeTask$3(DeltaFileFormatWriter.scala:603)
	at org.apache.spark.util.Utils$.tryWithSafeFinallyAndFailureCallbacks(Utils.scala:1398)
	at org.apache.spark.sql.delta.files.DeltaFileFormatWriter$.executeTask(DeltaFileFormatWriter.scala:611)
	... 12 more
Caused by: java.time.format.DateTimeParseException: Text '2026-05-19 08:51:41.0' could not be parsed, unparsed text found at index 19
	at java.base/java.time.format.DateTimeFormatter.parseResolved0(DateTimeFormatter.java:2049)
	at java.base/java.time.format.DateTimeFormatter.parse(DateTimeFormatter.java:1874)
	at",2026-08-04 17:18:34.666264,
ARCHIVE,archived,archived.ipa,silver.ipa,2026-07-06 00:00:00.000000,FAILED,False,1,6d5b71dc-89d7-4fd2-b33f-6bb79b1845cd,0.0,0.0,0.0,2026-08-04 17:25:59.675936,2026-08-04 17:26:06.674269,"An error occurred while calling o49966.saveAsTable.
: org.apache.spark.SparkException: Job aborted due to stage failure: Task 0 in stage 14147.0 failed 4 times, most recent failure: Lost task 0.3 in stage 14147.0 (TID 148871) (vm-89243710 executor 2): org.apache.spark.SparkException: [TASK_WRITE_FAILED] Task failed while writing rows to abfss://fefdb483-d26c-4bd9-9a4f-0c41cc786770@onelake.dfs.fabric.microsoft.com/d286fa39-f255-4ba7-a982-32cb69362ef7/Tables/silver/slv_ipa.
	at org.apache.spark.sql.errors.QueryExecutionErrors$.taskFailedWhileWritingRowsError(QueryExecutionErrors.scala:777)
	at org.apache.spark.sql.delta.files.DeltaFileFormatWriter$.executeTask(DeltaFileFormatWriter.scala:621)
	at org.apache.spark.sql.delta.files.DeltaFileFormatWriter$.$anonfun$executeWrite$4(DeltaFileFormatWriter.scala:387)
	at org.apache.spark.scheduler.ResultTask.runTask(ResultTask.scala:93)
	at org.apache.spark.TaskContext.runTaskWithListeners(TaskContext.scala:166)
	at org.apache.spark.scheduler.Task.run(Task.scala:141)
	at org.apache.spark.executor.Executor$TaskRunner.$anonfun$run$4(Executor.scala:636)
	at org.apache.spark.util.SparkErrorUtils.tryWithSafeFinally(SparkErrorUtils.scala:64)
	at org.apache.spark.util.SparkErrorUtils.tryWithSafeFinally$(SparkErrorUtils.scala:61)
	at org.apache.spark.util.Utils$.tryWithSafeFinally(Utils.scala:95)
	at org.apache.spark.executor.Executor$TaskRunner.run(Executor.scala:639)
	at java.base/java.util.concurrent.ThreadPoolExecutor.runWorker(ThreadPoolExecutor.java:1128)
	at java.base/java.util.concurrent.ThreadPoolExecutor$Worker.run(ThreadPoolExecutor.java:628)
	at java.base/java.lang.Thread.run(Thread.java:829)
Caused by: org.apache.spark.SparkUpgradeException: [INCONSISTENT_BEHAVIOR_CROSS_VERSION.PARSE_DATETIME_BY_NEW_PARSER] You may get a different result due to the upgrading to Spark >= 3.0:
Fail to parse '2026-05-19 08:51:41.0' in the new parser. You can set ""spark.sql.legacy.timeParserPolicy"" to ""LEGACY"" to restore the behavior before Spark 3.0, or set to ""CORRECTED"" and treat it as an invalid datetime string.
	at org.apache.spark.sql.errors.ExecutionErrors.failToParseDateTimeInNewParserError(ExecutionErrors.scala:54)
	at org.apache.spark.sql.errors.ExecutionErrors.failToParseDateTimeInNewParserError$(ExecutionErrors.scala:48)
	at org.apache.spark.sql.errors.ExecutionErrors$.failToParseDateTimeInNewParserError(ExecutionErrors.scala:218)
	at org.apache.spark.sql.catalyst.util.DateTimeFormatterHelper$$anonfun$checkParsedDiff$1.applyOrElse(DateTimeFormatterHelper.scala:142)
	at org.apache.spark.sql.catalyst.util.DateTimeFormatterHelper$$anonfun$checkParsedDiff$1.applyOrElse(DateTimeFormatterHelper.scala:135)
	at scala.runtime.AbstractPartialFunction.apply(AbstractPartialFunction.scala:38)
	at org.apache.spark.sql.catalyst.util.Iso8601TimestampFormatter.parse(TimestampFormatter.scala:195)
	at org.apache.spark.sql.catalyst.expressions.GeneratedClass$GeneratedIteratorForCodegenStage3.processNext(Unknown Source)
	at org.apache.spark.sql.execution.BufferedRowIterator.hasNext(BufferedRowIterator.java:43)
	at org.apache.spark.sql.execution.WholeStageCodegenEvaluatorFactory$WholeStageCodegenPartitionEvaluator$$anon$1.hasNext(WholeStageCodegenEvaluatorFactory.scala:43)
	at org.apache.spark.sql.execution.datasources.FileFormatDataWriter.writeWithIterator(FileFormatDataWriter.scala:121)
	at org.apache.spark.sql.delta.files.DeltaFileFormatWriter$.$anonfun$executeTask$3(DeltaFileFormatWriter.scala:603)
	at org.apache.spark.util.Utils$.tryWithSafeFinallyAndFailureCallbacks(Utils.scala:1398)
	at org.apache.spark.sql.delta.files.DeltaFileFormatWriter$.executeTask(DeltaFileFormatWriter.scala:611)
	... 12 more
Caused by: java.time.format.DateTimeParseException: Text '2026-05-19 08:51:41.0' could not be parsed, unparsed text found at index 19
	at java.base/java.time.format.DateTimeFormatter.parseResolved0(DateTimeFormatter.java:2049)
	at java.base/java.time.format.DateTimeFormatter.parse(DateTimeFormatter.java:1874)
	at",2026-08-04 17:26:06.674269,
LATEST,bronze,bronze.referral_provider_decline_reason,silver.referral_provider_decline_reason,2026-08-18 00:00:00.000000,FAILED,False,1,dcdf08ca-939e-4e21-9459-452d7a8f14f3,0.0,0.0,0.0,2026-08-19 09:20:08.699576,2026-08-19 09:20:23.585472,"int() argument must be a string, a bytes-like object or a real number, not 'list'",2026-08-19 09:20:23.585472,
LATEST,bronze,bronze.referral_provider_cancel_reason,silver.referral_provider_cancel_reason,2026-08-18 00:00:00.000000,FAILED,False,1,dcdf08ca-939e-4e21-9459-452d7a8f14f3,0.0,0.0,0.0,2026-08-19 09:19:38.271604,2026-08-19 09:19:56.513064,"int() argument must be a string, a bytes-like object or a real number, not 'list'",2026-08-19 09:19:56.513064,
LATEST,bronze,bronze.provider_education_provision,silver.provider_education_provision,2026-08-18 00:00:00.000000,FAILED,False,1,dcdf08ca-939e-4e21-9459-452d7a8f14f3,0.0,0.0,0.0,2026-08-19 09:17:24.152287,2026-08-19 09:17:42.753558,"int() argument must be a string, a bytes-like object or a real number, not 'list'",2026-08-19 09:17:42.753558,
LATEST,bronze,bronze.provider_home_spot_category,silver.provider_home_spot_category,2026-08-18 00:00:00.000000,FAILED,False,1,dcdf08ca-939e-4e21-9459-452d7a8f14f3,0.0,0.0,0.0,2026-08-19 09:19:11.844152,2026-08-19 09:19:25.828467,"int() argument must be a string, a bytes-like object or a real number, not 'list'",2026-08-19 09:19:25.828467,
LATEST,bronze,bronze.referral_provider_message,silver.referral_provider_message,2026-08-18 00:00:00.000000,FAILED,False,1,dcdf08ca-939e-4e21-9459-452d7a8f14f3,0.0,0.0,0.0,2026-08-19 09:20:35.035345,2026-08-19 09:20:51.504254,"int() argument must be a string, a bytes-like object or a real number, not 'list'",2026-08-19 09:20:51.504254,
LATEST,bronze,bronze.supervising_social_worker,silver.supervising_social_worker,2026-08-18 00:00:00.000000,FAILED,False,1,dcdf08ca-939e-4e21-9459-452d7a8f14f3,0.0,0.0,0.0,2026-08-19 09:24:03.364125,2026-08-19 09:24:19.908082,"int() argument must be a string, a bytes-like object or a real number, not 'list'",2026-08-19 09:24:19.908082,
ARCHIVE_MONTH_END,archived,archived.referral_person_support_needs,,2026-08-11 00:00:00.000000,SKIPPED_NO_CONTRACT,False,1,32478996-e44a-496f-bbeb-db401fb4962e,0.0,0.0,0.0,2026-08-12 21:09:38.084264,2026-08-12 22:29:40.763333,No schema contract for archived.archived_referral_person_support_needs; table skipped,2026-08-12 22:29:40.763333,
ARCHIVE_MONTH_END,archived,archived.referral_person_support_needs,,2026-08-18 00:00:00.000000,SKIPPED_NO_CONTRACT,False,1,91566f2f-f4e5-489f-be9f-dca931de3857,0.0,0.0,0.0,2026-08-19 09:40:50.256101,2026-08-19 21:18:40.459753,No schema contract for archived.archived_referral_person_support_needs; table skipped,2026-08-19 21:18:40.459753,
ARCHIVE_MONTH_END,archived,archived.referral_person_support_needs,,2026-08-17 00:00:00.000000,SKIPPED_NO_CONTRACT,False,1,574223db-5a5e-4c8a-8bc4-a2e1f4664151,0.0,0.0,0.0,2026-08-18 10:01:08.783690,2026-08-18 10:01:08.783690,No schema contract for archived.archived_referral_person_support_needs; table skipped,2026-08-18 10:01:08.783690,
ARCHIVE_MONTH_END,archived,archived.referral_person_support_needs,,2026-08-15 00:00:00.000000,SKIPPED_NO_CONTRACT,False,1,5493dec2-467d-4993-8ad0-e2930151fd9b,0.0,0.0,0.0,2026-08-16 14:24:37.031197,2026-08-16 20:27:17.622923,No schema contract for archived.archived_referral_person_support_needs; table skipped,2026-08-16 20:27:17.622923,
ARCHIVE_MONTH_END,archived,archived.referral_person_support_needs,,2026-07-29 00:00:00.000000,SKIPPED_NO_CONTRACT,False,1,b8741d57-b7d4-48ea-be4a-8f820b3ccada,0.0,0.0,0.0,2026-08-05 15:04:03.677195,2026-08-05 16:32:06.865268,No schema contract for archived.archived_referral_person_support_needs; table skipped,2026-08-05 16:32:06.865268,
ARCHIVE_MONTH_END,archived,archived.referral_person_support_needs,,2026-08-05 00:00:00.000000,SKIPPED_NO_CONTRACT,False,1,8d44d03e-b128-47a7-95b9-1db889b71c93,0.0,0.0,0.0,2026-08-06 21:21:56.494515,2026-08-06 21:21:56.494515,No schema contract for archived.archived_referral_person_support_needs; table skipped,2026-08-06 21:21:56.494515,
LATEST,bronze,bronze.ipa_child_support_needs,silver.ipa_child_support_needs,2026-08-18 00:00:00.000000,FAILED,False,1,dcdf08ca-939e-4e21-9459-452d7a8f14f3,0.0,0.0,0.0,2026-08-19 09:25:24.957178,2026-08-19 09:25:38.583812,"int() argument must be a string, a bytes-like object or a real number, not 'list'",2026-08-19 09:25:38.583812,
LATEST,bronze,bronze.provider_home_category,silver.provider_home_category,2026-08-18 00:00:00.000000,FAILED,False,1,dcdf08ca-939e-4e21-9459-452d7a8f14f3,0.0,0.0,0.0,2026-08-19 09:18:20.649780,2026-08-19 09:18:34.557126,"int() argument must be a string, a bytes-like object or a real number, not 'list'",2026-08-19 09:18:34.557126,
LATEST,bronze,bronze.referral_spot_category,silver.referral_spot_category,2026-08-18 00:00:00.000000,FAILED,False,1,dcdf08ca-939e-4e21-9459-452d7a8f14f3,0.0,0.0,0.0,2026-08-19 09:14:32.662258,2026-08-19 09:14:48.132096,"int() argument must be a string, a bytes-like object or a real number, not 'list'",2026-08-19 09:14:48.132096,
LATEST,bronze,bronze.provider_home_gender,silver.provider_home_gender,2026-08-18 00:00:00.000000,FAILED,False,1,dcdf08ca-939e-4e21-9459-452d7a8f14f3,0.0,0.0,0.0,2026-08-19 09:18:46.051767,2026-08-19 09:19:00.155043,"int() argument must be a string, a bytes-like object or a real number, not 'list'",2026-08-19 09:19:00.155043,
ARCHIVE_MONTH_END,archived,archived.provider_submission_docs,,2026-08-18 00:00:00.000000,SKIPPED_NO_CONTRACT,False,1,91566f2f-f4e5-489f-be9f-dca931de3857,0.0,0.0,0.0,2026-08-19 09:40:27.937649,2026-08-19 21:18:21.053862,No schema contract for archived.archived_provider_submission_docs; table skipped,2026-08-19 21:18:21.053862,
ARCHIVE_MONTH_END,archived,archived.provider_submission_docs,,2026-08-11 00:00:00.000000,SKIPPED_NO_CONTRACT,False,1,32478996-e44a-496f-bbeb-db401fb4962e,0.0,0.0,0.0,2026-08-12 21:09:17.460015,2026-08-12 22:29:22.161645,No schema contract for archived.archived_provider_submission_docs; table skipped,2026-08-12 22:29:22.161645,
ARCHIVE_MONTH_END,archived,archived.provider_submission_docs,,2026-08-05 00:00:00.000000,SKIPPED_NO_CONTRACT,False,1,8d44d03e-b128-47a7-95b9-1db889b71c93,0.0,0.0,0.0,2026-08-06 21:21:40.275022,2026-08-06 21:21:40.275022,No schema contract for archived.archived_provider_submission_docs; table skipped,2026-08-06 21:21:40.275022,
ARCHIVE_MONTH_END,archived,archived.provider_submission_docs,,2026-07-29 00:00:00.000000,SKIPPED_NO_CONTRACT,False,1,b8741d57-b7d4-48ea-be4a-8f820b3ccada,0.0,0.0,0.0,2026-08-05 15:03:03.388545,2026-08-05 16:31:47.039512,No schema contract for archived.archived_provider_submission_docs; table skipped,2026-08-05 16:31:47.039512,
ARCHIVE_MONTH_END,archived,archived.provider_submission_docs,,2026-08-15 00:00:00.000000,SKIPPED_NO_CONTRACT,False,1,5493dec2-467d-4993-8ad0-e2930151fd9b,0.0,0.0,0.0,2026-08-16 14:24:09.746655,2026-08-16 20:26:58.560411,No schema contract for archived.archived_provider_submission_docs; table skipped,2026-08-16 20:26:58.560411,
ARCHIVE_MONTH_END,archived,archived.provider_submission_docs,,2026-08-17 00:00:00.000000,SKIPPED_NO_CONTRACT,False,1,574223db-5a5e-4c8a-8bc4-a2e1f4664151,0.0,0.0,0.0,2026-08-18 10:00:43.187644,2026-08-18 10:00:43.187644,No schema contract for archived.archived_provider_submission_docs; table skipped,2026-08-18 10:00:43.187644,
LATEST,bronze,bronze.offer_view_history,silver.offer_view_history,2026-08-18 00:00:00.000000,FAILED,False,1,dcdf08ca-939e-4e21-9459-452d7a8f14f3,0.0,0.0,0.0,2026-08-19 09:23:37.913943,2026-08-19 09:23:51.617569,"int() argument must be a string, a bytes-like object or a real number, not 'list'",2026-08-19 09:23:51.617569,
LATEST,bronze,bronze.ipa_additional_fee,silver.ipa_additional_fee,2026-08-18 00:00:00.000000,FAILED,False,1,dcdf08ca-939e-4e21-9459-452d7a8f14f3,0.0,0.0,0.0,2026-08-19 09:24:32.918073,2026-08-19 09:24:47.040014,"int() argument must be a string, a bytes-like object or a real number, not 'list'",2026-08-19 09:24:47.040014,
LATEST,bronze,bronze.provider_framework,silver.provider_framework,2026-08-18 00:00:00.000000,FAILED,False,1,dcdf08ca-939e-4e21-9459-452d7a8f14f3,0.0,0.0,0.0,2026-08-19 09:14:59.971793,2026-08-19 09:15:17.319773,"int() argument must be a string, a bytes-like object or a real number, not 'list'",2026-08-19 09:15:17.319773,
LATEST,bronze,bronze.framework_category,silver.framework_category,2026-08-18 00:00:00.000000,FAILED,False,1,dcdf08ca-939e-4e21-9459-452d7a8f14f3,0.0,0.0,0.0,2026-08-19 09:13:11.813849,2026-08-19 09:13:26.075929,"int() argument must be a string, a bytes-like object or a real number, not 'list'",2026-08-19 09:13:26.075929,
LATEST,bronze,bronze.provider_home_age,silver.provider_home_age,2026-08-18 00:00:00.000000,FAILED,False,1,dcdf08ca-939e-4e21-9459-452d7a8f14f3,0.0,0.0,0.0,2026-08-19 09:17:55.052124,2026-08-19 09:18:08.983698,"int() argument must be a string, a bytes-like object or a real number, not 'list'",2026-08-19 09:18:08.983698,
LATEST,bronze,bronze.referral_category,silver.referral_category,2026-08-18 00:00:00.000000,FAILED,False,1,dcdf08ca-939e-4e21-9459-452d7a8f14f3,0.0,0.0,0.0,2026-08-19 09:15:58.022232,2026-08-19 09:16:11.916837,"int() argument must be a string, a bytes-like object or a real number, not 'list'",2026-08-19 09:16:11.916837,
LATEST,bronze,bronze.referral_provider,silver.referral_provider,2026-08-18 00:00:00.000000,FAILED,False,1,dcdf08ca-939e-4e21-9459-452d7a8f14f3,0.0,0.0,0.0,2026-08-19 09:16:23.649383,2026-08-19 09:16:42.286183,"int() argument must be a string, a bytes-like object or a real number, not 'list'",2026-08-19 09:16:42.286183,
LATEST,bronze,bronze.foster_transport,silver.foster_transport,2026-08-18 00:00:00.000000,FAILED,False,1,dcdf08ca-939e-4e21-9459-452d7a8f14f3,0.0,0.0,0.0,2026-08-19 09:22:22.022322,2026-08-19 09:22:34.994235,"int() argument must be a string, a bytes-like object or a real number, not 'list'",2026-08-19 09:22:34.994235,
ARCHIVE_MONTH_END,archived,archived.provider_sic_codes,,2026-08-11 00:00:00.000000,SKIPPED_NO_CONTRACT,False,1,32478996-e44a-496f-bbeb-db401fb4962e,0.0,0.0,0.0,2026-08-12 21:09:03.219869,2026-08-12 22:29:03.375205,No schema contract for archived.archived_provider_sic_codes; table skipped,2026-08-12 22:29:03.375205,
ARCHIVE_MONTH_END,archived,archived.provider_sic_codes,,2026-08-18 00:00:00.000000,SKIPPED_NO_CONTRACT,False,1,91566f2f-f4e5-489f-be9f-dca931de3857,0.0,0.0,0.0,2026-08-19 09:40:15.745398,2026-08-19 21:18:07.691928,No schema contract for archived.archived_provider_sic_codes; table skipped,2026-08-19 21:18:07.691928,
ARCHIVE_MONTH_END,archived,archived.provider_sic_codes,,2026-08-17 00:00:00.000000,SKIPPED_NO_CONTRACT,False,1,574223db-5a5e-4c8a-8bc4-a2e1f4664151,0.0,0.0,0.0,2026-08-18 10:00:27.683444,2026-08-18 10:00:27.683444,No schema contract for archived.archived_provider_sic_codes; table skipped,2026-08-18 10:00:27.683444,
ARCHIVE_MONTH_END,archived,archived.provider_sic_codes,,2026-08-05 00:00:00.000000,SKIPPED_NO_CONTRACT,False,1,8d44d03e-b128-47a7-95b9-1db889b71c93,0.0,0.0,0.0,2026-08-06 21:21:28.867264,2026-08-06 21:21:28.867264,No schema contract for archived.archived_provider_sic_codes; table skipped,2026-08-06 21:21:28.867264,
ARCHIVE_MONTH_END,archived,archived.provider_sic_codes,,2026-08-15 00:00:00.000000,SKIPPED_NO_CONTRACT,False,1,5493dec2-467d-4993-8ad0-e2930151fd9b,0.0,0.0,0.0,2026-08-16 14:23:56.008305,2026-08-16 20:26:44.505748,No schema contract for archived.archived_provider_sic_codes; table skipped,2026-08-16 20:26:44.505748,
ARCHIVE_MONTH_END,archived,archived.provider_sic_codes,,2026-07-29 00:00:00.000000,SKIPPED_NO_CONTRACT,False,1,b8741d57-b7d4-48ea-be4a-8f820b3ccada,0.0,0.0,0.0,2026-08-05 15:02:46.407494,2026-08-05 16:31:19.667059,No schema contract for archived.archived_provider_sic_codes; table skipped,2026-08-05 16:31:19.667059,
LATEST,bronze,bronze.holding_company,silver.holding_company,2026-08-18 00:00:00.000000,FAILED,False,1,dcdf08ca-939e-4e21-9459-452d7a8f14f3,0.0,0.0,0.0,2026-08-19 09:11:20.808414,2026-08-19 09:11:36.208588,"int() argument must be a string, a bytes-like object or a real number, not 'list'",2026-08-19 09:11:36.208588,
LATEST,bronze,bronze.referral_person,silver.referral_person,2026-08-18 00:00:00.000000,FAILED,False,1,dcdf08ca-939e-4e21-9459-452d7a8f14f3,0.0,0.0,0.0,2026-08-19 09:14:05.423292,2026-08-19 09:14:20.282229,"int() argument must be a string, a bytes-like object or a real number, not 'list'",2026-08-19 09:14:20.282229,
LATEST,bronze,bronze.additional_fee,silver.additional_fee,2026-08-18 00:00:00.000000,FAILED,False,1,dcdf08ca-939e-4e21-9459-452d7a8f14f3,0.0,0.0,0.0,2026-08-19 09:21:03.295060,2026-08-19 09:21:17.028002,"int() argument must be a string, a bytes-like object or a real number, not 'list'",2026-08-19 09:21:17.028002,
LATEST,bronze,bronze.offer_updates,silver.offer_updates,2026-08-18 00:00:00.000000,FAILED,False,1,dcdf08ca-939e-4e21-9459-452d7a8f14f3,0.0,0.0,0.0,2026-08-19 09:23:12.927841,2026-08-19 09:23:26.257137,"int() argument must be a string, a bytes-like object or a real number, not 'list'",2026-08-19 09:23:26.257137,
LATEST,bronze,bronze.provider_home,silver.provider_home,2026-08-18 00:00:00.000000,FAILED,False,1,dcdf08ca-939e-4e21-9459-452d7a8f14f3,0.0,0.0,0.0,2026-08-19 09:15:28.767269,2026-08-19 09:15:46.214184,"int() argument must be a string, a bytes-like object or a real number, not 'list'",2026-08-19 09:15:46.214184,
LATEST,bronze,bronze.foster_carer,silver.foster_carer,2026-08-18 00:00:00.000000,FAILED,False,1,dcdf08ca-939e-4e21-9459-452d7a8f14f3,0.0,0.0,0.0,2026-08-19 09:21:28.828257,2026-08-19 09:21:42.530390,"int() argument must be a string, a bytes-like object or a real number, not 'list'",2026-08-19 09:21:42.530390,
LATEST,bronze,bronze.foster_home,silver.foster_home,2026-08-18 00:00:00.000000,FAILED,False,1,dcdf08ca-939e-4e21-9459-452d7a8f14f3,0.0,0.0,0.0,2026-08-19 09:21:54.295470,2026-08-19 09:22:10.137081,"int() argument must be a string, a bytes-like object or a real number, not 'list'",2026-08-19 09:22:10.137081,
LATEST,bronze,bronze.referral_person_support_needs,,2026-08-18 00:00:00.000000,SKIPPED_NO_CONTRACT,False,1,dcdf08ca-939e-4e21-9459-452d7a8f14f3,0.0,0.0,0.0,2026-08-19 09:12:57.389712,2026-08-19 09:12:57.389712,No schema contract for bronze.referral_person_support_needs; table skipped,2026-08-19 09:12:57.389712,
LATEST,bronze,bronze.referral_person_support_needs,,2026-08-15 00:00:00.000000,SKIPPED_NO_CONTRACT,False,1,ee8d5ce9-d8f6-468f-9e7c-e94fad3aec69,0.0,0.0,0.0,2026-08-16 11:22:02.940608,2026-08-16 14:18:36.915711,No schema contract for bronze.referral_person_support_needs; table skipped,2026-08-16 14:18:36.915711,
LATEST,bronze,bronze.ipa_child,silver.ipa_child,2026-08-18 00:00:00.000000,FAILED,False,1,dcdf08ca-939e-4e21-9459-452d7a8f14f3,0.0,0.0,0.0,2026-08-19 09:24:59.092422,2026-08-19 09:25:13.460782,"int() argument must be a string, a bytes-like object or a real number, not 'list'",2026-08-19 09:25:13.460782,
LATEST,bronze,bronze.referral,silver.referral,2026-08-18 00:00:00.000000,FAILED,False,1,dcdf08ca-939e-4e21-9459-452d7a8f14f3,0.0,0.0,0.0,2026-08-19 09:12:30.313273,2026-08-19 09:12:44.893081,"int() argument must be a string, a bytes-like object or a real number, not 'list'",2026-08-19 09:12:44.893081,
LATEST,bronze,bronze.provider,silver.provider,2026-08-18 00:00:00.000000,FAILED,False,1,dcdf08ca-939e-4e21-9459-452d7a8f14f3,0.0,0.0,0.0,2026-08-19 09:13:37.698837,2026-08-19 09:13:53.043433,"int() argument must be a string, a bytes-like object or a real number, not 'list'",2026-08-19 09:13:53.043433,
ARCHIVE,archived,archived.ipa_child_support_needs,,2026-07-06 00:00:00.000000,FAILED,False,1,6d5b71dc-89d7-4fd2-b33f-6bb79b1845cd,0.0,0.0,0.0,2026-08-04 17:26:31.824554,2026-08-04 17:26:31.824554,No schema contract for archived.archived_ipa_child_support_needs,2026-08-04 17:26:31.824554,
ARCHIVE,archived,archived.ipa_child_support_needs,,2026-07-02 00:00:00.000000,FAILED,False,1,4a4bbcc2-6c72-4e33-b176-b324b2fb7719,0.0,0.0,0.0,2026-08-04 16:58:15.416088,2026-08-04 22:18:02.596858,No schema contract for archived.archived_ipa_child_support_needs,2026-08-04 22:18:02.596858,
ARCHIVE,archived,archived.ipa_child_support_needs,,2026-06-30 00:00:00.000000,FAILED,False,1,4a4bbcc2-6c72-4e33-b176-b324b2fb7719,0.0,0.0,0.0,2026-08-04 16:41:09.916586,2026-08-04 22:06:42.647893,No schema contract for archived.archived_ipa_child_support_needs,2026-08-04 22:06:42.647893,
ARCHIVE,archived,archived.ipa_child_support_needs,,2026-07-07 00:00:00.000000,FAILED,False,1,6d5b71dc-89d7-4fd2-b33f-6bb79b1845cd,0.0,0.0,0.0,2026-08-04 17:34:44.537018,2026-08-04 17:34:44.537018,No schema contract for archived.archived_ipa_child_support_needs,2026-08-04 17:34:44.537018,
ARCHIVE,archived,archived.ipa_child_support_needs,,2026-07-04 00:00:00.000000,FAILED,False,1,4a4bbcc2-6c72-4e33-b176-b324b2fb7719,0.0,0.0,0.0,2026-08-04 17:12:17.214557,2026-08-04 22:29:19.364265,No schema contract for archived.archived_ipa_child_support_needs,2026-08-04 22:29:19.364265,
ARCHIVE,archived,archived.ipa_child_support_needs,,2026-07-05 00:00:00.000000,FAILED,False,1,6d5b71dc-89d7-4fd2-b33f-6bb79b1845cd,0.0,0.0,0.0,2026-08-04 17:18:57.451318,2026-08-04 17:18:57.451318,No schema contract for archived.archived_ipa_child_support_needs,2026-08-04 17:18:57.451318,
ARCHIVE,archived,archived.ipa_child_support_needs,,2026-07-03 00:00:00.000000,FAILED,False,1,4a4bbcc2-6c72-4e33-b176-b324b2fb7719,0.0,0.0,0.0,2026-08-04 17:05:38.842567,2026-08-04 22:24:02.173773,No schema contract for archived.archived_ipa_child_support_needs,2026-08-04 22:24:02.173773,
ARCHIVE_MONTH_END,archived,archived.provider_education_provision,silver.provider_education_provision,2026-06-30 00:00:00.000000,SUCCESS,False,1,91566f2f-f4e5-489f-be9f-dca931de3857,258.0,258.0,0.0,2026-08-19 21:25:23.354248,2026-08-19 21:25:42.228075,,2026-08-19 21:25:42.228075,
ARCHIVE_MONTH_END,archived,archived.provider_education_provision,silver.provider_education_provision,2026-07-31 00:00:00.000000,SUCCESS,False,1,10b2023d-51a0-48c6-828f-9e0fc96c49c6,310.0,310.0,0.0,2026-08-20 07:39:47.046385,2026-08-20 07:40:08.616800,,2026-08-20 07:40:08.616800,
ARCHIVE_MONTH_END,archived,archived.provider_education_provision,silver.provider_education_provision,2026-08-19 00:00:00.000000,SUCCESS,False,1,ad3955df-1bd4-4ab2-b48c-83b0dfdf54a1,316.0,316.0,0.0,2026-08-20 09:51:06.026903,2026-08-20 09:51:26.376234,,2026-08-20 09:51:26.376234,
ARCHIVE_MONTH_END,archived,archived.provider_education_provision,silver.provider_education_provision,2026-05-30 00:00:00.000000,SUCCESS,False,1,99a4d35f-574f-477e-aaf4-15681100f9ce,288.0,288.0,0.0,2026-08-19 15:54:31.905619,2026-08-19 15:54:46.470651,,2026-08-19 15:54:46.470651,
ARCHIVE_MONTH_END,archived,archived.provider_education_provision,silver.provider_education_provision,2026-04-30 00:00:00.000000,SUCCESS,False,9,bd45fedb-2ec9-4318-b19b-b63ac5b8d2d3,789.0,789.0,0.0,2026-08-19 09:44:35.337777,2026-08-19 09:44:52.944093,,2026-08-19 09:44:52.944093,
LATEST,bronze,bronze.mlv_additional_fee,,2026-07-07 00:00:00.000000,SKIPPED_NO_CONTRACT,False,1,dcdf08ca-939e-4e21-9459-452d7a8f14f3,0.0,0.0,0.0,2026-08-16 11:20:52.269100,2026-08-19 09:11:46.836024,No schema contract for bronze.mlv_additional_fee; table skipped,2026-08-19 09:11:46.836024,
LATEST,bronze,bronze.provider_sic_codes,,2026-08-18 00:00:00.000000,SKIPPED_NO_CONTRACT,False,1,dcdf08ca-939e-4e21-9459-452d7a8f14f3,0.0,0.0,0.0,2026-08-19 09:12:01.350797,2026-08-19 09:12:01.350797,No schema contract for bronze.provider_sic_codes; table skipped,2026-08-19 09:12:01.350797,
LATEST,bronze,bronze.provider_sic_codes,,2026-08-15 00:00:00.000000,SKIPPED_NO_CONTRACT,False,1,ee8d5ce9-d8f6-468f-9e7c-e94fad3aec69,0.0,0.0,0.0,2026-08-16 11:21:06.156359,2026-08-16 14:17:31.487176,No schema contract for bronze.provider_sic_codes; table skipped,2026-08-16 14:17:31.487176,
ARCHIVE_MONTH_END,archived,archived.provider_home_spot_category,silver.provider_home_spot_category,2026-07-31 00:00:00.000000,SUCCESS,False,1,10b2023d-51a0-48c6-828f-9e0fc96c49c6,1531.0,1531.0,0.0,2026-08-20 07:42:11.837330,2026-08-20 07:42:36.889867,,2026-08-20 07:42:36.889867,
ARCHIVE_MONTH_END,archived,archived.provider_home_spot_category,silver.provider_home_spot_category,2026-06-30 00:00:00.000000,SUCCESS,False,1,91566f2f-f4e5-489f-be9f-dca931de3857,1300.0,1300.0,0.0,2026-08-19 21:27:22.785398,2026-08-19 21:27:40.116488,,2026-08-19 21:27:40.116488,
ARCHIVE_MONTH_END,archived,archived.provider_home_spot_category,silver.provider_home_spot_category,2026-05-30 00:00:00.000000,SUCCESS,False,1,99a4d35f-574f-477e-aaf4-15681100f9ce,1201.0,1201.0,0.0,2026-08-19 15:56:13.647563,2026-08-19 15:56:31.671784,,2026-08-19 15:56:31.671784,
ARCHIVE_MONTH_END,archived,archived.provider_home_spot_category,silver.provider_home_spot_category,2026-04-30 00:00:00.000000,SUCCESS,False,9,bd45fedb-2ec9-4318-b19b-b63ac5b8d2d3,1032.0,1032.0,0.0,2026-08-19 09:46:32.598873,2026-08-19 09:46:50.368137,,2026-08-19 09:46:50.368137,
ARCHIVE_MONTH_END,archived,archived.provider_home_spot_category,silver.provider_home_spot_category,2026-08-19 00:00:00.000000,SUCCESS,False,1,ad3955df-1bd4-4ab2-b48c-83b0dfdf54a1,1680.0,1680.0,0.0,2026-08-20 09:53:20.553241,2026-08-20 09:53:39.226983,,2026-08-20 09:53:39.226983,
ARCHIVE,archived,archived.referral_provider_decline_reason,silver.referral_provider_decline_reason,2026-07-02 00:00:00.000000,SUCCESS,False,2,4a4bbcc2-6c72-4e33-b176-b324b2fb7719,2894.0,2894.0,0.0,2026-08-04 22:22:22.581519,2026-08-04 22:22:34.085072,,2026-08-04 22:22:34.085072,
ARCHIVE,archived,archived.referral_provider_decline_reason,silver.referral_provider_decline_reason,2026-07-03 00:00:00.000000,SUCCESS,False,2,4a4bbcc2-6c72-4e33-b176-b324b2fb7719,2997.0,2997.0,0.0,2026-08-04 22:27:52.828701,2026-08-04 22:28:03.920041,,2026-08-04 22:28:03.920041,
ARCHIVE,archived,archived.referral_provider_decline_reason,silver.referral_provider_decline_reason,2026-06-30 00:00:00.000000,SUCCESS,False,2,4a4bbcc2-6c72-4e33-b176-b324b2fb7719,2648.0,2648.0,0.0,2026-08-04 22:10:40.944770,2026-08-04 22:10:55.732063,,2026-08-04 22:10:55.732063,
ARCHIVE,archived,archived.referral_provider_decline_reason,silver.referral_provider_decline_reason,2026-07-01 00:00:00.000000,SUCCESS,False,2,4a4bbcc2-6c72-4e33-b176-b324b2fb7719,2728.0,2728.0,0.0,2026-08-04 22:16:25.735392,2026-08-04 22:16:37.801350,,2026-08-04 22:16:37.801350,
ARCHIVE_MONTH_END,archived,archived.referral_provider_message,silver.referral_provider_message,2026-07-31 00:00:00.000000,SUCCESS,False,1,10b2023d-51a0-48c6-828f-9e0fc96c49c6,3711.0,3711.0,0.0,2026-08-20 07:44:16.823087,2026-08-20 07:44:45.230456,,2026-08-20 07:44:45.230456,
ARCHIVE_MONTH_END,archived,archived.referral_provider_message,silver.referral_provider_message,2026-06-30 00:00:00.000000,SUCCESS,False,1,91566f2f-f4e5-489f-be9f-dca931de3857,1512.0,1512.0,0.0,2026-08-19 21:28:48.031700,2026-08-19 21:29:04.075633,,2026-08-19 21:29:04.075633,
ARCHIVE_MONTH_END,archived,archived.referral_provider_message,silver.referral_provider_message,2026-08-19 00:00:00.000000,SUCCESS,False,1,ad3955df-1bd4-4ab2-b48c-83b0dfdf54a1,4850.0,4850.0,0.0,2026-08-20 09:54:46.796051,2026-08-20 09:55:02.161080,,2026-08-20 09:55:02.161080,
ARCHIVE,archived,archived.provider_sic_codes,,2026-06-30 00:00:00.000000,FAILED,False,1,4a4bbcc2-6c72-4e33-b176-b324b2fb7719,0.0,0.0,0.0,2026-08-04 16:45:00.250124,2026-08-04 22:09:27.706667,No schema contract for archived.archived_provider_sic_codes,2026-08-04 22:09:27.706667,
ARCHIVE,archived,archived.framework_category,,2026-06-30 00:00:00.000000,FAILED,False,1,4a4bbcc2-6c72-4e33-b176-b324b2fb7719,0.0,0.0,0.0,2026-08-04 16:40:15.472703,2026-08-04 22:05:51.638260,No schema contract for archived.archived_framework_category,2026-08-04 22:05:51.638260,
ARCHIVE,archived,archived.provider_sic_codes,,2026-07-04 00:00:00.000000,FAILED,False,1,6d5b71dc-89d7-4fd2-b33f-6bb79b1845cd,0.0,0.0,0.0,2026-08-04 17:15:13.306590,2026-08-04 17:15:13.306590,No schema contract for archived.archived_provider_sic_codes,2026-08-04 17:15:13.306590,
ARCHIVE,archived,archived.provider_sic_codes,,2026-07-05 00:00:00.000000,FAILED,False,1,6d5b71dc-89d7-4fd2-b33f-6bb79b1845cd,0.0,0.0,0.0,2026-08-04 17:21:56.659615,2026-08-04 17:21:56.659615,No schema contract for archived.archived_provider_sic_codes,2026-08-04 17:21:56.659615,
ARCHIVE,archived,archived.framework_category,,2026-07-06 00:00:00.000000,FAILED,False,1,6d5b71dc-89d7-4fd2-b33f-6bb79b1845cd,0.0,0.0,0.0,2026-08-04 17:25:35.067441,2026-08-04 17:25:35.067441,No schema contract for archived.archived_framework_category,2026-08-04 17:25:35.067441,
ARCHIVE_MONTH_END,archived,archived.offer_view_history,silver.offer_view_history,2026-08-19 00:00:00.000000,SUCCESS,False,1,ad3955df-1bd4-4ab2-b48c-83b0dfdf54a1,909.0,909.0,0.0,2026-08-20 09:57:58.376601,2026-08-20 09:58:15.378748,,2026-08-20 09:58:15.378748,
ARCHIVE_MONTH_END,archived,archived.offer_view_history,silver.offer_view_history,2026-05-30 00:00:00.000000,SUCCESS,False,1,99a4d35f-574f-477e-aaf4-15681100f9ce,140.0,140.0,0.0,2026-08-19 15:59:27.990559,2026-08-19 15:59:41.799561,,2026-08-19 15:59:41.799561,
ARCHIVE_MONTH_END,archived,archived.provider_framework,silver.provider_framework,2026-07-31 00:00:00.000000,SUCCESS,False,1,10b2023d-51a0-48c6-828f-9e0fc96c49c6,291.0,291.0,0.0,2026-08-20 07:36:24.218839,2026-08-20 07:36:54.264373,,2026-08-20 07:36:54.264373,
ARCHIVE_MONTH_END,archived,archived.provider_framework,silver.provider_framework,2026-06-30 00:00:00.000000,SUCCESS,False,1,91566f2f-f4e5-489f-be9f-dca931de3857,287.0,287.0,0.0,2026-08-19 21:23:07.733876,2026-08-19 21:23:21.085313,,2026-08-19 21:23:21.085313,
LATEST,bronze,bronze.framework,,2026-08-16 13:50:50.615883,SKIPPED_NO_CONTRACT,False,1,ee8d5ce9-d8f6-468f-9e7c-e94fad3aec69,0.0,0.0,0.0,2026-08-16 14:16:12.245299,2026-08-16 14:16:12.245299,No schema contract for bronze.framework; table skipped,2026-08-16 14:16:12.245299,
ARCHIVE_MONTH_END,archived,archived.framework_category,silver.framework_category,2026-05-30 00:00:00.000000,SUCCESS,False,1,99a4d35f-574f-477e-aaf4-15681100f9ce,20.0,20.0,0.0,2026-08-19 15:50:47.708201,2026-08-19 15:51:01.710782,,2026-08-19 15:51:01.710782,
ARCHIVE_MONTH_END,archived,archived.framework_category,silver.framework_category,2026-07-31 00:00:00.000000,SUCCESS,False,1,10b2023d-51a0-48c6-828f-9e0fc96c49c6,20.0,20.0,0.0,2026-08-20 07:34:12.381510,2026-08-20 07:34:28.828789,,2026-08-20 07:34:28.828789,
ARCHIVE_MONTH_END,archived,archived.framework_category,silver.framework_category,2026-06-30 00:00:00.000000,SUCCESS,False,1,91566f2f-f4e5-489f-be9f-dca931de3857,20.0,20.0,0.0,2026-08-19 21:21:07.573534,2026-08-19 21:21:20.796635,,2026-08-19 21:21:20.796635,
ARCHIVE_MONTH_END,archived,archived.framework_category,silver.framework_category,2026-08-19 00:00:00.000000,SUCCESS,False,1,ad3955df-1bd4-4ab2-b48c-83b0dfdf54a1,20.0,20.0,0.0,2026-08-20 09:46:40.665069,2026-08-20 09:46:57.580908,,2026-08-20 09:46:57.580908,
ARCHIVE_MONTH_END,archived,archived.framework_category,silver.framework_category,2026-04-30 00:00:00.000000,SUCCESS,False,9,bd45fedb-2ec9-4318-b19b-b63ac5b8d2d3,20.0,20.0,0.0,2026-08-19 09:42:31.932148,2026-08-19 09:42:50.746694,,2026-08-19 09:42:50.746694,
ARCHIVE_MONTH_END,archived,archived.referral_provider,silver.referral_provider,2026-08-19 00:00:00.000000,SUCCESS,False,1,ad3955df-1bd4-4ab2-b48c-83b0dfdf54a1,64403.0,64403.0,0.0,2026-08-20 09:50:02.435657,2026-08-20 09:50:17.533127,,2026-08-20 09:50:17.533127,
ARCHIVE_MONTH_END,archived,archived.referral_provider,silver.referral_provider,2026-06-30 00:00:00.000000,SUCCESS,False,1,91566f2f-f4e5-489f-be9f-dca931de3857,16434.0,16434.0,0.0,2026-08-19 21:24:23.933192,2026-08-19 21:24:39.625279,,2026-08-19 21:24:39.625279,
ARCHIVE_MONTH_END,archived,archived.ipa_additional_fee,silver.ipa_additional_fee,2026-08-19 00:00:00.000000,SUCCESS,False,1,ad3955df-1bd4-4ab2-b48c-83b0dfdf54a1,2.0,2.0,0.0,2026-08-20 09:58:54.695539,2026-08-20 09:59:08.533224,,2026-08-20 09:59:08.533224,
ARCHIVE_MONTH_END,archived,archived.referral_provider,silver.referral_provider,2026-07-31 00:00:00.000000,SUCCESS,False,1,10b2023d-51a0-48c6-828f-9e0fc96c49c6,47295.0,47295.0,0.0,2026-08-20 07:38:32.064338,2026-08-20 07:38:56.749284,,2026-08-20 07:38:56.749284,
ARCHIVE_MONTH_END,archived,archived.ipa_additional_fee,silver.ipa_additional_fee,2026-07-31 00:00:00.000000,SUCCESS,False,1,10b2023d-51a0-48c6-828f-9e0fc96c49c6,1.0,1.0,0.0,2026-08-20 07:49:52.678692,2026-08-20 07:50:06.218008,,2026-08-20 07:50:06.218008,
ARCHIVE_MONTH_END,archived,archived.provider_home_age,silver.provider_home_age,2026-05-30 00:00:00.000000,SUCCESS,False,1,99a4d35f-574f-477e-aaf4-15681100f9ce,1984.0,1984.0,0.0,2026-08-19 15:54:58.768031,2026-08-19 15:55:12.535946,,2026-08-19 15:55:12.535946,
ARCHIVE_MONTH_END,archived,archived.provider_home_age,silver.provider_home_age,2026-04-30 00:00:00.000000,SUCCESS,False,9,bd45fedb-2ec9-4318-b19b-b63ac5b8d2d3,1667.0,1667.0,0.0,2026-08-19 09:45:04.415967,2026-08-19 09:45:22.029060,,2026-08-19 09:45:22.029060,
ARCHIVE_MONTH_END,archived,archived.provider_home_age,silver.provider_home_age,2026-07-31 00:00:00.000000,SUCCESS,False,1,10b2023d-51a0-48c6-828f-9e0fc96c49c6,2315.0,2315.0,0.0,2026-08-20 07:40:21.261726,2026-08-20 07:40:43.796794,,2026-08-20 07:40:43.796794,
ARCHIVE_MONTH_END,archived,archived.provider_home_age,silver.provider_home_age,2026-06-30 00:00:00.000000,SUCCESS,False,1,91566f2f-f4e5-489f-be9f-dca931de3857,2092.0,2092.0,0.0,2026-08-19 21:25:58.161954,2026-08-19 21:26:15.017758,,2026-08-19 21:26:15.017758,
ARCHIVE_MONTH_END,archived,archived.provider_home_age,silver.provider_home_age,2026-08-19 00:00:00.000000,SUCCESS,False,1,ad3955df-1bd4-4ab2-b48c-83b0dfdf54a1,2405.0,2405.0,0.0,2026-08-20 09:51:39.643174,2026-08-20 09:51:56.295400,,2026-08-20 09:51:56.295400,
ARCHIVE_MONTH_END,archived,archived.referral_provider,silver.referral_provider,2026-05-30 00:00:00.000000,SUCCESS,False,1,99a4d35f-574f-477e-aaf4-15681100f9ce,5749.0,5749.0,0.0,2026-08-19 15:53:40.135498,2026-08-19 15:53:54.700181,,2026-08-19 15:53:54.700181,
ARCHIVE_MONTH_END,archived,archived.referral_category,silver.referral_category,2026-07-31 00:00:00.000000,SUCCESS,False,1,10b2023d-51a0-48c6-828f-9e0fc96c49c6,478.0,478.0,0.0,2026-08-20 07:37:55.665823,2026-08-20 07:38:18.220263,,2026-08-20 07:38:18.220263,
ARCHIVE_MONTH_END,archived,archived.referral_category,silver.referral_category,2026-08-19 00:00:00.000000,SUCCESS,False,1,ad3955df-1bd4-4ab2-b48c-83b0dfdf54a1,637.0,637.0,0.0,2026-08-20 09:49:39.047887,2026-08-20 09:49:52.373921,,2026-08-20 09:49:52.373921,
ARCHIVE_MONTH_END,archived,archived.referral_category,silver.referral_category,2026-06-30 00:00:00.000000,SUCCESS,False,1,91566f2f-f4e5-489f-be9f-dca931de3857,179.0,179.0,0.0,2026-08-19 21:23:58.546783,2026-08-19 21:24:13.420402,,2026-08-19 21:24:13.420402,
ARCHIVE_MONTH_END,archived,archived.referral_category,silver.referral_category,2026-05-30 00:00:00.000000,SUCCESS,False,1,99a4d35f-574f-477e-aaf4-15681100f9ce,76.0,76.0,0.0,2026-08-19 15:53:16.453609,2026-08-19 15:53:29.756896,,2026-08-19 15:53:29.756896,
ARCHIVE,archived,archived.provider_home_category,silver.provider_home_category,2026-07-07 00:00:00.000000,SUCCESS,False,1,6d5b71dc-89d7-4fd2-b33f-6bb79b1845cd,2375.0,2375.0,0.0,2026-08-04 17:36:57.416602,2026-08-04 17:37:05.733971,,2026-08-04 17:37:05.733971,
ARCHIVE,archived,archived.provider_home_category,silver.provider_home_category,2026-07-02 00:00:00.000000,SUCCESS,False,1,6d5b71dc-89d7-4fd2-b33f-6bb79b1845cd,2327.0,2327.0,0.0,2026-08-04 17:00:43.809507,2026-08-04 17:00:52.264911,,2026-08-04 17:00:52.264911,
ARCHIVE,archived,archived.provider_home_category,silver.provider_home_category,2026-07-05 00:00:00.000000,SUCCESS,False,1,6d5b71dc-89d7-4fd2-b33f-6bb79b1845cd,2375.0,2375.0,0.0,2026-08-04 17:21:06.479591,2026-08-04 17:21:14.436307,,2026-08-04 17:21:14.436307,
ARCHIVE,archived,archived.provider_home_category,silver.provider_home_category,2026-07-06 00:00:00.000000,SUCCESS,False,1,6d5b71dc-89d7-4fd2-b33f-6bb79b1845cd,2375.0,2375.0,0.0,2026-08-04 17:28:44.466734,2026-08-04 17:28:53.139001,,2026-08-04 17:28:53.139001,
ARCHIVE,archived,archived.provider_home_category,silver.provider_home_category,2026-07-01 00:00:00.000000,SUCCESS,False,1,6d5b71dc-89d7-4fd2-b33f-6bb79b1845cd,2327.0,2327.0,0.0,2026-08-04 16:52:30.125915,2026-08-04 16:52:38.951951,,2026-08-04 16:52:38.951951,
ARCHIVE,archived,archived.provider_home_category,silver.provider_home_category,2026-07-03 00:00:00.000000,SUCCESS,False,1,6d5b71dc-89d7-4fd2-b33f-6bb79b1845cd,2327.0,2327.0,0.0,2026-08-04 17:07:43.868824,2026-08-04 17:07:53.203213,,2026-08-04 17:07:53.203213,
ARCHIVE,archived,archived.provider_home_category,silver.provider_home_category,2026-06-30 00:00:00.000000,SUCCESS,False,1,6d5b71dc-89d7-4fd2-b33f-6bb79b1845cd,2327.0,2327.0,0.0,2026-08-04 16:43:56.015553,2026-08-04 16:44:05.298356,,2026-08-04 16:44:05.298356,
ARCHIVE_MONTH_END,archived,archived.referral_spot_category,silver.referral_spot_category,2026-06-30 00:00:00.000000,SUCCESS,False,1,91566f2f-f4e5-489f-be9f-dca931de3857,98.0,98.0,0.0,2026-08-19 21:22:39.591347,2026-08-19 21:22:55.261312,,2026-08-19 21:22:55.261312,
ARCHIVE,archived,archived.provider_education_provision,silver.provider_education_provision,2026-07-01 00:00:00.000000,SUCCESS,False,2,4a4bbcc2-6c72-4e33-b176-b324b2fb7719,258.0,258.0,0.0,2026-08-04 22:14:19.940504,2026-08-04 22:14:30.882246,,2026-08-04 22:14:30.882246,
ARCHIVE,archived,archived.provider_education_provision,silver.provider_education_provision,2026-06-30 00:00:00.000000,SUCCESS,False,2,4a4bbcc2-6c72-4e33-b176-b324b2fb7719,258.0,258.0,0.0,2026-08-04 22:08:19.520644,2026-08-04 22:08:30.922064,,2026-08-04 22:08:30.922064,
ARCHIVE,archived,archived.provider_education_provision,silver.provider_education_provision,2026-07-02 00:00:00.000000,SUCCESS,False,2,4a4bbcc2-6c72-4e33-b176-b324b2fb7719,258.0,258.0,0.0,2026-08-04 22:20:19.086143,2026-08-04 22:20:33.092393,,2026-08-04 22:20:33.092393,
ARCHIVE,archived,archived.provider_education_provision,silver.provider_education_provision,2026-07-03 00:00:00.000000,SUCCESS,False,2,4a4bbcc2-6c72-4e33-b176-b324b2fb7719,256.0,256.0,0.0,2026-08-04 22:25:53.010426,2026-08-04 22:26:04.412355,,2026-08-04 22:26:04.412355,
ARCHIVE,archived,archived.provider_home_spot_category,silver.provider_home_spot_category,2026-07-06 00:00:00.000000,SUCCESS,False,1,6d5b71dc-89d7-4fd2-b33f-6bb79b1845cd,1347.0,1347.0,0.0,2026-08-04 17:29:24.639819,2026-08-04 17:29:32.902578,,2026-08-04 17:29:32.902578,
ARCHIVE,archived,archived.provider_home_spot_category,silver.provider_home_spot_category,2026-07-07 00:00:00.000000,SUCCESS,False,1,6d5b71dc-89d7-4fd2-b33f-6bb79b1845cd,1358.0,1358.0,0.0,2026-08-04 17:37:36.261985,2026-08-04 17:37:44.513352,,2026-08-04 17:37:44.513352,
ARCHIVE,archived,archived.provider_home_spot_category,silver.provider_home_spot_category,2026-07-08 00:00:00.000000,SUCCESS,False,1,6d5b71dc-89d7-4fd2-b33f-6bb79b1845cd,1361.0,1361.0,0.0,2026-08-04 17:45:46.889720,2026-08-04 17:45:55.211571,,2026-08-04 17:45:55.211571,
ARCHIVE,archived,archived.provider_home_spot_category,silver.provider_home_spot_category,2026-07-01 00:00:00.000000,SUCCESS,False,1,6d5b71dc-89d7-4fd2-b33f-6bb79b1845cd,1300.0,1300.0,0.0,2026-08-04 16:53:13.831021,2026-08-04 16:53:24.472572,,2026-08-04 16:53:24.472572,
ARCHIVE,archived,archived.provider_home_spot_category,silver.provider_home_spot_category,2026-07-03 00:00:00.000000,SUCCESS,False,1,6d5b71dc-89d7-4fd2-b33f-6bb79b1845cd,1316.0,1316.0,0.0,2026-08-04 17:08:20.824912,2026-08-04 17:08:28.520178,,2026-08-04 17:08:28.520178,
ARCHIVE,archived,archived.provider_home_spot_category,silver.provider_home_spot_category,2026-07-05 00:00:00.000000,SUCCESS,False,1,6d5b71dc-89d7-4fd2-b33f-6bb79b1845cd,1343.0,1343.0,0.0,2026-08-04 17:21:41.218497,2026-08-04 17:21:49.496071,,2026-08-04 17:21:49.496071,
ARCHIVE,archived,archived.provider_home_spot_category,silver.provider_home_spot_category,2026-07-04 00:00:00.000000,SUCCESS,False,1,6d5b71dc-89d7-4fd2-b33f-6bb79b1845cd,1343.0,1343.0,0.0,2026-08-04 17:14:58.076560,2026-08-04 17:15:06.375889,,2026-08-04 17:15:06.375889,
ARCHIVE,archived,archived.provider_home_spot_category,silver.provider_home_spot_category,2026-06-30 00:00:00.000000,SUCCESS,False,1,6d5b71dc-89d7-4fd2-b33f-6bb79b1845cd,1300.0,1300.0,0.0,2026-08-04 16:44:44.112658,2026-08-04 16:44:52.715645,,2026-08-04 16:44:52.715645,
ARCHIVE,archived,archived.provider_home_spot_category,silver.provider_home_spot_category,2026-07-02 00:00:00.000000,SUCCESS,False,1,6d5b71dc-89d7-4fd2-b33f-6bb79b1845cd,1301.0,1301.0,0.0,2026-08-04 17:01:27.197271,2026-08-04 17:01:34.956327,,2026-08-04 17:01:34.956327,
ARCHIVE_MONTH_END,archived,archived.provider_home_gender,silver.provider_home_gender,2026-06-30 00:00:00.000000,SUCCESS,False,1,91566f2f-f4e5-489f-be9f-dca931de3857,2092.0,2092.0,0.0,2026-08-19 21:26:54.075209,2026-08-19 21:27:10.443727,,2026-08-19 21:27:10.443727,
ARCHIVE_MONTH_END,archived,archived.provider_home_gender,silver.provider_home_gender,2026-05-30 00:00:00.000000,SUCCESS,False,1,99a4d35f-574f-477e-aaf4-15681100f9ce,1984.0,1984.0,0.0,2026-08-19 15:55:46.196246,2026-08-19 15:56:00.944165,,2026-08-19 15:56:00.944165,
ARCHIVE_MONTH_END,archived,archived.provider_home_gender,silver.provider_home_gender,2026-07-31 00:00:00.000000,SUCCESS,False,1,10b2023d-51a0-48c6-828f-9e0fc96c49c6,2315.0,2315.0,0.0,2026-08-20 07:41:34.300374,2026-08-20 07:41:59.302287,,2026-08-20 07:41:59.302287,
ARCHIVE_MONTH_END,archived,archived.provider_home_gender,silver.provider_home_gender,2026-08-19 00:00:00.000000,SUCCESS,False,1,ad3955df-1bd4-4ab2-b48c-83b0dfdf54a1,2405.0,2405.0,0.0,2026-08-20 09:52:47.327958,2026-08-20 09:53:07.421680,,2026-08-20 09:53:07.421680,
ARCHIVE_MONTH_END,archived,archived.provider_home_gender,silver.provider_home_gender,2026-04-30 00:00:00.000000,SUCCESS,False,9,bd45fedb-2ec9-4318-b19b-b63ac5b8d2d3,1667.0,1667.0,0.0,2026-08-19 09:46:01.591925,2026-08-19 09:46:21.304435,,2026-08-19 09:46:21.304435,
LATEST,bronze,bronze.referral_provider_decline_reason,silver.referral_provider_decline_reason,2026-08-15 00:00:00.000000,SUCCESS,False,1,8384f3fd-d320-4530-bc69-530789fba495,15136.0,15136.0,0.0,2026-08-16 11:29:22.047035,2026-08-16 11:29:38.690951,,2026-08-16 11:29:38.690951,
ARCHIVE,archived,archived.referral_provider_message,silver.referral_provider_message,2026-07-02 00:00:00.000000,SUCCESS,False,2,4a4bbcc2-6c72-4e33-b176-b324b2fb7719,1598.0,1598.0,0.0,2026-08-04 22:22:48.970704,2026-08-04 22:23:02.495989,,2026-08-04 22:23:02.495989,
ARCHIVE,archived,archived.referral_provider_message,silver.referral_provider_message,2026-06-30 00:00:00.000000,SUCCESS,False,2,4a4bbcc2-6c72-4e33-b176-b324b2fb7719,1512.0,1512.0,0.0,2026-08-04 22:11:11.091853,2026-08-04 22:11:21.844127,,2026-08-04 22:11:21.844127,
ARCHIVE,archived,archived.referral_provider_message,silver.referral_provider_message,2026-07-01 00:00:00.000000,SUCCESS,False,2,4a4bbcc2-6c72-4e33-b176-b324b2fb7719,1542.0,1542.0,0.0,2026-08-04 22:16:51.142220,2026-08-04 22:17:03.747104,,2026-08-04 22:17:03.747104,
ARCHIVE,archived,archived.referral_provider_message,silver.referral_provider_message,2026-07-03 00:00:00.000000,SUCCESS,False,2,4a4bbcc2-6c72-4e33-b176-b324b2fb7719,1639.0,1639.0,0.0,2026-08-04 22:28:15.006476,2026-08-04 22:28:25.336303,,2026-08-04 22:28:25.336303,
LATEST,bronze,bronze.referral_provider_cancel_reason,silver.referral_provider_cancel_reason,2026-08-15 00:00:00.000000,SUCCESS,False,1,8384f3fd-d320-4530-bc69-530789fba495,24720.0,24720.0,0.0,2026-08-16 11:28:52.384449,2026-08-16 11:29:04.806590,,2026-08-16 11:29:04.806590,
ARCHIVE,archived,archived.supervising_social_worker,silver.supervising_social_worker,2026-07-07 00:00:00.000000,SUCCESS,False,1,6d5b71dc-89d7-4fd2-b33f-6bb79b1845cd,5.0,5.0,0.0,2026-08-04 17:40:28.086562,2026-08-04 17:40:35.665272,,2026-08-04 17:40:35.665272,
ARCHIVE,archived,archived.supervising_social_worker,silver.supervising_social_worker,2026-07-06 00:00:00.000000,SUCCESS,False,1,6d5b71dc-89d7-4fd2-b33f-6bb79b1845cd,1.0,1.0,0.0,2026-08-04 17:32:17.965891,2026-08-04 17:32:25.643065,,2026-08-04 17:32:25.643065,
ARCHIVE_MONTH_END,archived,archived.provider_framework,silver.provider_framework,2026-08-19 00:00:00.000000,SUCCESS,False,1,ad3955df-1bd4-4ab2-b48c-83b0dfdf54a1,295.0,295.0,0.0,2026-08-20 09:48:31.079111,2026-08-20 09:48:52.643972,,2026-08-20 09:48:52.643972,
ARCHIVE_MONTH_END,archived,archived.provider_framework,silver.provider_framework,2026-05-30 00:00:00.000000,SUCCESS,False,1,99a4d35f-574f-477e-aaf4-15681100f9ce,280.0,280.0,0.0,2026-08-19 15:52:26.239693,2026-08-19 15:52:40.012474,,2026-08-19 15:52:40.012474,
ARCHIVE_MONTH_END,archived,archived.offer_view_history,silver.offer_view_history,2026-06-30 00:00:00.000000,SUCCESS,False,1,91566f2f-f4e5-489f-be9f-dca931de3857,321.0,321.0,0.0,2026-08-19 21:30:40.042719,2026-08-19 21:30:55.334362,,2026-08-19 21:30:55.334362,
ARCHIVE_MONTH_END,archived,archived.offer_view_history,silver.offer_view_history,2026-07-31 00:00:00.000000,SUCCESS,False,1,10b2023d-51a0-48c6-828f-9e0fc96c49c6,719.0,719.0,0.0,2026-08-20 07:48:56.248055,2026-08-20 07:49:13.095557,,2026-08-20 07:49:13.095557,
ARCHIVE_MONTH_END,archived,archived.provider_framework,silver.provider_framework,2026-04-30 00:00:00.000000,SUCCESS,False,9,bd45fedb-2ec9-4318-b19b-b63ac5b8d2d3,260.0,260.0,0.0,2026-08-19 09:43:31.917150,2026-08-19 09:43:52.107472,,2026-08-19 09:43:52.107472,
ARCHIVE,archived,archived.referral_person_support_needs,,2026-07-06 00:00:00.000000,FAILED,False,1,6d5b71dc-89d7-4fd2-b33f-6bb79b1845cd,0.0,0.0,0.0,2026-08-04 17:30:46.843291,2026-08-04 17:30:46.843291,No schema contract for archived.archived_referral_person_support_needs,2026-08-04 17:30:46.843291,
ARCHIVE,archived,archived.referral_person_support_needs,,2026-07-05 00:00:00.000000,FAILED,False,1,6d5b71dc-89d7-4fd2-b33f-6bb79b1845cd,0.0,0.0,0.0,2026-08-04 17:23:02.828540,2026-08-04 17:23:02.828540,No schema contract for archived.archived_referral_person_support_needs,2026-08-04 17:23:02.828540,
ARCHIVE,archived,archived.referral_person_support_needs,,2026-07-04 00:00:00.000000,FAILED,False,1,6d5b71dc-89d7-4fd2-b33f-6bb79b1845cd,0.0,0.0,0.0,2026-08-04 17:16:16.305884,2026-08-04 17:16:16.305884,No schema contract for archived.archived_referral_person_support_needs,2026-08-04 17:16:16.305884,
ARCHIVE,archived,archived.referral_person_support_needs,,2026-07-02 00:00:00.000000,FAILED,False,1,4a4bbcc2-6c72-4e33-b176-b324b2fb7719,0.0,0.0,0.0,2026-08-04 17:02:53.859838,2026-08-04 22:21:42.618348,No schema contract for archived.archived_referral_person_support_needs,2026-08-04 22:21:42.618348,
ARCHIVE,archived,archived.referral_person_support_needs,,2026-07-03 00:00:00.000000,FAILED,False,1,4a4bbcc2-6c72-4e33-b176-b324b2fb7719,0.0,0.0,0.0,2026-08-04 17:09:36.050544,2026-08-04 22:27:16.016756,No schema contract for archived.archived_referral_person_support_needs,2026-08-04 22:27:16.016756,
ARCHIVE,archived,archived.referral_person_support_needs,,2026-07-01 00:00:00.000000,FAILED,False,1,4a4bbcc2-6c72-4e33-b176-b324b2fb7719,0.0,0.0,0.0,2026-08-04 16:54:49.485737,2026-08-04 22:15:46.422629,No schema contract for archived.archived_referral_person_support_needs,2026-08-04 22:15:46.422629,
ARCHIVE,archived,archived.referral_person_support_needs,,2026-06-30 00:00:00.000000,FAILED,False,1,4a4bbcc2-6c72-4e33-b176-b324b2fb7719,0.0,0.0,0.0,2026-08-04 16:46:14.888022,2026-08-04 22:09:56.325732,No schema contract for archived.archived_referral_person_support_needs,2026-08-04 22:09:56.325732,
ARCHIVE,archived,archived.referral_person_support_needs,,2026-07-07 00:00:00.000000,FAILED,False,1,6d5b71dc-89d7-4fd2-b33f-6bb79b1845cd,0.0,0.0,0.0,2026-08-04 17:38:58.900742,2026-08-04 17:38:58.900742,No schema contract for archived.archived_referral_person_support_needs,2026-08-04 17:38:58.900742,
LATEST,bronze,bronze.provider_submission_docs,,2026-08-15 00:00:00.000000,SKIPPED_NO_CONTRACT,False,1,ee8d5ce9-d8f6-468f-9e7c-e94fad3aec69,0.0,0.0,0.0,2026-08-16 11:21:19.792723,2026-08-16 14:17:51.261477,No schema contract for bronze.provider_submission_docs; table skipped,2026-08-16 14:17:51.261477,
LATEST,bronze,bronze.provider_submission_docs,,2026-08-18 00:00:00.000000,SKIPPED_NO_CONTRACT,False,1,dcdf08ca-939e-4e21-9459-452d7a8f14f3,0.0,0.0,0.0,2026-08-19 09:12:14.208386,2026-08-19 09:12:14.208386,No schema contract for bronze.provider_submission_docs; table skipped,2026-08-19 09:12:14.208386,
LATEST,bronze,bronze.offer,silver.offer,2026-08-18 00:00:00.000000,FAILED,False,1,dcdf08ca-939e-4e21-9459-452d7a8f14f3,0.0,0.0,0.0,2026-08-19 09:16:54.580842,2026-08-19 09:17:12.045584,"int() argument must be a string, a bytes-like object or a real number, not 'list'",2026-08-19 09:17:12.045584,
ARCHIVE_MONTH_END,archived,archived.referral_provider_decline_reason,silver.referral_provider_decline_reason,2026-07-31 00:00:00.000000,SUCCESS,False,1,10b2023d-51a0-48c6-828f-9e0fc96c49c6,11565.0,11565.0,0.0,2026-08-20 07:43:32.534774,2026-08-20 07:44:01.147673,,2026-08-20 07:44:01.147673,
ARCHIVE_MONTH_END,archived,archived.referral_provider_decline_reason,silver.referral_provider_decline_reason,2026-08-19 00:00:00.000000,SUCCESS,False,1,ad3955df-1bd4-4ab2-b48c-83b0dfdf54a1,16148.0,16148.0,0.0,2026-08-20 09:54:20.191323,2026-08-20 09:54:35.735392,,2026-08-20 09:54:35.735392,
ARCHIVE_MONTH_END,archived,archived.referral_provider_decline_reason,silver.referral_provider_decline_reason,2026-06-30 00:00:00.000000,SUCCESS,False,1,91566f2f-f4e5-489f-be9f-dca931de3857,2648.0,2648.0,0.0,2026-08-19 21:28:22.157194,2026-08-19 21:28:38.294634,,2026-08-19 21:28:38.294634,
LATEST,bronze,bronze.ipa,silver.ipa,2026-08-18 00:00:00.000000,FAILED,False,1,dcdf08ca-939e-4e21-9459-452d7a8f14f3,0.0,0.0,0.0,2026-08-19 09:22:46.452909,2026-08-19 09:23:01.178477,"int() argument must be a string, a bytes-like object or a real number, not 'list'",2026-08-19 09:23:01.178477,
ARCHIVE_MONTH_END,archived,archived.referral_provider_decline_reason,silver.referral_provider_decline_reason,2026-05-30 00:00:00.000000,SUCCESS,False,1,99a4d35f-574f-477e-aaf4-15681100f9ce,925.0,925.0,0.0,2026-08-19 15:57:13.435382,2026-08-19 15:57:27.807573,,2026-08-19 15:57:27.807573,
ARCHIVE_MONTH_END,archived,archived.referral_provider_cancel_reason,silver.referral_provider_cancel_reason,2026-08-19 00:00:00.000000,SUCCESS,False,1,ad3955df-1bd4-4ab2-b48c-83b0dfdf54a1,30177.0,30177.0,0.0,2026-08-20 09:53:52.292479,2026-08-20 09:54:06.890470,,2026-08-20 09:54:06.890470,
ARCHIVE_MONTH_END,archived,archived.referral_provider_cancel_reason,silver.referral_provider_cancel_reason,2026-07-31 00:00:00.000000,SUCCESS,False,1,10b2023d-51a0-48c6-828f-9e0fc96c49c6,17275.0,17275.0,0.0,2026-08-20 07:42:49.546157,2026-08-20 07:43:13.760088,,2026-08-20 07:43:13.760088,
ARCHIVE,archived,archived.provider_submission_docs,,2026-07-05 00:00:00.000000,FAILED,False,1,6d5b71dc-89d7-4fd2-b33f-6bb79b1845cd,0.0,0.0,0.0,2026-08-04 17:22:01.109547,2026-08-04 17:22:01.109547,No schema contract for archived.archived_provider_submission_docs,2026-08-04 17:22:01.109547,
ARCHIVE,archived,archived.provider_submission_docs,,2026-06-30 00:00:00.000000,FAILED,False,1,4a4bbcc2-6c72-4e33-b176-b324b2fb7719,0.0,0.0,0.0,2026-08-04 16:45:05.618685,2026-08-04 22:09:35.795961,No schema contract for archived.archived_provider_submission_docs,2026-08-04 22:09:35.795961,
ARCHIVE,archived,archived.provider_submission_docs,,2026-07-08 00:00:00.000000,FAILED,False,1,6d5b71dc-89d7-4fd2-b33f-6bb79b1845cd,0.0,0.0,0.0,2026-08-04 17:46:07.598517,2026-08-04 17:46:07.598517,No schema contract for archived.archived_provider_submission_docs,2026-08-04 17:46:07.598517,
ARCHIVE,archived,archived.provider_submission_docs,,2026-07-04 00:00:00.000000,FAILED,False,1,6d5b71dc-89d7-4fd2-b33f-6bb79b1845cd,0.0,0.0,0.0,2026-08-04 17:15:17.610410,2026-08-04 17:15:17.610410,No schema contract for archived.archived_provider_submission_docs,2026-08-04 17:15:17.610410,
ARCHIVE,archived,archived.provider_submission_docs,,2026-07-06 00:00:00.000000,FAILED,False,1,6d5b71dc-89d7-4fd2-b33f-6bb79b1845cd,0.0,0.0,0.0,2026-08-04 17:29:45.358723,2026-08-04 17:29:45.358723,No schema contract for archived.archived_provider_submission_docs,2026-08-04 17:29:45.358723,
ARCHIVE,archived,archived.provider_submission_docs,,2026-07-03 00:00:00.000000,FAILED,False,1,4a4bbcc2-6c72-4e33-b176-b324b2fb7719,0.0,0.0,0.0,2026-08-04 17:08:39.432443,2026-08-04 22:26:58.808556,No schema contract for archived.archived_provider_submission_docs,2026-08-04 22:26:58.808556,
ARCHIVE,archived,archived.provider_submission_docs,,2026-07-01 00:00:00.000000,FAILED,False,1,4a4bbcc2-6c72-4e33-b176-b324b2fb7719,0.0,0.0,0.0,2026-08-04 16:53:38.617353,2026-08-04 22:15:29.113523,No schema contract for archived.archived_provider_submission_docs,2026-08-04 22:15:29.113523,
ARCHIVE,archived,archived.provider_submission_docs,,2026-07-02 00:00:00.000000,FAILED,False,1,4a4bbcc2-6c72-4e33-b176-b324b2fb7719,0.0,0.0,0.0,2026-08-04 17:01:48.845855,2026-08-04 22:21:24.388998,No schema contract for archived.archived_provider_submission_docs,2026-08-04 22:21:24.388998,
ARCHIVE,archived,archived.provider_submission_docs,,2026-07-07 00:00:00.000000,FAILED,False,1,6d5b71dc-89d7-4fd2-b33f-6bb79b1845cd,0.0,0.0,0.0,2026-08-04 17:37:57.983136,2026-08-04 17:37:57.983136,No schema contract for archived.archived_provider_submission_docs,2026-08-04 17:37:57.983136,
ARCHIVE_MONTH_END,archived,archived.referral_provider_cancel_reason,silver.referral_provider_cancel_reason,2026-06-30 00:00:00.000000,SUCCESS,False,1,91566f2f-f4e5-489f-be9f-dca931de3857,5665.0,5665.0,0.0,2026-08-19 21:27:54.383612,2026-08-19 21:28:09.416702,,2026-08-19 21:28:09.416702,
ARCHIVE_MONTH_END,archived,archived.referral_provider_cancel_reason,silver.referral_provider_cancel_reason,2026-05-30 00:00:00.000000,SUCCESS,False,1,99a4d35f-574f-477e-aaf4-15681100f9ce,1924.0,1924.0,0.0,2026-08-19 15:56:43.786856,2026-08-19 15:57:00.163772,,2026-08-19 15:57:00.163772,
ARCHIVE,archived,archived.ipa_child_support_needs,,2026-07-01 00:00:00.000000,FAILED,False,1,4a4bbcc2-6c72-4e33-b176-b324b2fb7719,0.0,0.0,0.0,2026-08-04 16:49:33.674574,2026-08-04 22:12:12.389938,No schema contract for archived.archived_ipa_child_support_needs,2026-08-04 22:12:12.389938,
ARCHIVE,archived,archived.ipa_child_support_needs,,2026-07-08 00:00:00.000000,FAILED,False,1,6d5b71dc-89d7-4fd2-b33f-6bb79b1845cd,0.0,0.0,0.0,2026-08-04 17:42:53.854382,2026-08-04 17:42:53.854382,No schema contract for archived.archived_ipa_child_support_needs,2026-08-04 17:42:53.854382,
ARCHIVE,archived,archived.framework_category,,2026-07-02 00:00:00.000000,FAILED,False,1,4a4bbcc2-6c72-4e33-b176-b324b2fb7719,0.0,0.0,0.0,2026-08-04 16:57:11.606133,2026-08-04 22:17:23.133729,No schema contract for archived.archived_framework_category,2026-08-04 22:17:23.133729,
ARCHIVE,archived,archived.framework_category,,2026-07-03 00:00:00.000000,FAILED,False,1,4a4bbcc2-6c72-4e33-b176-b324b2fb7719,0.0,0.0,0.0,2026-08-04 17:04:42.296451,2026-08-04 22:23:21.088507,No schema contract for archived.archived_framework_category,2026-08-04 22:23:21.088507,
ARCHIVE,archived,archived.framework_category,,2026-07-07 00:00:00.000000,FAILED,False,1,6d5b71dc-89d7-4fd2-b33f-6bb79b1845cd,0.0,0.0,0.0,2026-08-04 17:33:44.441873,2026-08-04 17:33:44.441873,No schema contract for archived.archived_framework_category,2026-08-04 17:33:44.441873,
ARCHIVE,archived,archived.provider_sic_codes,,2026-07-08 00:00:00.000000,FAILED,False,1,6d5b71dc-89d7-4fd2-b33f-6bb79b1845cd,0.0,0.0,0.0,2026-08-04 17:46:02.754860,2026-08-04 17:46:02.754860,No schema contract for archived.archived_provider_sic_codes,2026-08-04 17:46:02.754860,
ARCHIVE,archived,archived.provider_sic_codes,,2026-07-01 00:00:00.000000,FAILED,False,1,4a4bbcc2-6c72-4e33-b176-b324b2fb7719,0.0,0.0,0.0,2026-08-04 16:53:33.272754,2026-08-04 22:15:23.355817,No schema contract for archived.archived_provider_sic_codes,2026-08-04 22:15:23.355817,
ARCHIVE,archived,archived.framework_category,,2026-07-01 00:00:00.000000,FAILED,False,1,4a4bbcc2-6c72-4e33-b176-b324b2fb7719,0.0,0.0,0.0,2026-08-04 16:48:30.252072,2026-08-04 22:11:39.301285,No schema contract for archived.archived_framework_category,2026-08-04 22:11:39.301285,
ARCHIVE,archived,archived.provider_sic_codes,,2026-07-02 00:00:00.000000,FAILED,False,1,4a4bbcc2-6c72-4e33-b176-b324b2fb7719,0.0,0.0,0.0,2026-08-04 17:01:44.204106,2026-08-04 22:21:17.695967,No schema contract for archived.archived_provider_sic_codes,2026-08-04 22:21:17.695967,
ARCHIVE,archived,archived.framework_category,,2026-07-08 00:00:00.000000,FAILED,False,1,6d5b71dc-89d7-4fd2-b33f-6bb79b1845cd,0.0,0.0,0.0,2026-08-04 17:41:56.330128,2026-08-04 17:41:56.330128,No schema contract for archived.archived_framework_category,2026-08-04 17:41:56.330128,
ARCHIVE,archived,archived.provider_sic_codes,,2026-07-03 00:00:00.000000,FAILED,False,1,4a4bbcc2-6c72-4e33-b176-b324b2fb7719,0.0,0.0,0.0,2026-08-04 17:08:35.163892,2026-08-04 22:26:51.887709,No schema contract for archived.archived_provider_sic_codes,2026-08-04 22:26:51.887709,
ARCHIVE,archived,archived.provider_sic_codes,,2026-07-07 00:00:00.000000,FAILED,False,1,6d5b71dc-89d7-4fd2-b33f-6bb79b1845cd,0.0,0.0,0.0,2026-08-04 17:37:53.287088,2026-08-04 17:37:53.287088,No schema contract for archived.archived_provider_sic_codes,2026-08-04 17:37:53.287088,
ARCHIVE,archived,archived.provider_sic_codes,,2026-07-06 00:00:00.000000,FAILED,False,1,6d5b71dc-89d7-4fd2-b33f-6bb79b1845cd,0.0,0.0,0.0,2026-08-04 17:29:40.608626,2026-08-04 17:29:40.608626,No schema contract for archived.archived_provider_sic_codes,2026-08-04 17:29:40.608626,
ARCHIVE,archived,archived.framework_category,,2026-07-04 00:00:00.000000,FAILED,False,1,4a4bbcc2-6c72-4e33-b176-b324b2fb7719,0.0,0.0,0.0,2026-08-04 17:11:19.714662,2026-08-04 22:28:42.836802,No schema contract for archived.archived_framework_category,2026-08-04 22:28:42.836802,
ARCHIVE,archived,archived.framework_category,,2026-07-05 00:00:00.000000,FAILED,False,1,6d5b71dc-89d7-4fd2-b33f-6bb79b1845cd,0.0,0.0,0.0,2026-08-04 17:18:00.560602,2026-08-04 17:18:00.560602,No schema contract for archived.archived_framework_category,2026-08-04 17:18:00.560602,
ARCHIVE_MONTH_END,archived,archived.referral_provider_message,silver.referral_provider_message,2026-05-30 00:00:00.000000,SUCCESS,False,1,99a4d35f-574f-477e-aaf4-15681100f9ce,633.0,633.0,0.0,2026-08-19 15:57:38.983021,2026-08-19 15:57:52.088657,,2026-08-19 15:57:52.088657,
ARCHIVE,archived,archived.referral_provider_cancel_reason,silver.referral_provider_cancel_reason,2026-07-02 00:00:00.000000,SUCCESS,False,2,4a4bbcc2-6c72-4e33-b176-b324b2fb7719,5894.0,5894.0,0.0,2026-08-04 22:21:55.116316,2026-08-04 22:22:09.062266,,2026-08-04 22:22:09.062266,
ARCHIVE,archived,archived.referral_provider_cancel_reason,silver.referral_provider_cancel_reason,2026-07-01 00:00:00.000000,SUCCESS,False,2,4a4bbcc2-6c72-4e33-b176-b324b2fb7719,5748.0,5748.0,0.0,2026-08-04 22:15:59.294596,2026-08-04 22:16:12.012061,,2026-08-04 22:16:12.012061,
ARCHIVE,archived,archived.referral_provider_cancel_reason,silver.referral_provider_cancel_reason,2026-07-03 00:00:00.000000,SUCCESS,False,2,4a4bbcc2-6c72-4e33-b176-b324b2fb7719,6165.0,6165.0,0.0,2026-08-04 22:27:27.406373,2026-08-04 22:27:39.510104,,2026-08-04 22:27:39.510104,
ARCHIVE,archived,archived.referral_provider_cancel_reason,silver.referral_provider_cancel_reason,2026-06-30 00:00:00.000000,SUCCESS,False,2,4a4bbcc2-6c72-4e33-b176-b324b2fb7719,5665.0,5665.0,0.0,2026-08-04 22:10:12.840204,2026-08-04 22:10:24.725639,,2026-08-04 22:10:24.725639,
ARCHIVE_MONTH_END,archived,archived.supervising_social_worker,silver.supervising_social_worker,2026-08-19 00:00:00.000000,SUCCESS,False,1,ad3955df-1bd4-4ab2-b48c-83b0dfdf54a1,31.0,31.0,0.0,2026-08-20 09:58:28.884693,2026-08-20 09:58:44.472143,,2026-08-20 09:58:44.472143,
ARCHIVE_MONTH_END,archived,archived.supervising_social_worker,silver.supervising_social_worker,2026-07-31 00:00:00.000000,SUCCESS,False,1,10b2023d-51a0-48c6-828f-9e0fc96c49c6,25.0,25.0,0.0,2026-08-20 07:49:24.010850,2026-08-20 07:49:40.146404,,2026-08-20 07:49:40.146404,
ARCHIVE_MONTH_END,archived,archived.ipa_child_support_needs,silver.ipa_child_support_needs,2026-08-19 00:00:00.000000,SUCCESS,False,1,ad3955df-1bd4-4ab2-b48c-83b0dfdf54a1,58.0,58.0,0.0,2026-08-20 09:59:48.374481,2026-08-20 10:00:01.868753,,2026-08-20 10:00:01.868753,
ARCHIVE_MONTH_END,archived,archived.ipa_child_support_needs,silver.ipa_child_support_needs,2026-05-30 00:00:00.000000,SUCCESS,False,1,99a4d35f-574f-477e-aaf4-15681100f9ce,11.0,11.0,0.0,2026-08-19 16:00:16.906260,2026-08-19 16:00:29.854428,,2026-08-19 16:00:29.854428,
ARCHIVE_MONTH_END,archived,archived.ipa_child_support_needs,silver.ipa_child_support_needs,2026-07-31 00:00:00.000000,SUCCESS,False,1,10b2023d-51a0-48c6-828f-9e0fc96c49c6,42.0,42.0,0.0,2026-08-20 07:50:48.072610,2026-08-20 07:51:03.005903,,2026-08-20 07:51:03.005903,
ARCHIVE_MONTH_END,archived,archived.ipa_child_support_needs,silver.ipa_child_support_needs,2026-06-30 00:00:00.000000,SUCCESS,False,1,91566f2f-f4e5-489f-be9f-dca931de3857,28.0,28.0,0.0,2026-08-19 21:31:43.176280,2026-08-19 21:32:06.062617,,2026-08-19 21:32:06.062617,
ARCHIVE_MONTH_END,archived,archived.provider_home_category,silver.provider_home_category,2026-06-30 00:00:00.000000,SUCCESS,False,1,91566f2f-f4e5-489f-be9f-dca931de3857,2327.0,2327.0,0.0,2026-08-19 21:26:26.995414,2026-08-19 21:26:43.172096,,2026-08-19 21:26:43.172096,
ARCHIVE_MONTH_END,archived,archived.provider_home_category,silver.provider_home_category,2026-08-19 00:00:00.000000,SUCCESS,False,1,ad3955df-1bd4-4ab2-b48c-83b0dfdf54a1,2474.0,2474.0,0.0,2026-08-20 09:52:07.748030,2026-08-20 09:52:30.664052,,2026-08-20 09:52:30.664052,
ARCHIVE_MONTH_END,archived,archived.provider_home_category,silver.provider_home_category,2026-05-30 00:00:00.000000,SUCCESS,False,1,99a4d35f-574f-477e-aaf4-15681100f9ce,2272.0,2272.0,0.0,2026-08-19 15:55:22.580171,2026-08-19 15:55:36.241047,,2026-08-19 15:55:36.241047,
ARCHIVE_MONTH_END,archived,archived.provider_home_category,silver.provider_home_category,2026-07-31 00:00:00.000000,SUCCESS,False,1,10b2023d-51a0-48c6-828f-9e0fc96c49c6,2384.0,2384.0,0.0,2026-08-20 07:40:57.220267,2026-08-20 07:41:19.800104,,2026-08-20 07:41:19.800104,
ARCHIVE_MONTH_END,archived,archived.provider_home_category,silver.provider_home_category,2026-04-30 00:00:00.000000,SUCCESS,False,9,bd45fedb-2ec9-4318-b19b-b63ac5b8d2d3,1960.0,1960.0,0.0,2026-08-19 09:45:33.438566,2026-08-19 09:45:50.365376,,2026-08-19 09:45:50.365376,
ARCHIVE_MONTH_END,archived,archived.referral_spot_category,silver.referral_spot_category,2026-07-31 00:00:00.000000,SUCCESS,False,1,10b2023d-51a0-48c6-828f-9e0fc96c49c6,238.0,238.0,0.0,2026-08-20 07:35:48.770778,2026-08-20 07:36:09.276896,,2026-08-20 07:36:09.276896,
ARCHIVE_MONTH_END,archived,archived.referral_spot_category,silver.referral_spot_category,2026-08-19 00:00:00.000000,SUCCESS,False,1,ad3955df-1bd4-4ab2-b48c-83b0dfdf54a1,303.0,303.0,0.0,2026-08-20 09:47:57.531990,2026-08-20 09:48:14.743911,,2026-08-20 09:48:14.743911,
ARCHIVE_MONTH_END,archived,archived.referral_spot_category,silver.referral_spot_category,2026-05-30 00:00:00.000000,SUCCESS,False,1,99a4d35f-574f-477e-aaf4-15681100f9ce,35.0,35.0,0.0,2026-08-19 15:52:00.397467,2026-08-19 15:52:16.551571,,2026-08-19 15:52:16.551571,
ARCHIVE_MONTH_END,archived,archived.framework,silver.framework,2026-04-30 00:00:00.000000,SUCCESS,False,3,bd45fedb-2ec9-4318-b19b-b63ac5b8d2d3,3.0,3.0,0.0,2026-08-19 09:41:33.751377,2026-08-19 09:41:50.577621,,2026-08-19 09:41:50.577621,
ARCHIVE_MONTH_END,archived,archived.ipa_child,silver.ipa_child,2026-06-30 00:00:00.000000,SUCCESS,False,1,91566f2f-f4e5-489f-be9f-dca931de3857,8.0,8.0,0.0,2026-08-19 21:31:07.973403,2026-08-19 21:31:29.957654,,2026-08-19 21:31:29.957654,
LATEST,bronze,bronze.provider_home_gender,silver.provider_home_gender,2026-08-15 00:00:00.000000,SUCCESS,False,1,8384f3fd-d320-4530-bc69-530789fba495,2379.0,2379.0,0.0,2026-08-16 11:27:51.470031,2026-08-16 11:28:03.193412,,2026-08-16 11:28:03.193412,
ARCHIVE,archived,archived.provider_home,silver.provider_home,2026-07-02 00:00:00.000000,SUCCESS,False,2,4a4bbcc2-6c72-4e33-b176-b324b2fb7719,2093.0,2093.0,0.0,2026-08-04 22:20:48.367214,2026-08-04 22:20:58.689231,,2026-08-04 22:20:58.689231,
ARCHIVE,archived,archived.provider_home,silver.provider_home,2026-06-30 00:00:00.000000,SUCCESS,False,2,4a4bbcc2-6c72-4e33-b176-b324b2fb7719,2092.0,2092.0,0.0,2026-08-04 22:08:45.483129,2026-08-04 22:08:58.141235,,2026-08-04 22:08:58.141235,
ARCHIVE,archived,archived.provider_home,silver.provider_home,2026-07-01 00:00:00.000000,SUCCESS,False,2,4a4bbcc2-6c72-4e33-b176-b324b2fb7719,2092.0,2092.0,0.0,2026-08-04 22:14:47.316188,2026-08-04 22:15:00.667525,,2026-08-04 22:15:00.667525,
ARCHIVE,archived,archived.provider_home,silver.provider_home,2026-07-03 00:00:00.000000,SUCCESS,False,2,4a4bbcc2-6c72-4e33-b176-b324b2fb7719,2108.0,2108.0,0.0,2026-08-04 22:26:19.864073,2026-08-04 22:26:32.131056,,2026-08-04 22:26:32.131056,
ARCHIVE_MONTH_END,archived,archived.referral,silver.referral,2026-07-31 00:00:00.000000,SUCCESS,False,1,10b2023d-51a0-48c6-828f-9e0fc96c49c6,507.0,507.0,0.0,2026-08-20 07:33:32.508872,2026-08-20 07:33:59.991004,,2026-08-20 07:33:59.991004,
ARCHIVE_MONTH_END,archived,archived.referral,silver.referral,2026-08-19 00:00:00.000000,SUCCESS,False,1,ad3955df-1bd4-4ab2-b48c-83b0dfdf54a1,629.0,629.0,0.0,2026-08-20 09:46:03.611493,2026-08-20 09:46:26.467291,,2026-08-20 09:46:26.467291,
ARCHIVE_MONTH_END,archived,archived.referral,silver.referral,2026-06-30 00:00:00.000000,SUCCESS,False,1,91566f2f-f4e5-489f-be9f-dca931de3857,223.0,223.0,0.0,2026-08-19 21:20:40.795848,2026-08-19 21:20:54.988475,,2026-08-19 21:20:54.988475,
ARCHIVE_MONTH_END,archived,archived.provider,silver.provider,2026-04-30 00:00:00.000000,SUCCESS,False,9,bd45fedb-2ec9-4318-b19b-b63ac5b8d2d3,472.0,472.0,0.0,2026-08-19 09:43:01.976254,2026-08-19 09:43:20.919326,,2026-08-19 09:43:20.919326,
ARCHIVE_MONTH_END,archived,archived.provider,silver.provider,2026-06-30 00:00:00.000000,SUCCESS,False,1,91566f2f-f4e5-489f-be9f-dca931de3857,602.0,602.0,0.0,2026-08-19 21:21:30.311604,2026-08-19 21:21:48.620930,,2026-08-19 21:21:48.620930,
ARCHIVE_MONTH_END,archived,archived.provider,silver.provider,2026-05-30 00:00:00.000000,SUCCESS,False,1,99a4d35f-574f-477e-aaf4-15681100f9ce,549.0,549.0,0.0,2026-08-19 15:51:11.853653,2026-08-19 15:51:26.374106,,2026-08-19 15:51:26.374106,
ARCHIVE_MONTH_END,archived,archived.provider,silver.provider,2026-08-19 00:00:00.000000,SUCCESS,False,1,ad3955df-1bd4-4ab2-b48c-83b0dfdf54a1,678.0,678.0,0.0,2026-08-20 09:47:08.656174,2026-08-20 09:47:23.371890,,2026-08-20 09:47:23.371890,
ARCHIVE_MONTH_END,archived,archived.provider,silver.provider,2026-07-31 00:00:00.000000,SUCCESS,False,1,10b2023d-51a0-48c6-828f-9e0fc96c49c6,650.0,650.0,0.0,2026-08-20 07:34:39.735050,2026-08-20 07:35:02.342704,,2026-08-20 07:35:02.342704,
ARCHIVE_MONTH_END,archived,archived.referral,silver.referral,2026-05-30 00:00:00.000000,SUCCESS,False,1,99a4d35f-574f-477e-aaf4-15681100f9ce,76.0,76.0,0.0,2026-08-19 15:50:20.903193,2026-08-19 15:50:34.825598,,2026-08-19 15:50:34.825598,
ARCHIVE,archived,archived.offer_updates,silver.offer_updates,2026-06-30 00:00:00.000000,SUCCESS,False,2,4a4bbcc2-6c72-4e33-b176-b324b2fb7719,2.0,2.0,0.0,2026-08-04 22:07:14.908300,2026-08-04 22:07:24.940219,,2026-08-04 22:07:24.940219,
ARCHIVE,archived,archived.offer_updates,silver.offer_updates,2026-07-03 00:00:00.000000,SUCCESS,False,2,4a4bbcc2-6c72-4e33-b176-b324b2fb7719,2.0,2.0,0.0,2026-08-04 22:24:38.774224,2026-08-04 22:24:51.205277,,2026-08-04 22:24:51.205277,
ARCHIVE,archived,archived.offer_updates,silver.offer_updates,2026-07-02 00:00:00.000000,SUCCESS,False,2,4a4bbcc2-6c72-4e33-b176-b324b2fb7719,2.0,2.0,0.0,2026-08-04 22:18:40.690701,2026-08-04 22:18:55.961440,,2026-08-04 22:18:55.961440,
ARCHIVE,archived,archived.offer_updates,silver.offer_updates,2026-07-01 00:00:00.000000,SUCCESS,False,2,4a4bbcc2-6c72-4e33-b176-b324b2fb7719,2.0,2.0,0.0,2026-08-04 22:12:49.552498,2026-08-04 22:13:04.765581,,2026-08-04 22:13:04.765581,
LATEST,bronze,bronze.offer_view_history,silver.offer_view_history,2026-08-15 00:00:00.000000,SUCCESS,False,1,8384f3fd-d320-4530-bc69-530789fba495,834.0,834.0,0.0,2026-08-16 11:34:12.562920,2026-08-16 11:34:29.180010,,2026-08-16 11:34:29.180010,
LATEST,bronze,bronze.provider_framework,silver.provider_framework,2026-08-15 00:00:00.000000,SUCCESS,False,1,8384f3fd-d320-4530-bc69-530789fba495,294.0,294.0,0.0,2026-08-16 11:24:15.838475,2026-08-16 11:24:31.536235,,2026-08-16 11:24:31.536235,
LATEST,bronze,bronze.framework_category,silver.framework_category,2026-08-15 00:00:00.000000,SUCCESS,False,1,8384f3fd-d320-4530-bc69-530789fba495,20.0,20.0,0.0,2026-08-16 11:18:53.688390,2026-08-16 11:19:09.720561,,2026-08-16 11:19:09.720561,
LATEST,bronze,bronze.ipa_additional_fee,silver.ipa_additional_fee,2026-07-26 00:00:00.000000,SUCCESS,False,1,8384f3fd-d320-4530-bc69-530789fba495,1.0,1.0,0.0,2026-08-16 11:35:15.717048,2026-08-16 11:35:28.117313,,2026-08-16 11:35:28.117313,
LATEST,bronze,bronze.referral_provider,silver.referral_provider,2026-08-15 00:00:00.000000,SUCCESS,False,1,8384f3fd-d320-4530-bc69-530789fba495,59965.0,59965.0,0.0,2026-08-16 11:25:25.346501,2026-08-16 11:25:40.504733,,2026-08-16 11:25:40.504733,
ARCHIVE,archived,archived.foster_home,silver.foster_home,2026-07-08 00:00:00.000000,SUCCESS,False,1,6d5b71dc-89d7-4fd2-b33f-6bb79b1845cd,6.0,6.0,0.0,2026-08-04 17:41:21.911815,2026-08-04 17:41:29.627856,,2026-08-04 17:41:29.627856,
ARCHIVE,archived,archived.foster_home,silver.foster_home,2026-07-07 00:00:00.000000,SUCCESS,False,1,6d5b71dc-89d7-4fd2-b33f-6bb79b1845cd,5.0,5.0,0.0,2026-08-04 17:33:09.610597,2026-08-04 17:33:18.957909,,2026-08-04 17:33:18.957909,
ARCHIVE,archived,archived.foster_home,silver.foster_home,2026-07-06 00:00:00.000000,SUCCESS,False,1,6d5b71dc-89d7-4fd2-b33f-6bb79b1845cd,1.0,1.0,0.0,2026-08-04 17:25:03.631497,2026-08-04 17:25:11.374275,,2026-08-04 17:25:11.374275,
ARCHIVE_MONTH_END,archived,archived.offer,silver.offer,2026-08-19 00:00:00.000000,SUCCESS,False,1,ad3955df-1bd4-4ab2-b48c-83b0dfdf54a1,1771.0,1771.0,0.0,2026-08-20 09:50:27.890957,2026-08-20 09:50:50.709860,,2026-08-20 09:50:50.709860,
ARCHIVE_MONTH_END,archived,archived.offer,silver.offer,2026-07-31 00:00:00.000000,SUCCESS,False,1,10b2023d-51a0-48c6-828f-9e0fc96c49c6,1434.0,1434.0,0.0,2026-08-20 07:39:09.314687,2026-08-20 07:39:34.109700,,2026-08-20 07:39:34.109700,
LATEST,bronze,bronze.provider_home_age,silver.provider_home_age,2026-08-15 00:00:00.000000,SUCCESS,False,1,8384f3fd-d320-4530-bc69-530789fba495,2379.0,2379.0,0.0,2026-08-16 11:26:54.607065,2026-08-16 11:27:06.423208,,2026-08-16 11:27:06.423208,
ARCHIVE_MONTH_END,archived,archived.offer,silver.offer,2026-06-30 00:00:00.000000,SUCCESS,False,1,91566f2f-f4e5-489f-be9f-dca931de3857,723.0,723.0,0.0,2026-08-19 21:24:51.129453,2026-08-19 21:25:10.974611,,2026-08-19 21:25:10.974611,
ARCHIVE_MONTH_END,archived,archived.additional_fee,silver.additional_fee,2026-07-31 00:00:00.000000,SUCCESS,False,1,10b2023d-51a0-48c6-828f-9e0fc96c49c6,257.0,257.0,0.0,2026-08-20 07:45:03.170444,2026-08-20 07:45:31.869162,,2026-08-20 07:45:31.869162,
ARCHIVE_MONTH_END,archived,archived.additional_fee,silver.additional_fee,2026-08-19 00:00:00.000000,SUCCESS,False,1,ad3955df-1bd4-4ab2-b48c-83b0dfdf54a1,339.0,339.0,0.0,2026-08-20 09:55:13.091535,2026-08-20 09:55:29.594923,,2026-08-20 09:55:29.594923,
ARCHIVE_MONTH_END,archived,archived.additional_fee,silver.additional_fee,2026-06-30 00:00:00.000000,SUCCESS,False,1,91566f2f-f4e5-489f-be9f-dca931de3857,120.0,120.0,0.0,2026-08-19 21:29:14.915137,2026-08-19 21:29:31.246703,,2026-08-19 21:29:31.246703,
ARCHIVE_MONTH_END,archived,archived.additional_fee,silver.additional_fee,2026-05-30 00:00:00.000000,SUCCESS,False,1,99a4d35f-574f-477e-aaf4-15681100f9ce,66.0,66.0,0.0,2026-08-19 15:58:01.964921,2026-08-19 15:58:15.356052,,2026-08-19 15:58:15.356052,
ARCHIVE_MONTH_END,archived,archived.provider_home,silver.provider_home,2026-08-19 00:00:00.000000,SUCCESS,False,1,ad3955df-1bd4-4ab2-b48c-83b0dfdf54a1,2405.0,2405.0,0.0,2026-08-20 09:49:07.145429,2026-08-20 09:49:28.467421,,2026-08-20 09:49:28.467421,
ARCHIVE_MONTH_END,archived,archived.provider_home,silver.provider_home,2026-04-30 00:00:00.000000,SUCCESS,False,9,bd45fedb-2ec9-4318-b19b-b63ac5b8d2d3,1667.0,1667.0,0.0,2026-08-19 09:44:05.731562,2026-08-19 09:44:24.143756,,2026-08-19 09:44:24.143756,
ARCHIVE_MONTH_END,archived,archived.provider_home,silver.provider_home,2026-05-30 00:00:00.000000,SUCCESS,False,1,99a4d35f-574f-477e-aaf4-15681100f9ce,1984.0,1984.0,0.0,2026-08-19 15:52:50.658450,2026-08-19 15:53:06.113134,,2026-08-19 15:53:06.113134,
ARCHIVE_MONTH_END,archived,archived.provider_home,silver.provider_home,2026-07-31 00:00:00.000000,SUCCESS,False,1,10b2023d-51a0-48c6-828f-9e0fc96c49c6,2315.0,2315.0,0.0,2026-08-20 07:37:13.060628,2026-08-20 07:37:43.509338,,2026-08-20 07:37:43.509338,
ARCHIVE_MONTH_END,archived,archived.provider_home,silver.provider_home,2026-06-30 00:00:00.000000,SUCCESS,False,1,91566f2f-f4e5-489f-be9f-dca931de3857,2092.0,2092.0,0.0,2026-08-19 21:23:32.447554,2026-08-19 21:23:47.989974,,2026-08-19 21:23:47.989974,
LATEST,bronze,bronze.referral_provider_message,silver.referral_provider_message,2026-08-15 00:00:00.000000,SUCCESS,False,1,8384f3fd-d320-4530-bc69-530789fba495,4513.0,4513.0,0.0,2026-08-16 11:29:59.430327,2026-08-16 11:30:19.959774,,2026-08-16 11:30:19.959774,
ARCHIVE_MONTH_END,archived,archived.offer_updates,silver.offer_updates,2026-08-19 00:00:00.000000,SUCCESS,False,1,ad3955df-1bd4-4ab2-b48c-83b0dfdf54a1,10.0,10.0,0.0,2026-08-20 09:57:33.000827,2026-08-20 09:57:47.530224,,2026-08-20 09:57:47.530224,
LATEST,bronze,bronze.supervising_social_worker,silver.supervising_social_worker,2026-08-15 00:00:00.000000,SUCCESS,False,1,8384f3fd-d320-4530-bc69-530789fba495,28.0,28.0,0.0,2026-08-16 11:34:47.494511,2026-08-16 11:34:59.611465,,2026-08-16 11:34:59.611465,
ARCHIVE,archived,archived.offer_view_history,silver.offer_view_history,2026-07-01 00:00:00.000000,SUCCESS,False,2,4a4bbcc2-6c72-4e33-b176-b324b2fb7719,327.0,327.0,0.0,2026-08-04 22:13:26.051138,2026-08-04 22:13:40.576268,,2026-08-04 22:13:40.576268,
ARCHIVE,archived,archived.provider_framework,silver.provider_framework,2026-07-07 00:00:00.000000,SUCCESS,False,1,6d5b71dc-89d7-4fd2-b33f-6bb79b1845cd,289.0,289.0,0.0,2026-08-04 17:36:08.168602,2026-08-04 17:36:15.858411,,2026-08-04 17:36:15.858411,
ARCHIVE,archived,archived.provider_framework,silver.provider_framework,2026-07-06 00:00:00.000000,SUCCESS,False,1,6d5b71dc-89d7-4fd2-b33f-6bb79b1845cd,289.0,289.0,0.0,2026-08-04 17:27:50.525991,2026-08-04 17:27:58.626886,,2026-08-04 17:27:58.626886,
ARCHIVE,archived,archived.provider_framework,silver.provider_framework,2026-07-02 00:00:00.000000,SUCCESS,False,1,6d5b71dc-89d7-4fd2-b33f-6bb79b1845cd,287.0,287.0,0.0,2026-08-04 16:59:49.459733,2026-08-04 16:59:58.198445,,2026-08-04 16:59:58.198445,
ARCHIVE,archived,archived.provider_framework,silver.provider_framework,2026-07-08 00:00:00.000000,SUCCESS,False,1,6d5b71dc-89d7-4fd2-b33f-6bb79b1845cd,289.0,289.0,0.0,2026-08-04 17:44:17.610845,2026-08-04 17:44:25.681131,,2026-08-04 17:44:25.681131,
ARCHIVE,archived,archived.offer_view_history,silver.offer_view_history,2026-07-02 00:00:00.000000,SUCCESS,False,2,4a4bbcc2-6c72-4e33-b176-b324b2fb7719,336.0,336.0,0.0,2026-08-04 22:19:16.623169,2026-08-04 22:19:32.247420,,2026-08-04 22:19:32.247420,
ARCHIVE,archived,archived.offer_view_history,silver.offer_view_history,2026-07-03 00:00:00.000000,SUCCESS,False,2,4a4bbcc2-6c72-4e33-b176-b324b2fb7719,349.0,349.0,0.0,2026-08-04 22:25:07.691622,2026-08-04 22:25:17.602736,,2026-08-04 22:25:17.602736,
ARCHIVE,archived,archived.provider_framework,silver.provider_framework,2026-06-30 00:00:00.000000,SUCCESS,False,1,6d5b71dc-89d7-4fd2-b33f-6bb79b1845cd,287.0,287.0,0.0,2026-08-04 16:42:41.793136,2026-08-04 16:42:50.017501,,2026-08-04 16:42:50.017501,
ARCHIVE,archived,archived.provider_framework,silver.provider_framework,2026-07-05 00:00:00.000000,SUCCESS,False,1,6d5b71dc-89d7-4fd2-b33f-6bb79b1845cd,289.0,289.0,0.0,2026-08-04 17:20:14.881820,2026-08-04 17:20:22.672804,,2026-08-04 17:20:22.672804,
ARCHIVE,archived,archived.provider_framework,silver.provider_framework,2026-07-04 00:00:00.000000,SUCCESS,False,1,6d5b71dc-89d7-4fd2-b33f-6bb79b1845cd,289.0,289.0,0.0,2026-08-04 17:13:34.260191,2026-08-04 17:13:41.892783,,2026-08-04 17:13:41.892783,
ARCHIVE,archived,archived.offer_view_history,silver.offer_view_history,2026-06-30 00:00:00.000000,SUCCESS,False,2,4a4bbcc2-6c72-4e33-b176-b324b2fb7719,321.0,321.0,0.0,2026-08-04 22:07:37.962747,2026-08-04 22:07:47.574593,,2026-08-04 22:07:47.574593,
ARCHIVE,archived,archived.provider_framework,silver.provider_framework,2026-07-03 00:00:00.000000,SUCCESS,False,1,6d5b71dc-89d7-4fd2-b33f-6bb79b1845cd,287.0,287.0,0.0,2026-08-04 17:06:53.678845,2026-08-04 17:07:01.491298,,2026-08-04 17:07:01.491298,
ARCHIVE,archived,archived.provider_framework,silver.provider_framework,2026-07-01 00:00:00.000000,SUCCESS,False,1,6d5b71dc-89d7-4fd2-b33f-6bb79b1845cd,287.0,287.0,0.0,2026-08-04 16:51:31.614952,2026-08-04 16:51:41.171836,,2026-08-04 16:51:41.171836,
ARCHIVE_MONTH_END,archived,archived.offer_updates,silver.offer_updates,2026-07-31 00:00:00.000000,SUCCESS,False,1,10b2023d-51a0-48c6-828f-9e0fc96c49c6,8.0,8.0,0.0,2026-08-20 07:48:30.534528,2026-08-20 07:48:46.502412,,2026-08-20 07:48:46.502412,
ARCHIVE_MONTH_END,archived,archived.offer_updates,silver.offer_updates,2026-06-30 00:00:00.000000,SUCCESS,False,1,91566f2f-f4e5-489f-be9f-dca931de3857,2.0,2.0,0.0,2026-08-19 21:30:10.122664,2026-08-19 21:30:24.636287,,2026-08-19 21:30:24.636287,
ARCHIVE_MONTH_END,archived,archived.offer_updates,silver.offer_updates,2026-05-30 00:00:00.000000,SUCCESS,False,1,99a4d35f-574f-477e-aaf4-15681100f9ce,2.0,2.0,0.0,2026-08-19 15:58:56.208017,2026-08-19 15:59:14.565026,,2026-08-19 15:59:14.565026,
ARCHIVE,archived,archived.referral_provider,silver.referral_provider,2026-07-07 00:00:00.000000,SUCCESS,False,1,6d5b71dc-89d7-4fd2-b33f-6bb79b1845cd,22451.0,22451.0,0.0,2026-08-04 17:39:06.622729,2026-08-04 17:39:15.423946,,2026-08-04 17:39:15.423946,
ARCHIVE,archived,archived.referral_provider,silver.referral_provider,2026-07-05 00:00:00.000000,SUCCESS,False,1,6d5b71dc-89d7-4fd2-b33f-6bb79b1845cd,18791.0,18791.0,0.0,2026-08-04 17:23:09.795794,2026-08-04 17:23:18.424004,,2026-08-04 17:23:18.424004,
ARCHIVE,archived,archived.referral_provider,silver.referral_provider,2026-07-01 00:00:00.000000,SUCCESS,False,1,6d5b71dc-89d7-4fd2-b33f-6bb79b1845cd,16695.0,16695.0,0.0,2026-08-04 16:54:57.857423,2026-08-04 16:55:09.322121,,2026-08-04 16:55:09.322121,
ARCHIVE,archived,archived.referral_provider,silver.referral_provider,2026-07-02 00:00:00.000000,SUCCESS,False,1,6d5b71dc-89d7-4fd2-b33f-6bb79b1845cd,17625.0,17625.0,0.0,2026-08-04 17:03:01.072316,2026-08-04 17:03:10.056726,,2026-08-04 17:03:10.056726,
ARCHIVE,archived,archived.provider_home_category,silver.provider_home_category,2026-07-04 00:00:00.000000,SUCCESS,False,1,6d5b71dc-89d7-4fd2-b33f-6bb79b1845cd,2375.0,2375.0,0.0,2026-08-04 17:14:23.926892,2026-08-04 17:14:31.725024,,2026-08-04 17:14:31.725024,
ARCHIVE,archived,archived.provider_home_category,silver.provider_home_category,2026-07-08 00:00:00.000000,SUCCESS,False,1,6d5b71dc-89d7-4fd2-b33f-6bb79b1845cd,2375.0,2375.0,0.0,2026-08-04 17:45:08.616721,2026-08-04 17:45:16.854067,,2026-08-04 17:45:16.854067,
ARCHIVE,archived,archived.referral_spot_category,silver.referral_spot_category,2026-07-03 00:00:00.000000,SUCCESS,False,1,6d5b71dc-89d7-4fd2-b33f-6bb79b1845cd,115.0,115.0,0.0,2026-08-04 17:10:44.285672,2026-08-04 17:10:52.000982,,2026-08-04 17:10:52.000982,
ARCHIVE,archived,archived.referral_spot_category,silver.referral_spot_category,2026-07-02 00:00:00.000000,SUCCESS,False,1,6d5b71dc-89d7-4fd2-b33f-6bb79b1845cd,103.0,103.0,0.0,2026-08-04 17:04:06.266942,2026-08-04 17:04:14.900661,,2026-08-04 17:04:14.900661,
ARCHIVE,archived,archived.referral_spot_category,silver.referral_spot_category,2026-07-05 00:00:00.000000,SUCCESS,False,1,6d5b71dc-89d7-4fd2-b33f-6bb79b1845cd,115.0,115.0,0.0,2026-08-04 17:24:12.659744,2026-08-04 17:24:20.216920,,2026-08-04 17:24:20.216920,
ARCHIVE,archived,archived.referral_spot_category,silver.referral_spot_category,2026-07-07 00:00:00.000000,SUCCESS,False,1,6d5b71dc-89d7-4fd2-b33f-6bb79b1845cd,126.0,126.0,0.0,2026-08-04 17:40:10.661491,2026-08-04 17:40:18.382711,,2026-08-04 17:40:18.382711,
ARCHIVE,archived,archived.referral_spot_category,silver.referral_spot_category,2026-07-06 00:00:00.000000,SUCCESS,False,1,6d5b71dc-89d7-4fd2-b33f-6bb79b1845cd,121.0,121.0,0.0,2026-08-04 17:31:58.770470,2026-08-04 17:32:08.324572,,2026-08-04 17:32:08.324572,
ARCHIVE,archived,archived.referral_spot_category,silver.referral_spot_category,2026-07-04 00:00:00.000000,SUCCESS,False,1,6d5b71dc-89d7-4fd2-b33f-6bb79b1845cd,115.0,115.0,0.0,2026-08-04 17:17:25.872610,2026-08-04 17:17:33.353975,,2026-08-04 17:17:33.353975,
ARCHIVE,archived,archived.referral_spot_category,silver.referral_spot_category,2026-07-01 00:00:00.000000,SUCCESS,False,1,6d5b71dc-89d7-4fd2-b33f-6bb79b1845cd,98.0,98.0,0.0,2026-08-04 16:56:24.818271,2026-08-04 16:56:35.213505,,2026-08-04 16:56:35.213505,
ARCHIVE,archived,archived.referral_spot_category,silver.referral_spot_category,2026-06-30 00:00:00.000000,SUCCESS,False,1,6d5b71dc-89d7-4fd2-b33f-6bb79b1845cd,98.0,98.0,0.0,2026-08-04 16:47:33.963697,2026-08-04 16:47:48.342836,,2026-08-04 16:47:48.342836,
ARCHIVE_MONTH_END,archived,archived.foster_transport,silver.foster_transport,2026-08-19 00:00:00.000000,SUCCESS,False,1,ad3955df-1bd4-4ab2-b48c-83b0dfdf54a1,31.0,31.0,0.0,2026-08-20 09:56:38.775685,2026-08-20 09:56:54.481685,,2026-08-20 09:56:54.481685,
ARCHIVE_MONTH_END,archived,archived.foster_transport,silver.foster_transport,2026-07-31 00:00:00.000000,SUCCESS,False,1,10b2023d-51a0-48c6-828f-9e0fc96c49c6,25.0,25.0,0.0,2026-08-20 07:47:25.993203,2026-08-20 07:47:46.689507,,2026-08-20 07:47:46.689507,
LATEST,bronze,bronze.provider_education_provision,silver.provider_education_provision,2026-08-15 00:00:00.000000,SUCCESS,False,1,8384f3fd-d320-4530-bc69-530789fba495,317.0,317.0,0.0,2026-08-16 11:26:26.391213,2026-08-16 11:26:40.877115,,2026-08-16 11:26:40.877115,
ARCHIVE_MONTH_END,archived,archived.holding_company,silver.holding_company,2026-04-30 00:00:00.000000,SUCCESS,False,9,bd45fedb-2ec9-4318-b19b-b63ac5b8d2d3,476.0,476.0,0.0,2026-08-19 09:42:02.089265,2026-08-19 09:42:20.338128,,2026-08-19 09:42:20.338128,
ARCHIVE_MONTH_END,archived,archived.holding_company,silver.holding_company,2026-05-30 00:00:00.000000,SUCCESS,False,1,99a4d35f-574f-477e-aaf4-15681100f9ce,553.0,553.0,0.0,2026-08-19 15:49:54.294920,2026-08-19 15:50:10.789207,,2026-08-19 15:50:10.789207,
ARCHIVE_MONTH_END,archived,archived.referral_person,silver.referral_person,2026-08-19 00:00:00.000000,SUCCESS,False,1,ad3955df-1bd4-4ab2-b48c-83b0dfdf54a1,683.0,683.0,0.0,2026-08-20 09:47:33.245649,2026-08-20 09:47:47.244764,,2026-08-20 09:47:47.244764,
ARCHIVE_MONTH_END,archived,archived.holding_company,silver.holding_company,2026-08-19 00:00:00.000000,SUCCESS,False,1,ad3955df-1bd4-4ab2-b48c-83b0dfdf54a1,682.0,682.0,0.0,2026-08-20 09:45:21.528869,2026-08-20 09:45:48.025525,,2026-08-20 09:45:48.025525,
ARCHIVE_MONTH_END,archived,archived.holding_company,silver.holding_company,2026-07-31 00:00:00.000000,SUCCESS,False,1,10b2023d-51a0-48c6-828f-9e0fc96c49c6,654.0,654.0,0.0,2026-08-20 07:32:51.217347,2026-08-20 07:33:16.810702,,2026-08-20 07:33:16.810702,
ARCHIVE_MONTH_END,archived,archived.holding_company,silver.holding_company,2026-06-30 00:00:00.000000,SUCCESS,False,1,91566f2f-f4e5-489f-be9f-dca931de3857,606.0,606.0,0.0,2026-08-19 21:20:14.376507,2026-08-19 21:20:30.568120,,2026-08-19 21:20:30.568120,
ARCHIVE_MONTH_END,archived,archived.referral_person,silver.referral_person,2026-06-30 00:00:00.000000,SUCCESS,False,1,91566f2f-f4e5-489f-be9f-dca931de3857,229.0,229.0,0.0,2026-08-19 21:22:02.815180,2026-08-19 21:22:25.157995,,2026-08-19 21:22:25.157995,
ARCHIVE_MONTH_END,archived,archived.referral_person,silver.referral_person,2026-07-31 00:00:00.000000,SUCCESS,False,1,10b2023d-51a0-48c6-828f-9e0fc96c49c6,546.0,546.0,0.0,2026-08-20 07:35:15.888090,2026-08-20 07:35:37.299924,,2026-08-20 07:35:37.299924,
ARCHIVE_MONTH_END,archived,archived.referral_person,silver.referral_person,2026-05-30 00:00:00.000000,SUCCESS,False,1,99a4d35f-574f-477e-aaf4-15681100f9ce,79.0,79.0,0.0,2026-08-19 15:51:36.166304,2026-08-19 15:51:49.943669,,2026-08-19 15:51:49.943669,
LATEST,bronze,bronze.provider_home_spot_category,silver.provider_home_spot_category,2026-08-15 00:00:00.000000,SUCCESS,False,1,8384f3fd-d320-4530-bc69-530789fba495,1634.0,1634.0,0.0,2026-08-16 11:28:19.241286,2026-08-16 11:28:34.409414,,2026-08-16 11:28:34.409414,
ARCHIVE,archived,archived.provider_home_gender,silver.provider_home_gender,2026-07-02 00:00:00.000000,SUCCESS,False,1,6d5b71dc-89d7-4fd2-b33f-6bb79b1845cd,2093.0,2093.0,0.0,2026-08-04 17:01:06.548190,2026-08-04 17:01:16.385923,,2026-08-04 17:01:16.385923,
ARCHIVE,archived,archived.provider_home_gender,silver.provider_home_gender,2026-07-01 00:00:00.000000,SUCCESS,False,1,6d5b71dc-89d7-4fd2-b33f-6bb79b1845cd,2092.0,2092.0,0.0,2026-08-04 16:52:49.117043,2026-08-04 16:53:00.340245,,2026-08-04 16:53:00.340245,
ARCHIVE,archived,archived.provider_home_gender,silver.provider_home_gender,2026-07-05 00:00:00.000000,SUCCESS,False,1,6d5b71dc-89d7-4fd2-b33f-6bb79b1845cd,2153.0,2153.0,0.0,2026-08-04 17:21:24.053223,2026-08-04 17:21:31.777956,,2026-08-04 17:21:31.777956,
ARCHIVE,archived,archived.provider_home_gender,silver.provider_home_gender,2026-07-07 00:00:00.000000,SUCCESS,False,1,6d5b71dc-89d7-4fd2-b33f-6bb79b1845cd,2166.0,2166.0,0.0,2026-08-04 17:37:15.533588,2026-08-04 17:37:26.174073,,2026-08-04 17:37:26.174073,
ARCHIVE,archived,archived.provider_home_gender,silver.provider_home_gender,2026-07-06 00:00:00.000000,SUCCESS,False,1,6d5b71dc-89d7-4fd2-b33f-6bb79b1845cd,2155.0,2155.0,0.0,2026-08-04 17:29:05.870287,2026-08-04 17:29:14.498156,,2026-08-04 17:29:14.498156,
ARCHIVE,archived,archived.provider_home_gender,silver.provider_home_gender,2026-06-30 00:00:00.000000,SUCCESS,False,1,6d5b71dc-89d7-4fd2-b33f-6bb79b1845cd,2092.0,2092.0,0.0,2026-08-04 16:44:18.201990,2026-08-04 16:44:30.422148,,2026-08-04 16:44:30.422148,
ARCHIVE,archived,archived.provider_home_gender,silver.provider_home_gender,2026-07-03 00:00:00.000000,SUCCESS,False,1,6d5b71dc-89d7-4fd2-b33f-6bb79b1845cd,2108.0,2108.0,0.0,2026-08-04 17:08:02.860055,2026-08-04 17:08:10.660158,,2026-08-04 17:08:10.660158,
ARCHIVE,archived,archived.provider_home_gender,silver.provider_home_gender,2026-07-08 00:00:00.000000,SUCCESS,False,1,6d5b71dc-89d7-4fd2-b33f-6bb79b1845cd,2168.0,2168.0,0.0,2026-08-04 17:45:27.249540,2026-08-04 17:45:35.065502,,2026-08-04 17:45:35.065502,
ARCHIVE,archived,archived.provider_home_gender,silver.provider_home_gender,2026-07-04 00:00:00.000000,SUCCESS,False,1,6d5b71dc-89d7-4fd2-b33f-6bb79b1845cd,2153.0,2153.0,0.0,2026-08-04 17:14:41.231270,2026-08-04 17:14:48.977702,,2026-08-04 17:14:48.977702,
ARCHIVE,archived,archived.referral_provider,silver.referral_provider,2026-07-06 00:00:00.000000,SUCCESS,False,1,6d5b71dc-89d7-4fd2-b33f-6bb79b1845cd,20615.0,20615.0,0.0,2026-08-04 17:30:53.874779,2026-08-04 17:31:03.268682,,2026-08-04 17:31:03.268682,
ARCHIVE,archived,archived.referral_provider,silver.referral_provider,2026-06-30 00:00:00.000000,SUCCESS,False,1,6d5b71dc-89d7-4fd2-b33f-6bb79b1845cd,16434.0,16434.0,0.0,2026-08-04 16:46:22.732514,2026-08-04 16:46:31.570389,,2026-08-04 16:46:31.570389,
ARCHIVE,archived,archived.referral_provider,silver.referral_provider,2026-07-03 00:00:00.000000,SUCCESS,False,1,6d5b71dc-89d7-4fd2-b33f-6bb79b1845cd,18791.0,18791.0,0.0,2026-08-04 17:09:42.665347,2026-08-04 17:09:51.111128,,2026-08-04 17:09:51.111128,
ARCHIVE,archived,archived.referral_provider,silver.referral_provider,2026-07-04 00:00:00.000000,SUCCESS,False,1,6d5b71dc-89d7-4fd2-b33f-6bb79b1845cd,18791.0,18791.0,0.0,2026-08-04 17:16:23.389306,2026-08-04 17:16:31.636282,,2026-08-04 17:16:31.636282,
ARCHIVE,archived,archived.provider_home_age,silver.provider_home_age,2026-07-03 00:00:00.000000,SUCCESS,False,1,6d5b71dc-89d7-4fd2-b33f-6bb79b1845cd,2108.0,2108.0,0.0,2026-08-04 17:07:24.449488,2026-08-04 17:07:32.060927,,2026-08-04 17:07:32.060927,
ARCHIVE,archived,archived.provider_home_age,silver.provider_home_age,2026-07-06 00:00:00.000000,SUCCESS,False,1,6d5b71dc-89d7-4fd2-b33f-6bb79b1845cd,2155.0,2155.0,0.0,2026-08-04 17:28:25.242246,2026-08-04 17:28:33.541055,,2026-08-04 17:28:33.541055,
ARCHIVE,archived,archived.provider_home_age,silver.provider_home_age,2026-07-02 00:00:00.000000,SUCCESS,False,1,6d5b71dc-89d7-4fd2-b33f-6bb79b1845cd,2093.0,2093.0,0.0,2026-08-04 17:00:25.353657,2026-08-04 17:00:33.490620,,2026-08-04 17:00:33.490620,
ARCHIVE,archived,archived.provider_home_age,silver.provider_home_age,2026-07-08 00:00:00.000000,SUCCESS,False,1,6d5b71dc-89d7-4fd2-b33f-6bb79b1845cd,2168.0,2168.0,0.0,2026-08-04 17:44:50.204243,2026-08-04 17:44:58.158415,,2026-08-04 17:44:58.158415,
ARCHIVE,archived,archived.provider_home_age,silver.provider_home_age,2026-07-04 00:00:00.000000,SUCCESS,False,1,6d5b71dc-89d7-4fd2-b33f-6bb79b1845cd,2153.0,2153.0,0.0,2026-08-04 17:14:05.158685,2026-08-04 17:14:12.812065,,2026-08-04 17:14:12.812065,
ARCHIVE,archived,archived.provider_home_age,silver.provider_home_age,2026-06-30 00:00:00.000000,SUCCESS,False,1,6d5b71dc-89d7-4fd2-b33f-6bb79b1845cd,2092.0,2092.0,0.0,2026-08-04 16:43:29.144270,2026-08-04 16:43:42.136904,,2026-08-04 16:43:42.136904,
ARCHIVE,archived,archived.provider_home_age,silver.provider_home_age,2026-07-01 00:00:00.000000,SUCCESS,False,1,6d5b71dc-89d7-4fd2-b33f-6bb79b1845cd,2092.0,2092.0,0.0,2026-08-04 16:52:09.827922,2026-08-04 16:52:18.938099,,2026-08-04 16:52:18.938099,
ARCHIVE,archived,archived.provider_home_age,silver.provider_home_age,2026-07-07 00:00:00.000000,SUCCESS,False,1,6d5b71dc-89d7-4fd2-b33f-6bb79b1845cd,2166.0,2166.0,0.0,2026-08-04 17:36:39.562221,2026-08-04 17:36:47.848493,,2026-08-04 17:36:47.848493,
ARCHIVE,archived,archived.provider_home_age,silver.provider_home_age,2026-07-05 00:00:00.000000,SUCCESS,False,1,6d5b71dc-89d7-4fd2-b33f-6bb79b1845cd,2153.0,2153.0,0.0,2026-08-04 17:20:46.513855,2026-08-04 17:20:56.200239,,2026-08-04 17:20:56.200239,
ARCHIVE_MONTH_END,archived,archived.foster_carer,silver.foster_carer,2026-08-19 00:00:00.000000,SUCCESS,False,1,ad3955df-1bd4-4ab2-b48c-83b0dfdf54a1,44.0,44.0,0.0,2026-08-20 09:55:41.438487,2026-08-20 09:55:59.438577,,2026-08-20 09:55:59.438577,
ARCHIVE_MONTH_END,archived,archived.foster_carer,silver.foster_carer,2026-07-31 00:00:00.000000,SUCCESS,False,1,10b2023d-51a0-48c6-828f-9e0fc96c49c6,37.0,37.0,0.0,2026-08-20 07:45:46.871094,2026-08-20 07:46:11.719326,,2026-08-20 07:46:11.719326,
ARCHIVE,archived,archived.referral_category,silver.referral_category,2026-07-07 00:00:00.000000,SUCCESS,False,1,6d5b71dc-89d7-4fd2-b33f-6bb79b1845cd,252.0,252.0,0.0,2026-08-04 17:38:23.042854,2026-08-04 17:38:30.875985,,2026-08-04 17:38:30.875985,
ARCHIVE,archived,archived.referral_category,silver.referral_category,2026-07-01 00:00:00.000000,SUCCESS,False,1,6d5b71dc-89d7-4fd2-b33f-6bb79b1845cd,184.0,184.0,0.0,2026-08-04 16:54:07.207551,2026-08-04 16:54:17.182128,,2026-08-04 16:54:17.182128,
ARCHIVE,archived,archived.referral_category,silver.referral_category,2026-07-06 00:00:00.000000,SUCCESS,False,1,6d5b71dc-89d7-4fd2-b33f-6bb79b1845cd,224.0,224.0,0.0,2026-08-04 17:30:10.489353,2026-08-04 17:30:18.800125,,2026-08-04 17:30:18.800125,
ARCHIVE,archived,archived.referral_category,silver.referral_category,2026-07-02 00:00:00.000000,SUCCESS,False,1,6d5b71dc-89d7-4fd2-b33f-6bb79b1845cd,200.0,200.0,0.0,2026-08-04 17:02:17.567099,2026-08-04 17:02:25.659330,,2026-08-04 17:02:25.659330,
ARCHIVE,archived,archived.referral_category,silver.referral_category,2026-07-03 00:00:00.000000,SUCCESS,False,1,6d5b71dc-89d7-4fd2-b33f-6bb79b1845cd,209.0,209.0,0.0,2026-08-04 17:09:03.139972,2026-08-04 17:09:12.474501,,2026-08-04 17:09:12.474501,
ARCHIVE,archived,archived.referral_category,silver.referral_category,2026-07-05 00:00:00.000000,SUCCESS,False,1,6d5b71dc-89d7-4fd2-b33f-6bb79b1845cd,209.0,209.0,0.0,2026-08-04 17:22:29.752834,2026-08-04 17:22:37.476805,,2026-08-04 17:22:37.476805,
ARCHIVE,archived,archived.referral_category,silver.referral_category,2026-07-04 00:00:00.000000,SUCCESS,False,1,6d5b71dc-89d7-4fd2-b33f-6bb79b1845cd,209.0,209.0,0.0,2026-08-04 17:15:43.818724,2026-08-04 17:15:51.676400,,2026-08-04 17:15:51.676400,
ARCHIVE,archived,archived.referral_category,silver.referral_category,2026-06-30 00:00:00.000000,SUCCESS,False,1,6d5b71dc-89d7-4fd2-b33f-6bb79b1845cd,179.0,179.0,0.0,2026-08-04 16:45:37.272313,2026-08-04 16:45:45.469703,,2026-08-04 16:45:45.469703,
LATEST,bronze,bronze.ipa_child_support_needs,silver.ipa_child_support_needs,2026-08-15 00:00:00.000000,SUCCESS,False,1,8384f3fd-d320-4530-bc69-530789fba495,54.0,54.0,0.0,2026-08-16 11:36:16.621203,2026-08-16 11:36:27.897559,,2026-08-16 11:36:27.897559,
ARCHIVE_MONTH_END,archived,archived.foster_home,silver.foster_home,2026-07-31 00:00:00.000000,SUCCESS,False,1,10b2023d-51a0-48c6-828f-9e0fc96c49c6,25.0,25.0,0.0,2026-08-20 07:46:28.383387,2026-08-20 07:46:56.350564,,2026-08-20 07:46:56.350564,
ARCHIVE_MONTH_END,archived,archived.foster_home,silver.foster_home,2026-08-19 00:00:00.000000,SUCCESS,False,1,ad3955df-1bd4-4ab2-b48c-83b0dfdf54a1,31.0,31.0,0.0,2026-08-20 09:56:10.622183,2026-08-20 09:56:28.356174,,2026-08-20 09:56:28.356174,
LATEST,bronze,bronze.provider_home_category,silver.provider_home_category,2026-08-15 00:00:00.000000,SUCCESS,False,1,8384f3fd-d320-4530-bc69-530789fba495,2448.0,2448.0,0.0,2026-08-16 11:27:21.401182,2026-08-16 11:27:35.132832,,2026-08-16 11:27:35.132832,
ARCHIVE,archived,archived.foster_transport,silver.foster_transport,2026-07-07 00:00:00.000000,SUCCESS,False,1,6d5b71dc-89d7-4fd2-b33f-6bb79b1845cd,5.0,5.0,0.0,2026-08-04 17:33:29.418996,2026-08-04 17:33:37.165806,,2026-08-04 17:33:37.165806,
ARCHIVE,archived,archived.foster_transport,silver.foster_transport,2026-07-08 00:00:00.000000,SUCCESS,False,1,6d5b71dc-89d7-4fd2-b33f-6bb79b1845cd,6.0,6.0,0.0,2026-08-04 17:41:40.989059,2026-08-04 17:41:49.195451,,2026-08-04 17:41:49.195451,
ARCHIVE,archived,archived.foster_transport,silver.foster_transport,2026-07-06 00:00:00.000000,SUCCESS,False,1,6d5b71dc-89d7-4fd2-b33f-6bb79b1845cd,1.0,1.0,0.0,2026-08-04 17:25:20.551640,2026-08-04 17:25:28.180663,,2026-08-04 17:25:28.180663,
LATEST,bronze,bronze.referral_spot_category,silver.referral_spot_category,2026-08-15 00:00:00.000000,SUCCESS,False,1,8384f3fd-d320-4530-bc69-530789fba495,289.0,289.0,0.0,2026-08-16 11:23:37.187921,2026-08-16 11:23:53.798306,,2026-08-16 11:23:53.798306,
ARCHIVE,archived,archived.holding_company,silver.holding_company,2026-07-05 00:00:00.000000,SUCCESS,False,1,6d5b71dc-89d7-4fd2-b33f-6bb79b1845cd,614.0,614.0,0.0,2026-08-04 17:18:07.343915,2026-08-04 17:18:15.274400,,2026-08-04 17:18:15.274400,
ARCHIVE_MONTH_END,archived,archived.offer,silver.offer,2026-05-30 00:00:00.000000,SUCCESS,False,1,99a4d35f-574f-477e-aaf4-15681100f9ce,309.0,309.0,0.0,2026-08-19 15:54:05.347533,2026-08-19 15:54:21.517899,,2026-08-19 15:54:21.517899,
LATEST,bronze,bronze.referral_category,silver.referral_category,2026-08-15 00:00:00.000000,SUCCESS,False,1,8384f3fd-d320-4530-bc69-530789fba495,599.0,599.0,0.0,2026-08-16 11:22:42.720455,2026-08-16 11:22:53.630275,,2026-08-16 11:22:53.630275,
LATEST,bronze,bronze.foster_transport,silver.foster_transport,2026-08-15 00:00:00.000000,SUCCESS,False,1,8384f3fd-d320-4530-bc69-530789fba495,28.0,28.0,0.0,2026-08-16 11:32:28.211266,2026-08-16 11:32:39.926169,,2026-08-16 11:32:39.926169,
ARCHIVE,archived,archived.ipa_child,silver.ipa_child,2026-07-07 00:00:00.000000,SUCCESS,False,1,6d5b71dc-89d7-4fd2-b33f-6bb79b1845cd,10.0,10.0,0.0,2026-08-04 17:34:27.811570,2026-08-04 17:34:35.484640,,2026-08-04 17:34:35.484640,
ARCHIVE,archived,archived.ipa_child,silver.ipa_child,2026-07-06 00:00:00.000000,SUCCESS,False,1,6d5b71dc-89d7-4fd2-b33f-6bb79b1845cd,10.0,10.0,0.0,2026-08-04 17:26:14.546799,2026-08-04 17:26:24.476265,,2026-08-04 17:26:24.476265,
ARCHIVE,archived,archived.ipa_child,silver.ipa_child,2026-07-08 00:00:00.000000,SUCCESS,False,1,6d5b71dc-89d7-4fd2-b33f-6bb79b1845cd,12.0,12.0,0.0,2026-08-04 17:42:38.205178,2026-08-04 17:42:46.646088,,2026-08-04 17:42:46.646088,
ARCHIVE,archived,archived.ipa_child,silver.ipa_child,2026-07-03 00:00:00.000000,SUCCESS,False,1,6d5b71dc-89d7-4fd2-b33f-6bb79b1845cd,9.0,9.0,0.0,2026-08-04 17:05:24.448520,2026-08-04 17:05:32.054737,,2026-08-04 17:05:32.054737,
ARCHIVE,archived,archived.ipa_child,silver.ipa_child,2026-06-30 00:00:00.000000,SUCCESS,False,1,6d5b71dc-89d7-4fd2-b33f-6bb79b1845cd,8.0,8.0,0.0,2026-08-04 16:40:55.877511,2026-08-04 16:41:03.266158,,2026-08-04 16:41:03.266158,
ARCHIVE,archived,archived.ipa_child,silver.ipa_child,2026-07-02 00:00:00.000000,SUCCESS,False,1,6d5b71dc-89d7-4fd2-b33f-6bb79b1845cd,8.0,8.0,0.0,2026-08-04 16:57:53.891521,2026-08-04 16:58:05.644615,,2026-08-04 16:58:05.644615,
ARCHIVE,archived,archived.ipa_child,silver.ipa_child,2026-07-04 00:00:00.000000,SUCCESS,False,1,6d5b71dc-89d7-4fd2-b33f-6bb79b1845cd,9.0,9.0,0.0,2026-08-04 17:12:02.065580,2026-08-04 17:12:09.911418,,2026-08-04 17:12:09.911418,
ARCHIVE,archived,archived.ipa_child,silver.ipa_child,2026-07-01 00:00:00.000000,SUCCESS,False,1,6d5b71dc-89d7-4fd2-b33f-6bb79b1845cd,8.0,8.0,0.0,2026-08-04 16:49:13.354064,2026-08-04 16:49:22.534339,,2026-08-04 16:49:22.534339,
ARCHIVE,archived,archived.ipa_child,silver.ipa_child,2026-07-05 00:00:00.000000,SUCCESS,False,1,6d5b71dc-89d7-4fd2-b33f-6bb79b1845cd,9.0,9.0,0.0,2026-08-04 17:18:43.035261,2026-08-04 17:18:50.679288,,2026-08-04 17:18:50.679288,
LATEST,bronze,bronze.holding_company,silver.holding_company,2026-08-15 00:00:00.000000,SUCCESS,False,1,8384f3fd-d320-4530-bc69-530789fba495,678.0,678.0,0.0,2026-08-16 11:20:10.678841,2026-08-16 11:20:37.425544,,2026-08-16 11:20:37.425544,
LATEST,bronze,bronze.referral_person,silver.referral_person,2026-08-15 00:00:00.000000,SUCCESS,False,1,8384f3fd-d320-4530-bc69-530789fba495,650.0,650.0,0.0,2026-08-16 11:23:08.221101,2026-08-16 11:23:21.334386,,2026-08-16 11:23:21.334386,
ARCHIVE_MONTH_END,archived,archived.ipa,silver.ipa,2026-07-31 00:00:00.000000,SUCCESS,False,1,10b2023d-51a0-48c6-828f-9e0fc96c49c6,20.0,20.0,0.0,2026-08-20 07:47:57.365777,2026-08-20 07:48:16.626396,,2026-08-20 07:48:16.626396,
ARCHIVE_MONTH_END,archived,archived.ipa,silver.ipa,2026-08-19 00:00:00.000000,SUCCESS,False,1,ad3955df-1bd4-4ab2-b48c-83b0dfdf54a1,31.0,31.0,0.0,2026-08-20 09:57:04.774194,2026-08-20 09:57:22.641528,,2026-08-20 09:57:22.641528,
ARCHIVE,archived,archived.referral,silver.referral,2026-07-04 00:00:00.000000,SUCCESS,False,1,6d5b71dc-89d7-4fd2-b33f-6bb79b1845cd,250.0,250.0,0.0,2026-08-04 17:15:24.093273,2026-08-04 17:15:31.970324,,2026-08-04 17:15:31.970324,
ARCHIVE,archived,archived.provider,silver.provider,2026-07-03 00:00:00.000000,SUCCESS,False,2,4a4bbcc2-6c72-4e33-b176-b324b2fb7719,605.0,605.0,0.0,2026-08-04 22:25:29.313602,2026-08-04 22:25:41.244274,,2026-08-04 22:25:41.244274,
ARCHIVE,archived,archived.provider,silver.provider,2026-07-01 00:00:00.000000,SUCCESS,False,2,4a4bbcc2-6c72-4e33-b176-b324b2fb7719,602.0,602.0,0.0,2026-08-04 22:13:54.959346,2026-08-04 22:14:07.254298,,2026-08-04 22:14:07.254298,
ARCHIVE,archived,archived.provider,silver.provider,2026-07-02 00:00:00.000000,SUCCESS,False,2,4a4bbcc2-6c72-4e33-b176-b324b2fb7719,603.0,603.0,0.0,2026-08-04 22:19:48.550326,2026-08-04 22:20:04.187646,,2026-08-04 22:20:04.187646,
ARCHIVE,archived,archived.referral,silver.referral,2026-06-30 00:00:00.000000,SUCCESS,False,1,6d5b71dc-89d7-4fd2-b33f-6bb79b1845cd,223.0,223.0,0.0,2026-08-04 16:45:15.450081,2026-08-04 16:45:27.219053,,2026-08-04 16:45:27.219053,
ARCHIVE,archived,archived.referral,silver.referral,2026-07-06 00:00:00.000000,SUCCESS,False,1,6d5b71dc-89d7-4fd2-b33f-6bb79b1845cd,266.0,266.0,0.0,2026-08-04 17:29:52.645245,2026-08-04 17:30:00.638305,,2026-08-04 17:30:00.638305,
ARCHIVE,archived,archived.referral,silver.referral,2026-07-02 00:00:00.000000,SUCCESS,False,1,6d5b71dc-89d7-4fd2-b33f-6bb79b1845cd,243.0,243.0,0.0,2026-08-04 17:01:55.677745,2026-08-04 17:02:07.639565,,2026-08-04 17:02:07.639565,
ARCHIVE,archived,archived.provider,silver.provider,2026-06-30 00:00:00.000000,SUCCESS,False,2,4a4bbcc2-6c72-4e33-b176-b324b2fb7719,602.0,602.0,0.0,2026-08-04 22:07:58.540488,2026-08-04 22:08:08.930337,,2026-08-04 22:08:08.930337,
ARCHIVE,archived,archived.referral,silver.referral,2026-07-07 00:00:00.000000,SUCCESS,False,1,6d5b71dc-89d7-4fd2-b33f-6bb79b1845cd,296.0,296.0,0.0,2026-08-04 17:38:04.975620,2026-08-04 17:38:13.060393,,2026-08-04 17:38:13.060393,
ARCHIVE,archived,archived.referral,silver.referral,2026-07-08 00:00:00.000000,SUCCESS,False,1,6d5b71dc-89d7-4fd2-b33f-6bb79b1845cd,315.0,315.0,0.0,2026-08-04 17:46:14.949982,2026-08-04 17:46:23.318645,,2026-08-04 17:46:23.318645,
ARCHIVE,archived,archived.referral,silver.referral,2026-07-05 00:00:00.000000,SUCCESS,False,1,6d5b71dc-89d7-4fd2-b33f-6bb79b1845cd,250.0,250.0,0.0,2026-08-04 17:22:07.864070,2026-08-04 17:22:17.424886,,2026-08-04 17:22:17.424886,
ARCHIVE,archived,archived.referral,silver.referral,2026-07-01 00:00:00.000000,SUCCESS,False,1,6d5b71dc-89d7-4fd2-b33f-6bb79b1845cd,233.0,233.0,0.0,2026-08-04 16:53:46.075718,2026-08-04 16:53:55.361823,,2026-08-04 16:53:55.361823,
ARCHIVE,archived,archived.referral,silver.referral,2026-07-03 00:00:00.000000,SUCCESS,False,1,6d5b71dc-89d7-4fd2-b33f-6bb79b1845cd,250.0,250.0,0.0,2026-08-04 17:08:45.786903,2026-08-04 17:08:53.821394,,2026-08-04 17:08:53.821394,
ARCHIVE_MONTH_END,archived,archived.ipa,silver.ipa,2026-06-30 00:00:00.000000,SUCCESS,False,1,91566f2f-f4e5-489f-be9f-dca931de3857,8.0,8.0,0.0,2026-08-19 21:29:42.366544,2026-08-19 21:29:59.245522,,2026-08-19 21:29:59.245522,
ARCHIVE_MONTH_END,archived,archived.ipa,silver.ipa,2026-05-30 00:00:00.000000,SUCCESS,False,1,99a4d35f-574f-477e-aaf4-15681100f9ce,3.0,3.0,0.0,2026-08-19 15:58:25.507776,2026-08-19 15:58:43.376533,,2026-08-19 15:58:43.376533,
LATEST,bronze,bronze.additional_fee,silver.additional_fee,2026-08-15 00:00:00.000000,SUCCESS,False,1,8384f3fd-d320-4530-bc69-530789fba495,318.0,318.0,0.0,2026-08-16 11:30:40.214287,2026-08-16 11:30:58.206952,,2026-08-16 11:30:58.206952,
ARCHIVE,archived,archived.referral_person,silver.referral_person,2026-07-03 00:00:00.000000,SUCCESS,False,1,6d5b71dc-89d7-4fd2-b33f-6bb79b1845cd,256.0,256.0,0.0,2026-08-04 17:09:21.666191,2026-08-04 17:09:29.359285,,2026-08-04 17:09:29.359285,
ARCHIVE,archived,archived.holding_company,silver.holding_company,2026-07-02 00:00:00.000000,SUCCESS,False,1,6d5b71dc-89d7-4fd2-b33f-6bb79b1845cd,607.0,607.0,0.0,2026-08-04 16:57:19.803241,2026-08-04 16:57:28.267630,,2026-08-04 16:57:28.267630,
ARCHIVE,archived,archived.referral_person,silver.referral_person,2026-07-01 00:00:00.000000,SUCCESS,False,1,6d5b71dc-89d7-4fd2-b33f-6bb79b1845cd,239.0,239.0,0.0,2026-08-04 16:54:28.951921,2026-08-04 16:54:39.260755,,2026-08-04 16:54:39.260755,
ARCHIVE,archived,archived.holding_company,silver.holding_company,2026-07-07 00:00:00.000000,SUCCESS,False,1,6d5b71dc-89d7-4fd2-b33f-6bb79b1845cd,619.0,619.0,0.0,2026-08-04 17:33:51.312286,2026-08-04 17:34:03.231651,,2026-08-04 17:34:03.231651,
ARCHIVE,archived,archived.referral_person,silver.referral_person,2026-07-07 00:00:00.000000,SUCCESS,False,1,6d5b71dc-89d7-4fd2-b33f-6bb79b1845cd,312.0,312.0,0.0,2026-08-04 17:38:41.295560,2026-08-04 17:38:51.663900,,2026-08-04 17:38:51.663900,
ARCHIVE,archived,archived.holding_company,silver.holding_company,2026-07-01 00:00:00.000000,SUCCESS,False,1,6d5b71dc-89d7-4fd2-b33f-6bb79b1845cd,606.0,606.0,0.0,2026-08-04 16:48:37.042237,2026-08-04 16:48:45.343127,,2026-08-04 16:48:45.343127,
ARCHIVE,archived,archived.holding_company,silver.holding_company,2026-07-06 00:00:00.000000,SUCCESS,False,1,6d5b71dc-89d7-4fd2-b33f-6bb79b1845cd,615.0,615.0,0.0,2026-08-04 17:25:41.828130,2026-08-04 17:25:49.931817,,2026-08-04 17:25:49.931817,
ARCHIVE,archived,archived.referral_person,silver.referral_person,2026-07-06 00:00:00.000000,SUCCESS,False,1,6d5b71dc-89d7-4fd2-b33f-6bb79b1845cd,278.0,278.0,0.0,2026-08-04 17:30:30.470849,2026-08-04 17:30:38.861830,,2026-08-04 17:30:38.861830,
ARCHIVE,archived,archived.holding_company,silver.holding_company,2026-07-04 00:00:00.000000,SUCCESS,False,1,6d5b71dc-89d7-4fd2-b33f-6bb79b1845cd,614.0,614.0,0.0,2026-08-04 17:11:26.369359,2026-08-04 17:11:34.043238,,2026-08-04 17:11:34.043238,
ARCHIVE,archived,archived.referral_person,silver.referral_person,2026-07-05 00:00:00.000000,SUCCESS,False,1,6d5b71dc-89d7-4fd2-b33f-6bb79b1845cd,256.0,256.0,0.0,2026-08-04 17:22:47.100879,2026-08-04 17:22:55.538570,,2026-08-04 17:22:55.538570,
ARCHIVE,archived,archived.holding_company,silver.holding_company,2026-07-08 00:00:00.000000,SUCCESS,False,1,6d5b71dc-89d7-4fd2-b33f-6bb79b1845cd,621.0,621.0,0.0,2026-08-04 17:42:03.450740,2026-08-04 17:42:11.507649,,2026-08-04 17:42:11.507649,
ARCHIVE,archived,archived.referral_person,silver.referral_person,2026-07-04 00:00:00.000000,SUCCESS,False,1,6d5b71dc-89d7-4fd2-b33f-6bb79b1845cd,256.0,256.0,0.0,2026-08-04 17:16:01.272581,2026-08-04 17:16:09.443861,,2026-08-04 17:16:09.443861,
ARCHIVE,archived,archived.referral_person,silver.referral_person,2026-07-02 00:00:00.000000,SUCCESS,False,1,6d5b71dc-89d7-4fd2-b33f-6bb79b1845cd,249.0,249.0,0.0,2026-08-04 17:02:37.380112,2026-08-04 17:02:46.157640,,2026-08-04 17:02:46.157640,
ARCHIVE,archived,archived.referral_person,silver.referral_person,2026-06-30 00:00:00.000000,SUCCESS,False,1,6d5b71dc-89d7-4fd2-b33f-6bb79b1845cd,229.0,229.0,0.0,2026-08-04 16:45:56.802188,2026-08-04 16:46:05.571038,,2026-08-04 16:46:05.571038,
ARCHIVE,archived,archived.holding_company,silver.holding_company,2026-07-03 00:00:00.000000,SUCCESS,False,1,6d5b71dc-89d7-4fd2-b33f-6bb79b1845cd,609.0,609.0,0.0,2026-08-04 17:04:49.767037,2026-08-04 17:04:58.094693,,2026-08-04 17:04:58.094693,
ARCHIVE,archived,archived.holding_company,silver.holding_company,2026-06-30 00:00:00.000000,SUCCESS,False,1,6d5b71dc-89d7-4fd2-b33f-6bb79b1845cd,606.0,606.0,0.0,2026-08-04 16:40:22.273753,2026-08-04 16:40:30.737799,,2026-08-04 16:40:30.737799,
ARCHIVE,archived,archived.additional_fee,silver.additional_fee,2026-07-08 00:00:00.000000,SUCCESS,False,1,6d5b71dc-89d7-4fd2-b33f-6bb79b1845cd,149.0,149.0,0.0,2026-08-04 17:40:50.187407,2026-08-04 17:40:58.012176,,2026-08-04 17:40:58.012176,
ARCHIVE,archived,archived.additional_fee,silver.additional_fee,2026-07-01 00:00:00.000000,SUCCESS,False,1,6d5b71dc-89d7-4fd2-b33f-6bb79b1845cd,120.0,120.0,0.0,2026-08-04 16:48:06.052498,2026-08-04 16:48:17.763557,,2026-08-04 16:48:17.763557,
ARCHIVE,archived,archived.additional_fee,silver.additional_fee,2026-07-04 00:00:00.000000,SUCCESS,False,1,6d5b71dc-89d7-4fd2-b33f-6bb79b1845cd,126.0,126.0,0.0,2026-08-04 17:11:02.315480,2026-08-04 17:11:10.809914,,2026-08-04 17:11:10.809914,
ARCHIVE,archived,archived.additional_fee,silver.additional_fee,2026-07-05 00:00:00.000000,SUCCESS,False,1,6d5b71dc-89d7-4fd2-b33f-6bb79b1845cd,126.0,126.0,0.0,2026-08-04 17:17:43.674306,2026-08-04 17:17:51.540751,,2026-08-04 17:17:51.540751,
ARCHIVE,archived,archived.additional_fee,silver.additional_fee,2026-07-02 00:00:00.000000,SUCCESS,False,1,6d5b71dc-89d7-4fd2-b33f-6bb79b1845cd,125.0,125.0,0.0,2026-08-04 16:56:50.060740,2026-08-04 16:57:00.354193,,2026-08-04 16:57:00.354193,
ARCHIVE,archived,archived.additional_fee,silver.additional_fee,2026-07-03 00:00:00.000000,SUCCESS,False,1,6d5b71dc-89d7-4fd2-b33f-6bb79b1845cd,126.0,126.0,0.0,2026-08-04 17:04:25.018841,2026-08-04 17:04:32.902222,,2026-08-04 17:04:32.902222,
ARCHIVE,archived,archived.additional_fee,silver.additional_fee,2026-07-07 00:00:00.000000,SUCCESS,False,1,6d5b71dc-89d7-4fd2-b33f-6bb79b1845cd,138.0,138.0,0.0,2026-08-04 17:32:37.033378,2026-08-04 17:32:45.419075,,2026-08-04 17:32:45.419075,
ARCHIVE,archived,archived.additional_fee,silver.additional_fee,2026-06-30 00:00:00.000000,SUCCESS,False,1,6d5b71dc-89d7-4fd2-b33f-6bb79b1845cd,120.0,120.0,0.0,2026-08-04 16:39:49.720259,2026-08-04 16:40:02.472333,,2026-08-04 16:40:02.472333,
ARCHIVE,archived,archived.additional_fee,silver.additional_fee,2026-07-06 00:00:00.000000,SUCCESS,False,1,6d5b71dc-89d7-4fd2-b33f-6bb79b1845cd,129.0,129.0,0.0,2026-08-04 17:24:30.245856,2026-08-04 17:24:37.999532,,2026-08-04 17:24:37.999532,
ARCHIVE_MONTH_END,archived,archived.ipa_child,silver.ipa_child,2026-08-19 00:00:00.000000,SUCCESS,False,1,ad3955df-1bd4-4ab2-b48c-83b0dfdf54a1,33.0,33.0,0.0,2026-08-20 09:59:21.948152,2026-08-20 09:59:37.074523,,2026-08-20 09:59:37.074523,
ARCHIVE_MONTH_END,archived,archived.ipa_child,silver.ipa_child,2026-07-31 00:00:00.000000,SUCCESS,False,1,10b2023d-51a0-48c6-828f-9e0fc96c49c6,20.0,20.0,0.0,2026-08-20 07:50:17.919635,2026-08-20 07:50:35.541134,,2026-08-20 07:50:35.541134,
ARCHIVE_MONTH_END,archived,archived.ipa_child,silver.ipa_child,2026-05-30 00:00:00.000000,SUCCESS,False,1,99a4d35f-574f-477e-aaf4-15681100f9ce,3.0,3.0,0.0,2026-08-19 15:59:52.953323,2026-08-19 16:00:07.003038,,2026-08-19 16:00:07.003038,
ARCHIVE_MONTH_END,archived,archived.framework,silver.framework,2026-07-31 00:00:00.000000,SUCCESS,False,1,10b2023d-51a0-48c6-828f-9e0fc96c49c6,3.0,3.0,0.0,2026-08-20 07:32:16.228435,2026-08-20 07:32:38.423351,,2026-08-20 07:32:38.423351,
ARCHIVE_MONTH_END,archived,archived.framework,silver.framework,2026-05-30 00:00:00.000000,SUCCESS,False,1,99a4d35f-574f-477e-aaf4-15681100f9ce,3.0,3.0,0.0,2026-08-19 15:49:27.925213,2026-08-19 15:49:43.223841,,2026-08-19 15:49:43.223841,
ARCHIVE_MONTH_END,archived,archived.framework,silver.framework,2026-08-19 00:00:00.000000,SUCCESS,False,1,ad3955df-1bd4-4ab2-b48c-83b0dfdf54a1,3.0,3.0,0.0,2026-08-20 09:44:51.053600,2026-08-20 09:45:07.262146,,2026-08-20 09:45:07.262146,
ARCHIVE_MONTH_END,archived,archived.framework,silver.framework,2026-06-30 00:00:00.000000,SUCCESS,False,1,91566f2f-f4e5-489f-be9f-dca931de3857,3.0,3.0,0.0,2026-08-19 21:19:48.361783,2026-08-19 21:20:03.841966,,2026-08-19 21:20:03.841966,
ARCHIVE_MONTH_END,archived,archived.archived_referral_provider_decline_reason,,2026-08-21 00:00:00.000000,SKIPPED_NO_CONTRACT,False,1,35157b24-8ece-4435-bacd-ca08430cdac4,0.0,0.0,0.0,2026-08-22 17:36:48.922906,2026-08-22 17:36:48.922906,No schema contract for archived.archived_referral_provider_decline_reason; table skipped,2026-08-22 17:36:48.922906,d19f43b2-d3a3-41c0-bfd2-0f7e2a43ab2c
ARCHIVE_MONTH_END,archived,archived.archived_referral_provider_cancel_reason,,2026-08-21 00:00:00.000000,SKIPPED_NO_CONTRACT,False,1,35157b24-8ece-4435-bacd-ca08430cdac4,0.0,0.0,0.0,2026-08-22 17:36:35.143710,2026-08-22 17:36:35.143710,No schema contract for archived.archived_referral_provider_cancel_reason; table skipped,2026-08-22 17:36:35.143710,d19f43b2-d3a3-41c0-bfd2-0f7e2a43ab2c
ARCHIVE_MONTH_END,archived,archived.archived_referral_person_support_needs,,2026-08-21 00:00:00.000000,SKIPPED_NO_CONTRACT,False,1,35157b24-8ece-4435-bacd-ca08430cdac4,0.0,0.0,0.0,2026-08-22 17:36:06.253533,2026-08-22 17:36:06.253533,No schema contract for archived.archived_referral_person_support_needs; table skipped,2026-08-22 17:36:06.253533,d19f43b2-d3a3-41c0-bfd2-0f7e2a43ab2c
ARCHIVE_MONTH_END,archived,archived.archived_provider_education_provision,,2026-08-21 00:00:00.000000,SKIPPED_NO_CONTRACT,False,1,35157b24-8ece-4435-bacd-ca08430cdac4,0.0,0.0,0.0,2026-08-22 17:32:34.532546,2026-08-22 17:32:34.532546,No schema contract for archived.archived_provider_education_provision; table skipped,2026-08-22 17:32:34.532546,d19f43b2-d3a3-41c0-bfd2-0f7e2a43ab2c
ARCHIVE_MONTH_END,archived,archived.archived_provider_home_spot_category,,2026-08-21 00:00:00.000000,SKIPPED_NO_CONTRACT,False,1,35157b24-8ece-4435-bacd-ca08430cdac4,0.0,0.0,0.0,2026-08-22 17:34:22.693071,2026-08-22 17:34:22.693071,No schema contract for archived.archived_provider_home_spot_category; table skipped,2026-08-22 17:34:22.693071,d19f43b2-d3a3-41c0-bfd2-0f7e2a43ab2c
ARCHIVE_MONTH_END,archived,archived.archived_referral_provider_message,,2026-08-21 00:00:00.000000,SKIPPED_NO_CONTRACT,False,1,35157b24-8ece-4435-bacd-ca08430cdac4,0.0,0.0,0.0,2026-08-22 17:37:03.819803,2026-08-22 17:37:03.819803,No schema contract for archived.archived_referral_provider_message; table skipped,2026-08-22 17:37:03.819803,d19f43b2-d3a3-41c0-bfd2-0f7e2a43ab2c
ARCHIVE_MONTH_END,archived,archived.archived_supervising_social_worker,,2026-08-21 00:00:00.000000,SKIPPED_NO_CONTRACT,False,1,35157b24-8ece-4435-bacd-ca08430cdac4,0.0,0.0,0.0,2026-08-22 17:37:28.904568,2026-08-22 17:37:28.904568,No schema contract for archived.archived_supervising_social_worker; table skipped,2026-08-22 17:37:28.904568,d19f43b2-d3a3-41c0-bfd2-0f7e2a43ab2c
ARCHIVE_MONTH_END,archived,archived.archived_provider_submission_docs,,2026-08-21 00:00:00.000000,SKIPPED_NO_CONTRACT,False,1,35157b24-8ece-4435-bacd-ca08430cdac4,0.0,0.0,0.0,2026-08-22 17:34:55.173782,2026-08-22 17:34:55.173782,No schema contract for archived.archived_provider_submission_docs; table skipped,2026-08-22 17:34:55.173782,d19f43b2-d3a3-41c0-bfd2-0f7e2a43ab2c
ARCHIVE_MONTH_END,archived,archived.archived_ipa_child_support_needs,,2026-08-21 00:00:00.000000,SKIPPED_NO_CONTRACT,False,1,35157b24-8ece-4435-bacd-ca08430cdac4,0.0,0.0,0.0,2026-08-22 17:31:18.545573,2026-08-22 17:31:18.545573,No schema contract for archived.archived_ipa_child_support_needs; table skipped,2026-08-22 17:31:18.545573,d19f43b2-d3a3-41c0-bfd2-0f7e2a43ab2c
ARCHIVE_MONTH_END,archived,archived.archived_referral_spot_category,,2026-08-21 00:00:00.000000,SKIPPED_NO_CONTRACT,False,1,35157b24-8ece-4435-bacd-ca08430cdac4,0.0,0.0,0.0,2026-08-22 17:37:17.827665,2026-08-22 17:37:17.827665,No schema contract for archived.archived_referral_spot_category; table skipped,2026-08-22 17:37:17.827665,d19f43b2-d3a3-41c0-bfd2-0f7e2a43ab2c
ARCHIVE_MONTH_END,archived,archived.archived_provider_home_category,,2026-08-21 00:00:00.000000,SKIPPED_NO_CONTRACT,False,1,35157b24-8ece-4435-bacd-ca08430cdac4,0.0,0.0,0.0,2026-08-22 17:33:47.315797,2026-08-22 17:33:47.315797,No schema contract for archived.archived_provider_home_category; table skipped,2026-08-22 17:33:47.315797,d19f43b2-d3a3-41c0-bfd2-0f7e2a43ab2c
ARCHIVE_MONTH_END,archived,archived.referral_person_support_needs,,2026-08-20 00:00:00.000000,SKIPPED_NO_CONTRACT,False,1,35157b24-8ece-4435-bacd-ca08430cdac4,0.0,0.0,0.0,2026-08-21 09:49:50.949209,2026-08-22 17:39:40.627983,No schema contract for archived.referral_person_support_needs; table skipped,2026-08-22 17:39:40.627983,d19f43b2-d3a3-41c0-bfd2-0f7e2a43ab2c
ARCHIVE_MONTH_END,archived,archived.archived_provider_home_gender,,2026-08-21 00:00:00.000000,SKIPPED_NO_CONTRACT,False,1,35157b24-8ece-4435-bacd-ca08430cdac4,0.0,0.0,0.0,2026-08-22 17:34:06.521490,2026-08-22 17:34:06.521490,No schema contract for archived.archived_provider_home_gender; table skipped,2026-08-22 17:34:06.521490,d19f43b2-d3a3-41c0-bfd2-0f7e2a43ab2c
LATEST,bronze,bronze.provider_home,silver.provider_home,2026-08-15 00:00:00.000000,SUCCESS,False,1,8384f3fd-d320-4530-bc69-530789fba495,2379.0,2379.0,0.0,2026-08-16 11:24:53.243514,2026-08-16 11:25:10.866243,,2026-08-16 11:25:10.866243,
LATEST,bronze,bronze.offer_updates,silver.offer_updates,2026-08-15 00:00:00.000000,SUCCESS,False,1,8384f3fd-d320-4530-bc69-530789fba495,10.0,10.0,0.0,2026-08-16 11:33:36.411766,2026-08-16 11:33:52.696275,,2026-08-16 11:33:52.696275,
ARCHIVE,archived,archived.offer,silver.offer,2026-07-04 00:00:00.000000,SUCCESS,False,2,4a4bbcc2-6c72-4e33-b176-b324b2fb7719,778.0,778.0,0.0,2026-08-04 22:29:28.123878,2026-08-04 22:29:40.069868,,2026-08-04 22:29:40.069868,
ARCHIVE,archived,archived.offer,silver.offer,2026-06-30 00:00:00.000000,SUCCESS,False,2,4a4bbcc2-6c72-4e33-b176-b324b2fb7719,723.0,723.0,0.0,2026-08-04 22:06:51.097988,2026-08-04 22:07:02.269144,,2026-08-04 22:07:02.269144,
ARCHIVE,archived,archived.offer,silver.offer,2026-07-02 00:00:00.000000,SUCCESS,False,2,4a4bbcc2-6c72-4e33-b176-b324b2fb7719,761.0,761.0,0.0,2026-08-04 22:18:12.631228,2026-08-04 22:18:25.000780,,2026-08-04 22:18:25.000780,
ARCHIVE,archived,archived.offer,silver.offer,2026-07-03 00:00:00.000000,SUCCESS,False,2,4a4bbcc2-6c72-4e33-b176-b324b2fb7719,778.0,778.0,0.0,2026-08-04 22:24:12.141434,2026-08-04 22:24:25.664313,,2026-08-04 22:24:25.664313,
ARCHIVE,archived,archived.offer,silver.offer,2026-07-01 00:00:00.000000,SUCCESS,False,2,4a4bbcc2-6c72-4e33-b176-b324b2fb7719,730.0,730.0,0.0,2026-08-04 22:12:21.155524,2026-08-04 22:12:33.516200,,2026-08-04 22:12:33.516200,
LATEST,bronze,bronze.foster_carer,silver.foster_carer,2026-08-15 00:00:00.000000,SUCCESS,False,1,8384f3fd-d320-4530-bc69-530789fba495,40.0,40.0,0.0,2026-08-16 11:31:19.881429,2026-08-16 11:31:36.362750,,2026-08-16 11:31:36.362750,
LATEST,bronze,bronze.foster_home,silver.foster_home,2026-08-15 00:00:00.000000,SUCCESS,False,1,8384f3fd-d320-4530-bc69-530789fba495,28.0,28.0,0.0,2026-08-16 11:31:56.422131,2026-08-16 11:32:10.910206,,2026-08-16 11:32:10.910206,
ARCHIVE,archived,archived.ipa,silver.ipa,2026-07-04 00:00:00.000000,SUCCESS,False,2,4a4bbcc2-6c72-4e33-b176-b324b2fb7719,9.0,9.0,0.0,2026-08-04 22:28:53.472958,2026-08-04 22:29:05.167145,,2026-08-04 22:29:05.167145,
ARCHIVE,archived,archived.ipa,silver.ipa,2026-07-01 00:00:00.000000,SUCCESS,False,2,4a4bbcc2-6c72-4e33-b176-b324b2fb7719,8.0,8.0,0.0,2026-08-04 22:11:48.922819,2026-08-04 22:12:00.206094,,2026-08-04 22:12:00.206094,
ARCHIVE,archived,archived.ipa,silver.ipa,2026-07-03 00:00:00.000000,SUCCESS,False,2,4a4bbcc2-6c72-4e33-b176-b324b2fb7719,9.0,9.0,0.0,2026-08-04 22:23:33.003797,2026-08-04 22:23:48.151681,,2026-08-04 22:23:48.151681,
ARCHIVE,archived,archived.ipa,silver.ipa,2026-06-30 00:00:00.000000,SUCCESS,False,2,4a4bbcc2-6c72-4e33-b176-b324b2fb7719,8.0,8.0,0.0,2026-08-04 22:06:14.094353,2026-08-04 22:06:26.676268,,2026-08-04 22:06:26.676268,
ARCHIVE,archived,archived.ipa,silver.ipa,2026-07-02 00:00:00.000000,SUCCESS,False,2,4a4bbcc2-6c72-4e33-b176-b324b2fb7719,8.0,8.0,0.0,2026-08-04 22:17:34.289505,2026-08-04 22:17:46.269848,,2026-08-04 22:17:46.269848,
LATEST,bronze,bronze.ipa_child,silver.ipa_child,2026-08-15 00:00:00.000000,SUCCESS,False,1,8384f3fd-d320-4530-bc69-530789fba495,29.0,29.0,0.0,2026-08-16 11:35:45.732476,2026-08-16 11:36:00.496936,,2026-08-16 11:36:00.496936,
LATEST,bronze,bronze.provider,silver.provider,2026-08-15 00:00:00.000000,SUCCESS,False,1,8384f3fd-d320-4530-bc69-530789fba495,674.0,674.0,0.0,2026-08-16 11:22:15.986024,2026-08-16 11:22:28.796056,,2026-08-16 11:22:28.796056,
LATEST,bronze,bronze.referral,silver.referral,2026-08-15 00:00:00.000000,SUCCESS,False,1,8384f3fd-d320-4530-bc69-530789fba495,599.0,599.0,0.0,2026-08-16 11:21:37.513538,2026-08-16 11:21:51.212541,,2026-08-16 11:21:51.212541,
LATEST,bronze,bronze.offer,silver.offer,2026-08-15 00:00:00.000000,SUCCESS,False,1,8384f3fd-d320-4530-bc69-530789fba495,1683.0,1683.0,0.0,2026-08-16 11:25:54.982345,2026-08-16 11:26:11.379108,,2026-08-16 11:26:11.379108,
LATEST,bronze,bronze.ipa,silver.ipa,2026-08-15 00:00:00.000000,SUCCESS,False,1,8384f3fd-d320-4530-bc69-530789fba495,27.0,27.0,0.0,2026-08-16 11:32:55.499419,2026-08-16 11:33:14.472220,,2026-08-16 11:33:14.472220,
LATEST,bronze,bronze.framework,silver.framework,2026-05-06 00:00:00.000000,RUNNING,False,3,1027d7ed-521a-4579-967e-77b5448f3554,0.0,0.0,0.0,2026-08-19 10:18:02.203492,,,2026-08-19 10:18:02.203492,
ARCHIVE,archived,archived.referral_category,silver.referral_category,2026-07-08 00:00:00.000000,RUNNING,False,1,6d5b71dc-89d7-4fd2-b33f-6bb79b1845cd,,,,2026-08-04 17:46:33.576754,,,2026-08-04 17:46:33.576754,
ARCHIVE_MONTH_END,archived,archived.archived_provider_sic_codes,,2026-08-21 00:00:00.000000,SKIPPED_NO_CONTRACT,False,1,35157b24-8ece-4435-bacd-ca08430cdac4,0.0,0.0,0.0,2026-08-22 17:34:39.327212,2026-08-22 17:34:39.327212,No schema contract for archived.archived_provider_sic_codes; table skipped,2026-08-22 17:34:39.327212,d19f43b2-d3a3-41c0-bfd2-0f7e2a43ab2c
ARCHIVE_MONTH_END,archived,archived.archived_framework_category,,2026-08-21 00:00:00.000000,SKIPPED_NO_CONTRACT,False,1,35157b24-8ece-4435-bacd-ca08430cdac4,0.0,0.0,0.0,2026-08-22 17:29:58.124823,2026-08-22 17:29:58.124823,No schema contract for archived.archived_framework_category; table skipped,2026-08-22 17:29:58.124823,d19f43b2-d3a3-41c0-bfd2-0f7e2a43ab2c
ARCHIVE_MONTH_END,archived,archived.archived_offer_view_history,,2026-08-21 00:00:00.000000,SKIPPED_NO_CONTRACT,False,1,35157b24-8ece-4435-bacd-ca08430cdac4,0.0,0.0,0.0,2026-08-22 17:32:05.525837,2026-08-22 17:32:05.525837,No schema contract for archived.archived_offer_view_history; table skipped,2026-08-22 17:32:05.525837,d19f43b2-d3a3-41c0-bfd2-0f7e2a43ab2c
ARCHIVE_MONTH_END,archived,archived.archived_provider_framework,,2026-08-21 00:00:00.000000,SKIPPED_NO_CONTRACT,False,1,35157b24-8ece-4435-bacd-ca08430cdac4,0.0,0.0,0.0,2026-08-22 17:32:52.296380,2026-08-22 17:32:52.296380,No schema contract for archived.archived_provider_framework; table skipped,2026-08-22 17:32:52.296380,d19f43b2-d3a3-41c0-bfd2-0f7e2a43ab2c
ARCHIVE_MONTH_END,archived,archived.archived_ipa_additional_fee,,2026-08-21 00:00:00.000000,SKIPPED_NO_CONTRACT,False,1,35157b24-8ece-4435-bacd-ca08430cdac4,0.0,0.0,0.0,2026-08-22 17:30:50.274173,2026-08-22 17:30:50.274173,No schema contract for archived.archived_ipa_additional_fee; table skipped,2026-08-22 17:30:50.274173,d19f43b2-d3a3-41c0-bfd2-0f7e2a43ab2c
ARCHIVE_MONTH_END,archived,archived.archived_provider_home_age,,2026-08-21 00:00:00.000000,SKIPPED_NO_CONTRACT,False,1,35157b24-8ece-4435-bacd-ca08430cdac4,0.0,0.0,0.0,2026-08-22 17:33:33.025255,2026-08-22 17:33:33.025255,No schema contract for archived.archived_provider_home_age; table skipped,2026-08-22 17:33:33.025255,d19f43b2-d3a3-41c0-bfd2-0f7e2a43ab2c
ARCHIVE_MONTH_END,archived,archived.archived_referral_provider,,2026-08-21 00:00:00.000000,SKIPPED_NO_CONTRACT,False,1,35157b24-8ece-4435-bacd-ca08430cdac4,0.0,0.0,0.0,2026-08-22 17:36:21.587101,2026-08-22 17:36:21.587101,No schema contract for archived.archived_referral_provider; table skipped,2026-08-22 17:36:21.587101,d19f43b2-d3a3-41c0-bfd2-0f7e2a43ab2c
ARCHIVE_MONTH_END,archived,archived.archived_referral_category,,2026-08-21 00:00:00.000000,SKIPPED_NO_CONTRACT,False,1,35157b24-8ece-4435-bacd-ca08430cdac4,0.0,0.0,0.0,2026-08-22 17:35:30.425187,2026-08-22 17:35:30.425187,No schema contract for archived.archived_referral_category; table skipped,2026-08-22 17:35:30.425187,d19f43b2-d3a3-41c0-bfd2-0f7e2a43ab2c
ARCHIVE_MONTH_END,archived,archived.archived_foster_transport,,2026-08-21 00:00:00.000000,SKIPPED_NO_CONTRACT,False,1,35157b24-8ece-4435-bacd-ca08430cdac4,0.0,0.0,0.0,2026-08-22 17:29:39.666901,2026-08-22 17:29:39.666901,No schema contract for archived.archived_foster_transport; table skipped,2026-08-22 17:29:39.666901,d19f43b2-d3a3-41c0-bfd2-0f7e2a43ab2c
ARCHIVE_MONTH_END,archived,archived.provider_submission_docs,,2026-08-20 00:00:00.000000,SKIPPED_NO_CONTRACT,False,1,35157b24-8ece-4435-bacd-ca08430cdac4,0.0,0.0,0.0,2026-08-21 09:49:34.035836,2026-08-22 17:39:16.035695,No schema contract for archived.provider_submission_docs; table skipped,2026-08-22 17:39:16.035695,d19f43b2-d3a3-41c0-bfd2-0f7e2a43ab2c
ARCHIVE_MONTH_END,archived,archived.archived_holding_company,,2026-08-21 00:00:00.000000,SKIPPED_NO_CONTRACT,False,1,35157b24-8ece-4435-bacd-ca08430cdac4,0.0,0.0,0.0,2026-08-22 17:30:16.953268,2026-08-22 17:30:16.953268,No schema contract for archived.archived_holding_company; table skipped,2026-08-22 17:30:16.953268,d19f43b2-d3a3-41c0-bfd2-0f7e2a43ab2c
ARCHIVE_MONTH_END,archived,archived.archived_referral_person,,2026-08-21 00:00:00.000000,SKIPPED_NO_CONTRACT,False,1,35157b24-8ece-4435-bacd-ca08430cdac4,0.0,0.0,0.0,2026-08-22 17:35:45.476936,2026-08-22 17:35:45.476936,No schema contract for archived.archived_referral_person; table skipped,2026-08-22 17:35:45.476936,d19f43b2-d3a3-41c0-bfd2-0f7e2a43ab2c
ARCHIVE_MONTH_END,archived,archived.archived_additional_fee,,2026-08-21 00:00:00.000000,SKIPPED_NO_CONTRACT,False,1,35157b24-8ece-4435-bacd-ca08430cdac4,0.0,0.0,0.0,2026-08-22 17:28:52.407299,2026-08-22 17:28:52.407299,No schema contract for archived.archived_additional_fee; table skipped,2026-08-22 17:28:52.407299,d19f43b2-d3a3-41c0-bfd2-0f7e2a43ab2c
ARCHIVE_MONTH_END,archived,archived.archived_provider_home,,2026-08-21 00:00:00.000000,SKIPPED_NO_CONTRACT,False,1,35157b24-8ece-4435-bacd-ca08430cdac4,0.0,0.0,0.0,2026-08-22 17:33:18.409799,2026-08-22 17:33:18.409799,No schema contract for archived.archived_provider_home; table skipped,2026-08-22 17:33:18.409799,d19f43b2-d3a3-41c0-bfd2-0f7e2a43ab2c
ARCHIVE_MONTH_END,archived,archived.archived_offer_updates,,2026-08-21 00:00:00.000000,SKIPPED_NO_CONTRACT,False,1,35157b24-8ece-4435-bacd-ca08430cdac4,0.0,0.0,0.0,2026-08-22 17:31:52.024337,2026-08-22 17:31:52.024337,No schema contract for archived.archived_offer_updates; table skipped,2026-08-22 17:31:52.024337,d19f43b2-d3a3-41c0-bfd2-0f7e2a43ab2c
ARCHIVE_MONTH_END,archived,archived.archived_foster_carer,,2026-08-21 00:00:00.000000,SKIPPED_NO_CONTRACT,False,1,35157b24-8ece-4435-bacd-ca08430cdac4,0.0,0.0,0.0,2026-08-22 17:29:06.845747,2026-08-22 17:29:06.845747,No schema contract for archived.archived_foster_carer; table skipped,2026-08-22 17:29:06.845747,d19f43b2-d3a3-41c0-bfd2-0f7e2a43ab2c
ARCHIVE_MONTH_END,archived,archived.archived_foster_home,,2026-08-21 00:00:00.000000,SKIPPED_NO_CONTRACT,False,1,35157b24-8ece-4435-bacd-ca08430cdac4,0.0,0.0,0.0,2026-08-22 17:29:20.208540,2026-08-22 17:29:20.208540,No schema contract for archived.archived_foster_home; table skipped,2026-08-22 17:29:20.208540,d19f43b2-d3a3-41c0-bfd2-0f7e2a43ab2c
ARCHIVE_MONTH_END,archived,archived.provider_sic_codes,,2026-08-20 00:00:00.000000,SKIPPED_NO_CONTRACT,False,1,35157b24-8ece-4435-bacd-ca08430cdac4,0.0,0.0,0.0,2026-08-21 09:49:22.944151,2026-08-22 17:39:02.059816,No schema contract for archived.provider_sic_codes; table skipped,2026-08-22 17:39:02.059816,d19f43b2-d3a3-41c0-bfd2-0f7e2a43ab2c
ARCHIVE_MONTH_END,archived,archived.archived_ipa_child,,2026-08-21 00:00:00.000000,SKIPPED_NO_CONTRACT,False,1,35157b24-8ece-4435-bacd-ca08430cdac4,0.0,0.0,0.0,2026-08-22 17:31:04.294374,2026-08-22 17:31:04.294374,No schema contract for archived.archived_ipa_child; table skipped,2026-08-22 17:31:04.294374,d19f43b2-d3a3-41c0-bfd2-0f7e2a43ab2c
ARCHIVE_MONTH_END,archived,archived.archived_provider,,2026-08-21 00:00:00.000000,SKIPPED_NO_CONTRACT,False,1,35157b24-8ece-4435-bacd-ca08430cdac4,0.0,0.0,0.0,2026-08-22 17:32:19.310733,2026-08-22 17:32:19.310733,No schema contract for archived.archived_provider; table skipped,2026-08-22 17:32:19.310733,d19f43b2-d3a3-41c0-bfd2-0f7e2a43ab2c
ARCHIVE_MONTH_END,archived,archived.archived_referral,,2026-08-21 00:00:00.000000,SKIPPED_NO_CONTRACT,False,1,35157b24-8ece-4435-bacd-ca08430cdac4,0.0,0.0,0.0,2026-08-22 17:35:14.211531,2026-08-22 17:35:14.211531,No schema contract for archived.archived_referral; table skipped,2026-08-22 17:35:14.211531,d19f43b2-d3a3-41c0-bfd2-0f7e2a43ab2c
ARCHIVE_MONTH_END,archived,archived.archived_offer,,2026-08-21 00:00:00.000000,SKIPPED_NO_CONTRACT,False,1,35157b24-8ece-4435-bacd-ca08430cdac4,0.0,0.0,0.0,2026-08-22 17:31:33.413391,2026-08-22 17:31:33.413391,No schema contract for archived.archived_offer; table skipped,2026-08-22 17:31:33.413391,d19f43b2-d3a3-41c0-bfd2-0f7e2a43ab2c
ARCHIVE_MONTH_END,archived,archived.archived_ipa,,2026-08-21 00:00:00.000000,SKIPPED_NO_CONTRACT,False,1,35157b24-8ece-4435-bacd-ca08430cdac4,0.0,0.0,0.0,2026-08-22 17:30:35.448403,2026-08-22 17:30:35.448403,No schema contract for archived.archived_ipa; table skipped,2026-08-22 17:30:35.448403,d19f43b2-d3a3-41c0-bfd2-0f7e2a43ab2c
ARCHIVE_MONTH_END,archived,archived.audit_bak,,2026-08-04 00:00:00.000000,SKIPPED_NO_CONTRACT,False,1,35157b24-8ece-4435-bacd-ca08430cdac4,0.0,0.0,0.0,2026-08-06 21:19:31.409603,2026-08-22 17:37:41.237261,No schema contract for archived.audit_bak; table skipped,2026-08-22 17:37:41.237261,d19f43b2-d3a3-41c0-bfd2-0f7e2a43ab2c
ARCHIVE_MONTH_END,archived,archived.referral_provider_decline_reason,silver.referral_provider_decline_reason,2026-08-20 00:00:00.000000,SUCCESS,False,1,f500acd5-ceed-482d-8a90-6af3cd75d312,16469.0,16469.0,0.0,2026-08-21 09:58:41.676422,2026-08-21 09:58:54.890644,,2026-08-21 09:58:54.890644,78a97d6e-b4bb-4909-9c22-e6a69f27f6ac
ARCHIVE_MONTH_END,archived,archived.referral_provider_cancel_reason,silver.referral_provider_cancel_reason,2026-08-20 00:00:00.000000,SUCCESS,False,1,f500acd5-ceed-482d-8a90-6af3cd75d312,31402.0,31402.0,0.0,2026-08-21 09:58:18.266570,2026-08-21 09:58:32.524283,,2026-08-21 09:58:32.524283,78a97d6e-b4bb-4909-9c22-e6a69f27f6ac
ARCHIVE_MONTH_END,archived,archived.provider_education_provision,silver.provider_education_provision,2026-08-20 00:00:00.000000,SUCCESS,False,1,f500acd5-ceed-482d-8a90-6af3cd75d312,311.0,311.0,0.0,2026-08-21 09:56:20.740521,2026-08-21 09:56:35.419455,,2026-08-21 09:56:35.419455,78a97d6e-b4bb-4909-9c22-e6a69f27f6ac
ARCHIVE_MONTH_END,archived,archived.provider_home_spot_category,silver.provider_home_spot_category,2026-08-20 00:00:00.000000,SUCCESS,False,1,f500acd5-ceed-482d-8a90-6af3cd75d312,1692.0,1692.0,0.0,2026-08-21 09:57:54.391153,2026-08-21 09:58:09.030242,,2026-08-21 09:58:09.030242,78a97d6e-b4bb-4909-9c22-e6a69f27f6ac
ARCHIVE_MONTH_END,archived,archived.referral_provider_message,silver.referral_provider_message,2026-08-20 00:00:00.000000,SUCCESS,False,1,f500acd5-ceed-482d-8a90-6af3cd75d312,4922.0,4922.0,0.0,2026-08-21 09:59:03.645263,2026-08-21 09:59:16.646266,,2026-08-21 09:59:16.646266,78a97d6e-b4bb-4909-9c22-e6a69f27f6ac
ARCHIVE_MONTH_END,archived,archived.supervising_social_worker,silver.supervising_social_worker,2026-08-20 00:00:00.000000,SUCCESS,False,1,f500acd5-ceed-482d-8a90-6af3cd75d312,31.0,31.0,0.0,2026-08-21 10:02:15.205090,2026-08-21 10:02:29.819817,,2026-08-21 10:02:29.819817,78a97d6e-b4bb-4909-9c22-e6a69f27f6ac
ARCHIVE_MONTH_END,archived,archived.ipa_child_support_needs,silver.ipa_child_support_needs,2026-08-20 00:00:00.000000,SUCCESS,False,1,f500acd5-ceed-482d-8a90-6af3cd75d312,64.0,64.0,0.0,2026-08-21 10:03:27.348897,2026-08-21 10:03:41.066349,,2026-08-21 10:03:41.066349,78a97d6e-b4bb-4909-9c22-e6a69f27f6ac
ARCHIVE_MONTH_END,archived,archived.provider_home_category,silver.provider_home_category,2026-08-20 00:00:00.000000,SUCCESS,False,1,f500acd5-ceed-482d-8a90-6af3cd75d312,2476.0,2476.0,0.0,2026-08-21 09:57:09.158199,2026-08-21 09:57:22.330590,,2026-08-21 09:57:22.330590,78a97d6e-b4bb-4909-9c22-e6a69f27f6ac
ARCHIVE_MONTH_END,archived,archived.referral_spot_category,silver.referral_spot_category,2026-08-20 00:00:00.000000,SUCCESS,False,1,f500acd5-ceed-482d-8a90-6af3cd75d312,308.0,308.0,0.0,2026-08-21 09:53:53.565911,2026-08-21 09:54:08.363487,,2026-08-21 09:54:08.363487,78a97d6e-b4bb-4909-9c22-e6a69f27f6ac
ARCHIVE_MONTH_END,archived,archived.provider_home_gender,silver.provider_home_gender,2026-08-20 00:00:00.000000,SUCCESS,False,1,f500acd5-ceed-482d-8a90-6af3cd75d312,2417.0,2417.0,0.0,2026-08-21 09:57:31.762164,2026-08-21 09:57:45.360479,,2026-08-21 09:57:45.360479,78a97d6e-b4bb-4909-9c22-e6a69f27f6ac
ARCHIVE_MONTH_END,archived,archived.offer_view_history,silver.offer_view_history,2026-08-20 00:00:00.000000,SUCCESS,False,1,f500acd5-ceed-482d-8a90-6af3cd75d312,924.0,924.0,0.0,2026-08-21 10:01:48.653857,2026-08-21 10:02:05.234242,,2026-08-21 10:02:05.234242,78a97d6e-b4bb-4909-9c22-e6a69f27f6ac
ARCHIVE_MONTH_END,archived,archived.provider_framework,silver.provider_framework,2026-08-20 00:00:00.000000,SUCCESS,False,1,f500acd5-ceed-482d-8a90-6af3cd75d312,295.0,295.0,0.0,2026-08-21 09:54:17.541176,2026-08-21 09:54:31.724491,,2026-08-21 09:54:31.724491,78a97d6e-b4bb-4909-9c22-e6a69f27f6ac
ARCHIVE_MONTH_END,archived,archived.framework_category,silver.framework_category,2026-08-20 00:00:00.000000,SUCCESS,False,1,f500acd5-ceed-482d-8a90-6af3cd75d312,20.0,20.0,0.0,2026-08-21 09:52:40.675761,2026-08-21 09:52:54.093403,,2026-08-21 09:52:54.093403,78a97d6e-b4bb-4909-9c22-e6a69f27f6ac
ARCHIVE_MONTH_END,archived,archived.ipa_additional_fee,silver.ipa_additional_fee,2026-08-20 00:00:00.000000,SUCCESS,False,1,f500acd5-ceed-482d-8a90-6af3cd75d312,2.0,2.0,0.0,2026-08-21 10:02:39.439101,2026-08-21 10:02:52.486400,,2026-08-21 10:02:52.486400,78a97d6e-b4bb-4909-9c22-e6a69f27f6ac
ARCHIVE_MONTH_END,archived,archived.referral_provider,silver.referral_provider,2026-08-20 00:00:00.000000,SUCCESS,False,1,f500acd5-ceed-482d-8a90-6af3cd75d312,65710.0,65710.0,0.0,2026-08-21 09:55:26.090968,2026-08-21 09:55:41.368615,,2026-08-21 09:55:41.368615,78a97d6e-b4bb-4909-9c22-e6a69f27f6ac
ARCHIVE_MONTH_END,archived,archived.provider_home_age,silver.provider_home_age,2026-08-20 00:00:00.000000,SUCCESS,False,1,f500acd5-ceed-482d-8a90-6af3cd75d312,2417.0,2417.0,0.0,2026-08-21 09:56:45.197107,2026-08-21 09:56:59.536419,,2026-08-21 09:56:59.536419,78a97d6e-b4bb-4909-9c22-e6a69f27f6ac
ARCHIVE_MONTH_END,archived,archived.referral_category,silver.referral_category,2026-08-20 00:00:00.000000,SUCCESS,False,1,f500acd5-ceed-482d-8a90-6af3cd75d312,656.0,656.0,0.0,2026-08-21 09:55:04.429240,2026-08-21 09:55:16.968306,,2026-08-21 09:55:16.968306,78a97d6e-b4bb-4909-9c22-e6a69f27f6ac
ARCHIVE_MONTH_END,archived,archived.foster_transport,silver.foster_transport,2026-08-20 00:00:00.000000,SUCCESS,False,1,f500acd5-ceed-482d-8a90-6af3cd75d312,31.0,31.0,0.0,2026-08-21 10:00:38.096614,2026-08-21 10:00:50.772141,,2026-08-21 10:00:50.772141,78a97d6e-b4bb-4909-9c22-e6a69f27f6ac
ARCHIVE_MONTH_END,archived,archived.referral_person,silver.referral_person,2026-08-20 00:00:00.000000,SUCCESS,False,1,f500acd5-ceed-482d-8a90-6af3cd75d312,697.0,697.0,0.0,2026-08-21 09:53:27.618575,2026-08-21 09:53:44.653225,,2026-08-21 09:53:44.653225,78a97d6e-b4bb-4909-9c22-e6a69f27f6ac
ARCHIVE_MONTH_END,archived,archived.holding_company,silver.holding_company,2026-08-20 00:00:00.000000,SUCCESS,False,1,f500acd5-ceed-482d-8a90-6af3cd75d312,684.0,684.0,0.0,2026-08-21 09:51:48.792770,2026-08-21 09:52:05.471603,,2026-08-21 09:52:05.471603,78a97d6e-b4bb-4909-9c22-e6a69f27f6ac
ARCHIVE_MONTH_END,archived,archived.additional_fee,silver.additional_fee,2026-08-20 00:00:00.000000,SUCCESS,False,1,f500acd5-ceed-482d-8a90-6af3cd75d312,340.0,340.0,0.0,2026-08-21 09:59:25.718050,2026-08-21 09:59:38.595248,,2026-08-21 09:59:38.595248,78a97d6e-b4bb-4909-9c22-e6a69f27f6ac
ARCHIVE_MONTH_END,archived,archived.provider_home,silver.provider_home,2026-08-20 00:00:00.000000,SUCCESS,False,1,f500acd5-ceed-482d-8a90-6af3cd75d312,2417.0,2417.0,0.0,2026-08-21 09:54:41.087667,2026-08-21 09:54:55.512416,,2026-08-21 09:54:55.512416,78a97d6e-b4bb-4909-9c22-e6a69f27f6ac
ARCHIVE_MONTH_END,archived,archived.offer_updates,silver.offer_updates,2026-08-20 00:00:00.000000,SUCCESS,False,1,f500acd5-ceed-482d-8a90-6af3cd75d312,10.0,10.0,0.0,2026-08-21 10:01:23.825654,2026-08-21 10:01:38.656517,,2026-08-21 10:01:38.656517,78a97d6e-b4bb-4909-9c22-e6a69f27f6ac
ARCHIVE_MONTH_END,archived,archived.foster_carer,silver.foster_carer,2026-08-20 00:00:00.000000,SUCCESS,False,1,f500acd5-ceed-482d-8a90-6af3cd75d312,44.0,44.0,0.0,2026-08-21 09:59:50.027878,2026-08-21 10:00:06.263065,,2026-08-21 10:00:06.263065,78a97d6e-b4bb-4909-9c22-e6a69f27f6ac
ARCHIVE_MONTH_END,archived,archived.foster_home,silver.foster_home,2026-08-20 00:00:00.000000,SUCCESS,False,1,f500acd5-ceed-482d-8a90-6af3cd75d312,31.0,31.0,0.0,2026-08-21 10:00:15.861910,2026-08-21 10:00:29.137198,,2026-08-21 10:00:29.137198,78a97d6e-b4bb-4909-9c22-e6a69f27f6ac
ARCHIVE_MONTH_END,archived,archived.ipa_child,silver.ipa_child,2026-08-20 00:00:00.000000,SUCCESS,False,1,f500acd5-ceed-482d-8a90-6af3cd75d312,35.0,35.0,0.0,2026-08-21 10:03:02.453264,2026-08-21 10:03:15.941814,,2026-08-21 10:03:15.941814,78a97d6e-b4bb-4909-9c22-e6a69f27f6ac
ARCHIVE_MONTH_END,archived,archived.framework,silver.framework,2026-08-20 00:00:00.000000,SUCCESS,False,1,f500acd5-ceed-482d-8a90-6af3cd75d312,3.0,3.0,0.0,2026-08-21 09:51:19.442447,2026-08-21 09:51:36.141349,,2026-08-21 09:51:36.141349,78a97d6e-b4bb-4909-9c22-e6a69f27f6ac
ARCHIVE_MONTH_END,archived,archived.provider,silver.provider,2026-08-20 00:00:00.000000,SUCCESS,False,1,f500acd5-ceed-482d-8a90-6af3cd75d312,680.0,680.0,0.0,2026-08-21 09:53:03.499461,2026-08-21 09:53:18.210793,,2026-08-21 09:53:18.210793,78a97d6e-b4bb-4909-9c22-e6a69f27f6ac
ARCHIVE_MONTH_END,archived,archived.referral,silver.referral,2026-08-20 00:00:00.000000,SUCCESS,False,1,f500acd5-ceed-482d-8a90-6af3cd75d312,642.0,642.0,0.0,2026-08-21 09:52:15.303890,2026-08-21 09:52:30.553650,,2026-08-21 09:52:30.553650,78a97d6e-b4bb-4909-9c22-e6a69f27f6ac
ARCHIVE_MONTH_END,archived,archived.offer,silver.offer,2026-08-20 00:00:00.000000,SUCCESS,False,1,f500acd5-ceed-482d-8a90-6af3cd75d312,1786.0,1786.0,0.0,2026-08-21 09:55:54.244984,2026-08-21 09:56:11.009359,,2026-08-21 09:56:11.009359,78a97d6e-b4bb-4909-9c22-e6a69f27f6ac
ARCHIVE_MONTH_END,archived,archived.ipa,silver.ipa,2026-08-20 00:00:00.000000,SUCCESS,False,1,f500acd5-ceed-482d-8a90-6af3cd75d312,33.0,33.0,0.0,2026-08-21 10:00:59.796407,2026-08-21 10:01:14.477879,,2026-08-21 10:01:14.477879,78a97d6e-b4bb-4909-9c22-e6a69f27f6ac
